term,zh_cn
Achievement_Xbox_Completed_01,在任务中进行了25次对话选择
Achievement_Xbox_Completed_02,杀了10个任务 BOSS
Achievement_Xbox_Completed_03,已完成10个任务
Achievement_Xbox_Completed_04,已完成30个任务
Achievement_Xbox_Completed_05,已完成60个任务
Achievement_Xbox_Completed_06,已完成100个任务
Achievement_Xbox_Completed_07,已收集布局配方的所有碎片
Achievement_Xbox_Completed_08,已收集 4 个布局配方的所有碎片
Achievement_Xbox_Completed_09,已制作所有布局
Achievement_Xbox_Completed_10,在任务中杀死了500个敌人
Achievement_Xbox_Completed_11,在任务中收集了100个治疗针和100个消辐宁
Achievement_Xbox_Completed_12,分解了500件物品
Achievement_Xbox_Completed_13,制作了10件武器
Achievement_Xbox_Completed_14,制作了10件服装
Achievement_Xbox_Completed_15,制作了一件服装、一件武器和一个布局
Achievement_Xbox_Completed_16,改变了理发店里10位居民的模样
Achievement_Xbox_Description_01,在任务中做出25个对话选择
Achievement_Xbox_Description_02,杀死10个任务 BOSS
Achievement_Xbox_Description_03,完成10个任务
Achievement_Xbox_Description_04,完成30个任务
Achievement_Xbox_Description_05,完成60个任务
Achievement_Xbox_Description_06,完成100个任务
Achievement_Xbox_Description_07,收集所有布局配方的碎片
Achievement_Xbox_Description_08,收集4个布局配方的所有碎片
Achievement_Xbox_Description_09,制作每一个布局
Achievement_Xbox_Description_10,在任务中杀死500个敌人
Achievement_Xbox_Description_11,在任务中收集100个治疗针和100个消辐宁
Achievement_Xbox_Description_12,分解500件物品
Achievement_Xbox_Description_13,制作10件武器
Achievement_Xbox_Description_14,制作10件服装
Achievement_Xbox_Description_15,制作1件服装，一件武器和一个布局
Achievement_Xbox_Description_16,改变理发店里10位居民的模样
Achievement_Xbox_Name_01,净说好话的人
Achievement_Xbox_Name_02,你被开除了!
Achievement_Xbox_Name_03,废土流浪者
Achievement_Xbox_Name_04,城市游侠
Achievement_Xbox_Name_05,幸存者
Achievement_Xbox_Name_06,废土的传说
Achievement_Xbox_Name_07,涂抹肘部润滑脂
Achievement_Xbox_Name_08,装饰者
Achievement_Xbox_Name_09,室内设计师
Achievement_Xbox_Name_10,废土之敌
Achievement_Xbox_Name_11,大制药厂
Achievement_Xbox_Name_12,废品店
Achievement_Xbox_Name_13,武器匠
Achievement_Xbox_Name_14,时装设计师
Achievement_Xbox_Name_15,不仅仅是方便
Achievement_Xbox_Name_16,有点过头了
ActivateRewards,激活奖励
AlreadyExists_VaultName,避难所名已存在
Android_Ask_Notification_Message,你想让《辐射避难所》给你发送通知吗？
Android_Ask_Notification_No,否
Android_Ask_Notification_Title,通知
Android_Ask_Notification_Yes,是
Android_PushNotification_Summary,你的避难所出事了！
AndroidShareViaKey,分享至
Armory_Upgrade_Info,加快【感知】训练速度
Attention,注意
Baby_NewBabyArrived,为新生儿命名！
Baby_ProudParents,喜得贵子的夫妇
Baby_Triplets,三胞胎
Baby_Twins,双胞胎
Bar_Upgrade_Info,加快【魅力】训练速度
BarberShop_CancelCustomization_Message,你消耗的瓶盖将不会返还。是否确定？
BarberShop_FacialFeature,面部特征
BarberShop_HairColor,发色
BarberShop_HairStyle,发型
BarberShop_Interface_Title,自定义
BarberShop_Total_Cost,费用
BarberShop_Total_Time,时间
BarberShop_Upgrade_Info,自定义面部特征
Bonus_AddMaxHP,+{0}% 健康度
Bonus_CheaperCrafting,-{0}% 制作成本
Bonus_ChildMultiplier,{0}% 双胞胎几率
Bonus_ChildSpecialBoost,+{0}儿童SPECIAL属性值
Bonus_DamageBoost,+{0}伤害
Bonus_FasterAndCheaperCrafting,-{0}% 制作耗时和成本
Bonus_FasterCrafting,-{0}% 制作耗时
Bonus_FasterPregnancy,-{0}% 怀孕耗时
Bonus_FasterWastelandReturnSpeed,x{0}废土返回速度
Bonus_HappinessBoost,+{0}% 愉悦度
Bonus_HealingBoost,x{0}回复速度
Bonus_MysteriousMagnet,x{0}陌生人出现几率
Bonus_ObjectiveMultiplier,x{0}目标完成
Bonus_RadHealingBoost,x{0}辐射损伤回复速度
Bonus_Resistance,{0}% 减伤
Bonus_StimpackBoost,治疗针
Bonus_SurvivalGuide_AddMaxHP,健康
Bonus_SurvivalGuide_CheaperCrafting,制作成本
Bonus_SurvivalGuide_ChildMultiplier,双胞胎几率
Bonus_SurvivalGuide_ChildSpecialBoost,儿童SPECIAL属性
Bonus_SurvivalGuide_DamageBoost,伤害
Bonus_SurvivalGuide_FasterAndCheaperCrafting,制作耗时和成本
Bonus_SurvivalGuide_FasterCrafting,制作耗时
Bonus_SurvivalGuide_FasterPregnancy,怀孕耗时
Bonus_SurvivalGuide_FasterWastelandReturnSpeed,废土返回速度
Bonus_SurvivalGuide_HappinessBoost,愉悦度
Bonus_SurvivalGuide_HealingBoost,回复速度
Bonus_SurvivalGuide_MysteriousMagnet,陌生人出现几率
Bonus_SurvivalGuide_ObjectiveMultiplier,目标完成
Bonus_SurvivalGuide_RadHealingBoost,辐射损伤回复速度
Bonus_SurvivalGuide_Resistance,减伤
Bonus_SurvivalGuide_StimpackBoost,治疗针
Bonus_SurvivalGuide_TrainingBoost,训练时间
Bonus_SurvivalGuide_TrainingNonStopBoost,训练时间（持续）
Bonus_SurvivalGuide_WastelandCapsBoost,废土寻获的瓶盖
Bonus_SurvivalGuide_WastelandItemBoost,废土寻获的武器和服装
Bonus_SurvivalGuide_WastelandJunkBoost,废土寻获的垃圾
Bonus_SurvivalGuide_XPBoost,经验值
Bonus_TrainingBoost,-{0}% 训练时间
Bonus_TrainingNonStopBoost,-{0}% 训练时间 (持续)
Bonus_WastelandCapsBoost,废土寻获的瓶盖+{0}%
Bonus_WastelandItemBoost,废土寻获的武器和服装+{0}%
Bonus_WastelandJunkBoost,废土寻获的垃圾+{0}%
Bonus_XPBoost,+{0}% 经验
BottleAndCappyArrivalInVault,瓶瓶和盖盖！
Building_Room,建造中…
BuildOption_APNeeded,瓶盖不足
BuildOption_Build,建造
Button_Accept,接受
Button_Advance,前进
Button_BeginQuest,开始任务
Button_Build,建造
Button_Buy,购买
Button_BuyMore,购买更多
Button_BuyMore_Switch,打开商店
Button_BuyPack,购买礼包
Button_BuyPack_Switch,打开eShop
Button_Cancel,取消
Button_Confirm,确认
Button_Continue,继续
Button_Crafting,制作
Button_Customize,自定义
Button_Dismiss,解雇
Button_DoNotShowAgain,不再显示
Button_Enter,进入！
Button_Evict,驱逐
Button_GotIt,知道了
Button_Ignore,忽略
Button_Instant,立即完成
Button_Job,工作
Button_No,否
Button_NotNow,暂不
Button_Ok,好的
Button_QuantumComplete,完成
Button_QuantumFinish,结束
Button_QuantumSkip,立即到达
Button_QuestList,任务列表
Button_Random,随机
Button_ReloadLater,稍后刷新
Button_ReloadNow,马上刷新
Button_Reset,重置
Button_Sell,出售
Button_Skip,跳过
Button_Sort,分类
Button_StartNow,立即开始
Button_StartQuest,开始任务
Button_Status,状态
Button_Watch,观看
Button_Yes,是
Button_Spin,转动
CameraSensitivity,镜头灵敏度
Casino_Upgrade_Info,加快【幸运】的提升速度
Claim,领取
Claim_Exclamation,获取！
Classroom_Upgrade_Info,加快【智力】训练速度
cloud_newer,较新的
CloudActionImport,输入
CloudActionKeep,保留
CloudActionNewVault,新避难所
CloudActivationFailed,云端激活时发生错误。请检查您的云设置或稍后重试。
CloudConflictDescription,你想要保留哪个存档？
CloudFailedVersionMismatch,你的云存档来自一个较新版本的《辐射避难所》，请更新游戏后重试。
CloudSaveConfirmMessage,你确定你想保留云端存档吗？
CodeOfConduct_ButtonText,行为准则
CodeOfConduct_Legal_Link,https://documents.bethesda.net/en/code-of-conduct
Completed,完成
Controls_Button,控制
Controls_Switch_Vault_ResetCamera_Switch,重置镜头（按下）
Controls_Switch_Vault_Resources_Switch,资源（按下）
Controls_Title,控制
Controls_Xbox_Footer_Collect,收集
Controls_Xbox_Footer_Filter,筛选
Controls_Xbox_Footer_FilterSpecial,筛选/更改SPECIAL排序
Controls_Xbox_Footer_Rename,重命名
Controls_Xbox_Footer_ReverseOrder,反向排序
Controls_Xbox_Footer_Special,更改SPECIAL排序
Controls_Xbox_Quest_Collect,收集
Controls_Xbox_Quest_CriticalHit,暴击（长按）
Controls_Xbox_Quest_MoveCamera,移动镜头
Controls_Xbox_Quest_MoveCursor,移动光标
Controls_Xbox_Quest_MoveToRoom,移动到房间
Controls_Xbox_Quest_PipBoy,哔哔小子
Controls_Xbox_Quest_QuestObjectives,任务目标
Controls_Xbox_Quest_SelectDweller,选择居民
Controls_Xbox_Quest_Settings,设置
Controls_Xbox_Quest_Target,瞄准敌人（长按）
Controls_Xbox_Quest_ZoomIn,放大
Controls_Xbox_Quest_ZoomOut,缩小
Controls_Xbox_Vault_Build,建造
Controls_Xbox_Vault_Clipboard,笔记板
Controls_Xbox_Vault_DwellerList,居民列表
Controls_Xbox_Vault_GrabDweller,抓起居民（长按）
Controls_Xbox_Vault_HappinessBonus,幸福度奖励
Controls_Xbox_Vault_MoveCamera,移动镜头
Controls_Xbox_Vault_MoveCursor,移动光标
Controls_Xbox_Vault_NCQ,量子型核子可乐
Controls_Xbox_Vault_PipBoy,哔哔小子
Controls_Xbox_Vault_ResetCamera,重置镜头（点击）
Controls_Xbox_Vault_ResetCamera_Switch,重置镜头（按下）
Controls_Xbox_Vault_Resources,资源（点击）
Controls_Xbox_Vault_Resources_Switch,资源（按下）
Controls_Xbox_Vault_RoomAction,房间操作
Controls_Xbox_Vault_Screenshot,截图
Controls_Xbox_Vault_SelectDweller,选择居民
Controls_Xbox_Vault_Settings,设置
Controls_Xbox_Vault_SurpriseQuest,探索废土地点
Controls_Xbox_Vault_Upgrade,升级房间
Controls_Xbox_Vault_Wasteland,废土
Controls_Xbox_Vault_ZoomIn,放大
Controls_Xbox_Vault_ZoomOut,缩小
Crafting_Cancel_Confirmation,你使用的垃圾将会全部退还，但是花费的瓶盖只能退还一部分。确定吗？
Crafting_Cancel_Ultracite_Confirmation,你使用的Ultracite将全额退款，但仅退还部分花费的瓶盖。你确定吗？
Crafting_Cost,费用
Crafting_Crafted,生产完成！
Crafting_FragmentsCounter,{0}/{1}发现配方碎片
Crafting_FreeJunk_Main1,这是一些配方和垃圾用来制造武器了和服装，这些武器和服装只能通过制造获得。
Crafting_FreeJunk_Main2,有许多物品无法寻获，只能通过制造获取。这些物品会在制造物品选择界面以“制造图标”标示出来。
Crafting_FreeJunk_Title,制作时间到！
Crafting_InProgress,正在生产
Crafting_Junk_Required,需要配方
Crafting_Start_Confirmation,是否制作{0}？
Crafting_Time,时间
DangerousPermission_WriteExternal,辐射：避难所需要使用媒体和文件来下载额外游戏数据并改善用户体验。
Deathclaw_Name,死亡爪
Deathclaw_Name_Plural,死亡爪
Dojo_Upgrade_Info,加快【敏捷】训练速度
Dweller_AtSurpriseQuest,等待中
Dweller_AtTheEntrance,等待中
Dweller_Baby,儿童
Dweller_CoffeeBreak,休息时间
Dweller_Dead,死亡
Dweller_DiedInVault,已死亡
Dweller_DiedInWasteland,命丧废土
Dweller_EmptySlot,拖到此处
Dweller_EmptyTapSlot,点击此处
Dweller_EmptyTapSlot_PC,点击此处
Dweller_EmptyTapSlot_Xbox,按[A]
Dweller_Escaping,逃跑中
Dweller_InWasteland,探索
Dweller_Last_Name,姓
Dweller_LeavingVault,正在离开避难所
Dweller_Name,名
Dweller_ReturnedFromWasteland,从废土回来了
Dweller_ReturningToVault,正在从废土返回
Dweller_ReturningWasteland,返回中
Dweller_RunToWasteland,正在退出避难所
Dweller_Shelter,隐藏
DwellerEquipPanelBonus,奖励
DwellerEquipPanelStats,属性
Emergency_Aliens,外星人袭击
Emergency_Deathclaw,死亡爪
Emergency_Fire,房间着火了
Emergency_Ghouls,狂尸鬼侵袭
Emergency_Molerat,鼹鼠侵袭
Emergency_Radroach,辐射蟑螂肆虐
Emergency_Radscorpions,辐射蝎侵袭
Emergency_Raiders,掠夺者袭击
Emergency_Scorched,焦化兽袭击
Encounet_Progression_Creature1,得赶在这条野狗撕碎我之前把它给解决了！
Encounet_Progression_Creature10,妖怪来了，准备战斗。
Encounet_Progression_Creature11,这头狂尸鬼发狂了！它正向我冲过来！
Encounet_Progression_Creature12,狂尸鬼来了，准备战斗。
Encounet_Progression_Creature13,巨蚁的触须在不停地摆动。它要来大开杀戒了！
Encounet_Progression_Creature14,巨蚁来了，准备战斗。
Encounet_Progression_Creature15,我没看见拾荒者，但他的狗在到处转悠，随时准备咬人！
Encounet_Progression_Creature16,拾荒者的狗来了，准备战斗。
Encounet_Progression_Creature17,巨型工蚁亮出巨钳向我袭来！
Encounet_Progression_Creature18,巨型工蚁来了，准备战斗。
Encounet_Progression_Creature19,我不知道如何杀死这只辐射蝎，但我得试试！
Encounet_Progression_Creature2,野狗来了，准备战斗。
Encounet_Progression_Creature20,辐射蝎来了，准备战斗。
Encounet_Progression_Creature21,巨型兵蚁认为我是威胁！它开始攻击了！
Encounet_Progression_Creature22,巨型兵蚁来了，准备战斗。
Encounet_Progression_Creature23,一只火蚁士兵？看上去它不像是真的能喷火。是时候战斗了！
Encounet_Progression_Creature24,火蚁士兵来了，准备战斗。
Encounet_Progression_Creature25,护卫犬不让我过去。我必须杀了它才能通过！
Encounet_Progression_Creature26,护卫犬来了，准备战斗。
Encounet_Progression_Creature27,从没想过我会怕昆虫，但这只火蚁勇士可不是闹着玩的！
Encounet_Progression_Creature28,火蚁勇士来了，准备战斗。
Encounet_Progression_Creature29,这只泥沼蟹不过就是块长了脚的螃蟹蛋糕！是时候吃点心了！
Encounet_Progression_Creature3,才一只鼹鼠？它已经跟死了没差了！
Encounet_Progression_Creature30,泥沼蟹来了，准备战斗。
Encounet_Progression_Creature31,啊啊！那头狂尸鬼漫游者向我爬了过来！
Encounet_Progression_Creature32,狂尸鬼漫游者来了，准备战斗。
Encounet_Progression_Creature33,一只巨型辐射蝎？难道普通大小的蝎子还不够糟吗！到此为止了！
Encounet_Progression_Creature34,巨型辐射蝎来了，准备战斗。
Encounet_Progression_Creature35,我希望我能应付这只泥沼蟹猎杀者！它朝我飞快地冲来！
Encounet_Progression_Creature36,泥沼蟹猎杀者来了，准备战斗。
Encounet_Progression_Creature37,那条恶犬闻到了我的味道！在拼出个你死我活之前它是不会罢休的！
Encounet_Progression_Creature38,恶犬来了，准备战斗。
Encounet_Progression_Creature39,朝我爬了过来！我不认为它是想要个抱抱！
Encounet_Progression_Creature4,鼹鼠来了，准备战斗。
Encounet_Progression_Creature40,多脚怪来了，准备战斗。
Encounet_Progression_Creature41,如果我粗心大意，狂尸鬼掠夺者会把我撕碎！
Encounet_Progression_Creature42,狂尸鬼掠夺者来了，准备战斗。
Encounet_Progression_Creature43,我怎样才能从死亡爪的攻击下存活下来？！
Encounet_Progression_Creature44,死亡爪来了，准备战斗。
Encounet_Progression_Creature45,英克雷死亡爪被训练成杀戮机器，这将会是场拼死的搏斗！
Encounet_Progression_Creature46,英克雷死亡爪来了，准备战斗。
Encounet_Progression_Creature47,在这个超级变种人看来，所有人类都不过是弱小的臭虫，所以他想杀了我！
Encounet_Progression_Creature48,超级变种人来了，准备战斗。
Encounet_Progression_Creature49,一个超级变种人大师！这家伙可不是开玩笑的……但是我准备好了！
Encounet_Progression_Creature5,像拍死小昆虫那样拍死这只肿头蛾！
Encounet_Progression_Creature50,超级变种人大师来了，准备战斗。
Encounet_Progression_Creature51,超级变种人霸主是他们这一类中最强壮的！幸运的话，我能活下来！
Encounet_Progression_Creature52,超级变种人霸主来了，准备战斗。
Encounet_Progression_Creature53,一头超级变种巨兽？没开玩笑吧？这就像是在跟一座大楼战斗！
Encounet_Progression_Creature54,超级变种巨兽来了，准备战斗。
Encounet_Progression_Creature6,肿头蛾来了，准备战斗。
Encounet_Progression_Creature7,我会把这只辐射蟑螂踩扁的，完全不用担心！
Encounet_Progression_Creature8,辐射蟑螂来了，准备战斗。
Encounet_Progression_Creature9,这只妖怪蓄势待发！它把我当成了午餐！
Encounet_Progression_Location1,试图找到一条通往广播塔的路。
Encounet_Progression_Location10,很久很久没有人在这里吃过东西了。
Encounet_Progression_Location11,这个地方看上去被封锁了，但我应该能找条路进去。
Encounet_Progression_Location12,这地方的人看上去一点也不友善，我得小心处事。
Encounet_Progression_Location13,一场合成人和超级变种人的战斗把我困在了一个有化学工作站的房间。
Encounet_Progression_Location14,似乎有一只死亡爪把这座博物馆当成了自己的家！
Encounet_Progression_Location15,工厂的大部分地方都被淹没了。我要潜到水下去才能探索所有地方。
Encounet_Progression_Location16,我在里面发现了一扇堵住的门。这儿有把斧子，我可以用它把门劈开。
Encounet_Progression_Location17,主楼层什么也没有。向地下室前进。
Encounet_Progression_Location2,尝试躲开那些掠夺者。
Encounet_Progression_Location3,搜索废弃小屋。
Encounet_Progression_Location4,尝试撬开冰箱门。
Encounet_Progression_Location5,尝试打开保险箱。
Encounet_Progression_Location6,尝试打开通往大无敌超市的门。
Encounet_Progression_Location7,这些奴隶杀了他们的主人之后，现在正在逃亡。
Encounet_Progression_Location8,尝试解放这些奴隶。
Encounet_Progression_Location9,探索加油站。
Encounet_Progression_NPC1,逃亡的奴隶被击中了腿，他走不了多远了。
Encounet_Progression_NPC10,他需要护理，我也许能帮他。
Encounet_Progression_NPC2,尝试给受伤的警长做些包扎，他现在非常痛苦。
Encounet_Progression_NPC3,这个尸鬼丑陋无比，但是一点儿也不凶猛。实际上，她看上去十分友好。
Encounet_Progression_NPC4,商人对以物换物的交易十分感兴趣。
Encounet_Progression_NPC5,鹰爪公司的佣兵十分谨慎，但并没有敌意。
Encounet_Progression_NPC6,猎人在追踪一头妖怪，并且他需要帮忙。
Encounet_Progression_NPC7,醉汉愿意分我一杯酒。
Encounet_Progression_NPC8,尝试让兄弟会侦察队相信我没有恶意。
Encounet_Progression_NPC9,我正带一个迷路的农民去最近的住所。
Encounter_Defeat_Creature1,野狗咬伤了我的腿！只能跛着脚走了！
Encounter_Defeat_Creature10,辐射蝎差点就用刺刺穿了我！真是够了！
Encounter_Defeat_Creature11,巨型兵蚁伤到了我！我正在流血……以及逃跑！
Encounter_Defeat_Creature12,火蚁士兵把我的衣服点着了！我打不过它！
Encounter_Defeat_Creature13,护卫犬完全不想让我通过！撤退吧！
Encounter_Defeat_Creature14,火蚁勇士把我烧得很惨！该跑路去处理伤口了！
Encounter_Defeat_Creature15,我的头差点被泥沼蟹用螯剪了下来！逃跑中！
Encounter_Defeat_Creature16,狂尸鬼漫游者疯狂地攻击我！我还是跑吧！
Encounter_Defeat_Creature17,我不肯能打得过这只巨型辐射蝎并存活下来！是时候跑路了！
Encounter_Defeat_Creature18,泥沼蟹追猎者的行动速度太快了！要么就跑路，要么就等死！
Encounter_Defeat_Creature19,恶犬在我来得及作出反应之前就咬了我！我负伤逃跑了！
Encounter_Defeat_Creature2,鼹鼠咬破了我的靴子！在我丢了自己的脚之前赶紧逃吧！
Encounter_Defeat_Creature20,多脚怪又丑又危险！我最好还是逃吧！
Encounter_Defeat_Creature21,狂尸鬼掠夺者太强大了，完全无法战胜！我差点就没能活着逃走！
Encounter_Defeat_Creature22,与死亡爪作战？我一定是疯了！我得赶紧跑！
Encounter_Defeat_Creature23,英克雷死亡爪被训练来清除一切挡道的东西！我得赶紧跑！
Encounter_Defeat_Creature24,我不可能打败这个超级变种人！是时候跑路了！
Encounter_Defeat_Creature25,看来与超级变种人大师作战是一个非常愚蠢的主意！赶紧跑吧！
Encounter_Defeat_Creature26,超级变种人霸主太强大了！我得试试能不能跑掉！
Encounter_Defeat_Creature27,不可能打败这头超级变种巨兽！只能逃跑了！
Encounter_Defeat_Creature3,我还没准备好应付肿头蛾的刺！是时候跑了！
Encounter_Defeat_Creature4,辐射蟑螂速度太快了！我受够了！
Encounter_Defeat_Creature5,我真是疯了才会去惹这头妖怪！希望能逃走！
Encounter_Defeat_Creature6,狂尸鬼比看上去要强壮多了！我得离开这！
Encounter_Defeat_Creature7,巨蚁在我的手臂上狠狠咬了一口！我逃了！
Encounter_Defeat_Creature8,拾荒者的狗太顽强了！我打不过它！
Encounter_Defeat_Creature9,巨型工蚁十分无情！没必要与它战斗！
Encounter_Defeat_Location1,无线电发射塔的入口被完全堵住了，没有办法进去。
Encounter_Defeat_Location10,我在废弃的餐厅找到了掠夺者的迹象，最好赶紧离开。
Encounter_Defeat_Location11,二楼的一扇窗户可能进得去，但我够不到。
Encounter_Defeat_Location12,我不小心侮辱了其中一个商人，我得冒着枪林弹雨逃跑了。
Encounter_Defeat_Location13,我混合了错误的化学品，弄出了一片烟雾，但至少这掩护了我的逃离。
Encounter_Defeat_Location14,我逃上了后楼梯，从一扇窗户爬了下去，安全了。
Encounter_Defeat_Location15,我没法长时间屏气，所以慌慌忙忙地返回了。
Encounter_Defeat_Location16,斧头太重了，我没法把它举到足够的高度来挥出有力的一击。
Encounter_Defeat_Location17,一群泥沼蟹抢在我之前行动了。我差点就没逃出来。
Encounter_Defeat_Location2,掠夺者发现了我！我得跑了。
Encounter_Defeat_Location3,废弃小屋里什么也没有，是时候前进了。
Encounter_Defeat_Location4,冰箱门卡住了，我没办法把它撬开。
Encounter_Defeat_Location5,我不会开锁，所以我永远都无法知道里面有什么了……
Encounter_Defeat_Location6,我撬不开锁，还是放弃探索大无敌超市吧。
Encounter_Defeat_Location7,奴隶们不信任我，他们全跑了。
Encounter_Defeat_Location8,奴隶营守卫森严，我无法凭一己之力帮助那些穷人。
Encounter_Defeat_Location9,加油站被搜刮干净了，连油桶都空了。
Encounter_Defeat_NPC1,奴隶的腿溃烂了，我什么忙也帮不上。
Encounter_Defeat_NPC10,不，我错了，修复巧手先生对我来说太需要技巧了。
Encounter_Defeat_NPC2,血太多了，我完全止不住。恐怕警长支撑不了多久了。
Encounter_Defeat_NPC3,大概我没有自己想的那么有魅力，尸鬼拒绝再跟我交谈。
Encounter_Defeat_NPC4,看来我得寸进尺了，商人不太喜欢我提出的交易。
Encounter_Defeat_NPC5,鹰爪公司佣兵举起了枪并警告我离开，我照做了。
Encounter_Defeat_NPC6,我无法定位妖怪的位置，猎人觉得我一点用都没有。
Encounter_Defeat_NPC7,醉汉认为我喝得太多了，他拿着酒瓶愤怒地离开了。
Encounter_Defeat_NPC8,兄弟会侦察队不信任我。他们命令我离开，否则就开枪。
Encounter_Defeat_NPC9,我找不到住所。迷路的农民的情况更加糟糕了。
Encounter_Defeat_Repeatable_JunkLocation1,我做不到，我不够强大。
Encounter_Defeat_Repeatable_JunkLocation10,这令他们更加愤怒了，我在避开它们跑向出口的时候被抓伤了。
Encounter_Defeat_Repeatable_JunkLocation11,它还在跑，但我精疲力尽了，现在不可能追得上它。
Encounter_Defeat_Repeatable_JunkLocation12,我平安无事地逃到了距离最近的森林。
Encounter_Defeat_Repeatable_JunkLocation2,真是手贱！我跑出去的同时，身后的建筑都慢慢倒塌了。
Encounter_Defeat_Repeatable_JunkLocation3,我没办法靠得太近，湖中的辐射污染让我直犯恶心。
Encounter_Defeat_Repeatable_JunkLocation4,这间房的安保措施太先进了，我没法打开它。
Encounter_Defeat_Repeatable_JunkLocation5,我没注意到那个刀片陷阱，它差点把我的头削下来。我最好往回跑吧。
Encounter_Defeat_Repeatable_JunkLocation6,没用，他们不肯开门。我猜我最好继续前进。
Encounter_Defeat_Repeatable_JunkLocation7,踩到了一串锡罐，赶紧跑！
Encounter_Defeat_Repeatable_JunkLocation8,这儿什么也没了。我不感到惊讶，但它仍然令我十分沮丧。
Encounter_Defeat_Repeatable_JunkLocation9,这是一次注定失败的行动，我完全理不清这些线和电容。
Encounter_Effect_Damage,受到了{0}伤害。
Encounter_Effect_Experience,得到了{0}经验。
Encounter_Effect_Gear,找到了一个{0}。
Encounter_Effect_Item,还找到了{0}。
Encounter_Effect_Radiation,受到了{0}点辐射伤害
Encounter_Intro_Creature1,观察到{0}
Encounter_Intro_Creature2,检测到{0}
Encounter_Intro_Creature3,鉴定出{0}
Encounter_Intro_Creature4,发现{0}
Encounter_Intro_Creature5,找到{0}
Encounter_Intro_Creature6,看到{0}
Encounter_Intro_Location1,定位了{0}
Encounter_Intro_Location2,找到{0}
Encounter_Intro_Location3,来到{0}
Encounter_Intro_Location4,到达{0}
Encounter_Intro_Location5,发现{0}
Encounter_Intro_Location6,蹒跚穿过{0}
Encounter_Intro_NPC1,检测到{0}
Encounter_Intro_NPC2,遇到{0}
Encounter_Intro_NPC3,定位了{0}
Encounter_Intro_NPC4,找到{0}
Encounter_Intro_NPC5,发现{0}
Encounter_Intro_NPC6,遇到{0}
Encounter_Journal_Message26,探索者日志。最新记录：俏男孩夹心蛋糕很好地维持了生计。
Encounter_Journal_Message27,探索者日志。最新记录：无论是谁，取名叫“死亡爪”，都不是闹着玩儿的。
Encounter_Journal_Message28,探索者日志。最新记录：基础公共设施全部被拆。
Encounter_Journal_Message29,探索者日志。最新记录：在废土，随便信任别人只会让你身陷死亡威胁。
Encounter_Journal_Message30,探索者日志。最新记录：一些战前机器人保存了下来，但是程序经常出错。
Encounter_Journal_Message31,探索者日志。最新记录：旧的正派宗教大多都消失了，取而代之的都是些邪教。
Encounter_Journal_Message32,探索者日志。最新记录：每个人都全副武装，枪支早就司空见惯了。
Encounter_Journal_Message33,探索者日志。最新记录：时尚已经灭绝了，什么能让你活命你就穿什么。
Encounter_Journal_Message34,探索者日志。最新记录：电视已经没用了，无线电广播倒是变得常见了。
Encounter_Journal_Message35,探索者日志。最新记录：旧建筑里面有补给，但是通常被保护起来了。
Encounter_Journal_Message36,探索者日志。最新记录：放眼望去，看到的都是死亡、痛苦，以及……希望。
Encounter_Journal_Message37,探索者日志。最新记录：我见到了许多孩子，家庭。生活还在继续。
Encounter_Journal_Message38,探索者日志。最新记录：婚姻仍然很常见，你无法扼杀爱情。
Encounter_Journal_Message39,探索者日志。最新记录：辐射蝎。毒刺加巨螯能让你一命呜呼。
Encounter_Journal_Message40,探索者日志。最新记录：撬锁是通行的必备技能。
Encounter_Journal_Message41,探索者日志。最新记录：对于许多仍在运作的终端机，入侵系统成了必然。
Encounter_Journal_Message42,探索者日志。最新记录：想要生存下来，医疗训练是必需的。
Encounter_Journal_Message43,探索者日志。最新记录：钢铁兄弟会热爱科技，甚至是崇拜。
Encounter_Journal_Message44,探索者日志。最新记录：练习使用各类枪支也成了必需。
Encounter_Journal_Message45,探索者日志。最新记录：音乐，绘画，舞蹈。艺术和文化存活了下来。
Encounter_Message_Creature1,一条野狗，愤怒地低吠着。
Encounter_Message_Creature10,一只辐射蝎。
Encounter_Message_Creature11,一只巨型兵蚁。
Encounter_Message_Creature12,一只火蚁士兵。
Encounter_Message_Creature13,一条护卫犬，看守着这片区域。
Encounter_Message_Creature14,一只火蚁勇士。
Encounter_Message_Creature15,一只藤壶外壳的泥沼蟹。
Encounter_Message_Creature16,一个疯狂的狂尸鬼漫游者。
Encounter_Message_Creature17,一只巨型辐射蝎
Encounter_Message_Creature18,一只泥沼蟹猎杀者
Encounter_Message_Creature19,一条恶犬，正撕扯着一具尸体。
Encounter_Message_Creature2,一只可怕的小鼹鼠。
Encounter_Message_Creature20,一头恶心的多脚怪。
Encounter_Message_Creature21,一个危险的狂尸鬼掠夺者。
Encounter_Message_Creature22,一只致命的死亡爪。
Encounter_Message_Creature23,一只英克雷死亡爪。
Encounter_Message_Creature24,一个超级变种人。
Encounter_Message_Creature25,一个超级变种人大师。
Encounter_Message_Creature26,一个超级变种人霸主。
Encounter_Message_Creature27,一只庞大的超级变种巨兽。
Encounter_Message_Creature3,一只肿头蛾在很近的地方嗡嗡作响。
Encounter_Message_Creature4,一只恶心的辐射蟑螂。
Encounter_Message_Creature5,一只吓人的妖怪！
Encounter_Message_Creature6,一只游荡的狂尸鬼。
Encounter_Message_Creature7,一只巨蚁。
Encounter_Message_Creature8,一只拾荒者的狗，嗅着残骸。
Encounter_Message_Creature9,一只巨型工蚁。
Encounter_Message_Location1,一座老旧的，废弃的广播塔。
Encounter_Message_Location10,仿佛是一间废弃餐厅。
Encounter_Message_Location11,看上去像一间国家警卫队仓库。
Encounter_Message_Location12,芳邻镇。
Encounter_Message_Location13,C.I.T.废墟。
Encounter_Message_Location14,巫术博物馆。
Encounter_Message_Location15,韦斯顿净水厂。
Encounter_Message_Location16,虎不理漫画总部。
Encounter_Message_Location17,谷内啤酒厂。
Encounter_Message_Location2,一队掠夺者，正在搜寻恐吓目标。
Encounter_Message_Location3,一间废弃的小屋。
Encounter_Message_Location4,一台旧冰箱。里面可能有东西。
Encounter_Message_Location5,一个上了锁的保险箱。
Encounter_Message_Location6,一家大无敌超市。
Encounter_Message_Location7,一小群在逃的奴隶。
Encounter_Message_Location8,一处戒备森严的奴隶营。
Encounter_Message_Location9,一家废弃的加油站。
Encounter_Message_NPC1,一位逃亡的奴隶。
Encounter_Message_NPC10,一个出故障的巧手先生。
Encounter_Message_NPC2,一位受伤的警长。
Encounter_Message_NPC3,一个行走的尸鬼。
Encounter_Message_NPC4,一位游荡的商人。
Encounter_Message_NPC5,一群鹰爪公司佣兵。
Encounter_Message_NPC6,一个猎人。
Encounter_Message_NPC7,一个醉汉。
Encounter_Message_NPC8,一支兄弟会侦察队。
Encounter_Message_NPC9,一位迷路的农民。他又累又害怕。
Encounter_Message_Repeatable_JunkLocation1,一间封住的便利店。
Encounter_Message_Repeatable_JunkLocation10,一个林间黑暗洞穴。
Encounter_Message_Repeatable_JunkLocation11,一个大篷车商人在追赶一头受惊的双头牛。
Encounter_Message_Repeatable_JunkLocation12,一片广阔的空地，不可能从这穿过却不被发现。
Encounter_Message_Repeatable_JunkLocation2,一处空空的，几乎要倒塌的掠夺者藏身地。
Encounter_Message_Repeatable_JunkLocation3,一个被辐射污染的湖。
Encounter_Message_Repeatable_JunkLocation4,地下室一间被封起来的房间
Encounter_Message_Repeatable_JunkLocation5,一幢很大的公寓楼。
Encounter_Message_Repeatable_JunkLocation6,一个戒备森严的幸存者哨站。
Encounter_Message_Repeatable_JunkLocation7,一群吵闹的原子教会的孩子封住了路。
Encounter_Message_Repeatable_JunkLocation8,一栋老旧的大厦，很久之前就被洗劫一空。
Encounter_Message_Repeatable_JunkLocation9,一家机器人工厂，外面散落着保安机器人的碎片。
Encounter_Progression_JustStartedTier1_1,开始吧。
Encounter_Progression_JustStartedTier1_10,好的，废土，我来了！
Encounter_Progression_JustStartedTier1_11,啊，难怪人们都叫它废土。
Encounter_Progression_JustStartedTier1_12,是的，一切都被破坏了。
Encounter_Progression_JustStartedTier1_13,好吧，这有点……令人沮丧。
Encounter_Progression_JustStartedTier1_14,我会让整个避难所都为我骄傲的，等着瞧吧。
Encounter_Progression_JustStartedTier1_15,我出发了！
Encounter_Progression_JustStartedTier1_16,还以为我永远都不会离开那儿。
Encounter_Progression_JustStartedTier1_17,这太令人兴奋了！
Encounter_Progression_JustStartedTier1_18,我准备好迎接一切了。
Encounter_Progression_JustStartedTier1_19,来吧，废土，让我看看你有什么本事！
Encounter_Progression_JustStartedTier1_2,终于，呼吸到新鲜空气了。
Encounter_Progression_JustStartedTier1_20,好的，我能做到的。
Encounter_Progression_JustStartedTier1_3,我不会走得太远，以防万一。
Encounter_Progression_JustStartedTier1_4,这看起来没那么糟。
Encounter_Progression_JustStartedTier1_5,再次出发去大峡谷！
Encounter_Progression_JustStartedTier1_6,比我预期要亮的多。
Encounter_Progression_JustStartedTier1_7,哇，外面一直是这么热吗？
Encounter_Progression_JustStartedTier1_8,我们走吧！
Encounter_Progression_JustStartedTier1_9,我很好奇还剩下什么？
Encounter_Progression_JustStartedTier2_1,我不知道我徒步能走多久。
Encounter_Progression_JustStartedTier2_10,我的脚已经开始酸痛了。
Encounter_Progression_JustStartedTier2_11,开始后悔跑到外面来了。
Encounter_Progression_JustStartedTier2_12,也许我一点也不适合到外面来探索。
Encounter_Progression_JustStartedTier2_13,我不会空手回去……我不会空手回去……
Encounter_Progression_JustStartedTier2_14,整个避难所都指望着我呢，我得加把劲。
Encounter_Progression_JustStartedTier2_15,这条路看起来行得通。
Encounter_Progression_JustStartedTier2_16,我迟早会碰见其他人的。
Encounter_Progression_JustStartedTier2_17,我真的不想在这儿被吃掉……
Encounter_Progression_JustStartedTier2_18,如果我死在这儿，他们也完全不会知道……
Encounter_Progression_JustStartedTier2_19,这条路跟其他的无差。
Encounter_Progression_JustStartedTier2_2,超级变种人不过是虚构的……对吗？
Encounter_Progression_JustStartedTier2_20,外面一定有什么东西。
Encounter_Progression_JustStartedTier2_3,这还没那么糟，也许我们都应该离开避难所……
Encounter_Progression_JustStartedTier2_4,希望我能找到回去的路。
Encounter_Progression_JustStartedTier2_5,我会带上尽可能多的东西然后返回。
Encounter_Progression_JustStartedTier2_6,如果我能找到一盒糖衣炸弹麦片那就死而无憾了。
Encounter_Progression_JustStartedTier2_7,我猜我得走……那条路。
Encounter_Progression_JustStartedTier2_8,也许我应该扔点面包屑标记路线的。
Encounter_Progression_JustStartedTier2_9,这条路看起来走得通。
Encounter_Progression_Repeatable_JunkLocation1,尝试把封住前门的木板给拆掉。
Encounter_Progression_Repeatable_JunkLocation10,我被一家子妖怪困在了洞穴里，得试着让他们平静下来。
Encounter_Progression_Repeatable_JunkLocation11,帮商人追上那头双头牛。那东西太快了！
Encounter_Progression_Repeatable_JunkLocation12,快速穿过空地的时候尽量弯腰靠近地面。
Encounter_Progression_Repeatable_JunkLocation2,探索藏身处中，走错一步就会让我的人头落地。
Encounter_Progression_Repeatable_JunkLocation3,有东西在岸边漂着，我得把它弄过来看看。
Encounter_Progression_Repeatable_JunkLocation4,入侵系统终端机把门打开。
Encounter_Progression_Repeatable_JunkLocation5,在周围寻找一下补给，但这个地方到处是陷阱。
Encounter_Progression_Repeatable_JunkLocation6,说服他们让我进去，我好休息一下。
Encounter_Progression_Repeatable_JunkLocation7,绕路走太费时间了，我要试着潜过营地。
Encounter_Progression_Repeatable_JunkLocation8,找找大厦里面剩没剩下还能用的东西。
Encounter_Progression_Repeatable_JunkLocation9,门被封住了，如果能修好保安机器人的激光臂就能把门炸开。
Encounter_Random_Message1,也许我该走这条路。
Encounter_Random_Message10,我回去以后一定得洗个澡。
Encounter_Random_Message100,风呜呜地刮着，像是有人在低吟。
Encounter_Random_Message101,你好？有人听得见吗？
Encounter_Random_Message102,你开始出现幻觉了。
Encounter_Random_Message103,这座山看上去是一个非常好的据点。
Encounter_Random_Message104,哇！我被石堆绊倒了。
Encounter_Random_Message105,我的哔哔小子这时候就派上用场了。
Encounter_Random_Message106,恶！我好臭。
Encounter_Random_Message107,我的鞋底都磨破了。
Encounter_Random_Message108,到处都是灰尘。
Encounter_Random_Message109,哦，太好了，下坡路。走起来轻松多了。
Encounter_Random_Message11,是不是有人跟着我？
Encounter_Random_Message110,让我爬过这乱石堆。
Encounter_Random_Message111,我得从这座被毁掉的建筑中抄近路。
Encounter_Random_Message112,那些建筑全都倒塌在了街上。
Encounter_Random_Message113,现在我能体会到韩塞尔和格蕾特的感受了。
Encounter_Random_Message114,我到家的时候能冲个澡一定舒服极了。
Encounter_Random_Message115,那是……音乐吗？可能附近有台收音机？
Encounter_Random_Message116,看到了烟雾。可能是营火，或是其他什么……
Encounter_Random_Message117,一个旧消防站，连消防员也无法拯救世界于业火之中。
Encounter_Random_Message118,也许我得沿着这条路前进一会儿。
Encounter_Random_Message119,我该向东走吗？
Encounter_Random_Message12,这些痕迹——是人类还是其他什么东西留下的？
Encounter_Random_Message120,我该向北走吗？
Encounter_Random_Message121,我该向西走吗？
Encounter_Random_Message122,我该向南走吗？
Encounter_Random_Message123,也许我该向东走一段路。
Encounter_Random_Message124,也许我该向北走一段路。
Encounter_Random_Message125,也许我该向西走一段路。
Encounter_Random_Message126,也许我该向南走一段路。
Encounter_Random_Message127,探索者日志。最新记录：废土是个残酷的，冷漠的地方。
Encounter_Random_Message128,探索者日志。最新记录：好想吃汉堡扒！
Encounter_Random_Message129,探索者日志。最新记录：总是觉得渴。需要保持水分。
Encounter_Random_Message13,你好？有人在吗？
Encounter_Random_Message130,探索者日志。最新记录：没了。什么都没了。
Encounter_Random_Message131,探索者日志。最新记录：车堆满在路上。但是没有一辆还能开。
Encounter_Random_Message132,探索者日志。最新记录：好多骷髅。这个世界就是一座大型坟场。
Encounter_Random_Message133,探索者日志。最新记录：有些战前食物还能吃。用防腐剂保存下来了。
Encounter_Random_Message134,探索者日志。最新记录：法律和秩序已经不复存在了。
Encounter_Random_Message135,探索者日志。最新记录：整个世界大部分仍处于辐射状态。
Encounter_Random_Message136,探索者日志。最新记录：动植物都看起来十分……诡异。
Encounter_Random_Message137,探索者日志。最新记录：生命总是握紧机会出现，茁壮生长。
Encounter_Random_Message138,探索者日志。最新记录：许多建筑仍保留了下来。虽然大面积受损。
Encounter_Random_Message139,探索者日志。最新记录：大部分水都不能喝了，辐射太严重。
Encounter_Random_Message14,那是什么？
Encounter_Random_Message140,探索者日志。最新记录：现在到处都把瓶盖当做货币流通。
Encounter_Random_Message141,探索者日志。最新记录：奴隶贩子欺凌弱小，让我很心痛。
Encounter_Random_Message142,探索者日志。最新记录：食物短缺，所以有些人不得不开始吃人肉。
Encounter_Random_Message143,探索者日志。最新记录：妖怪是一种凶猛的，变异的熊。
Encounter_Random_Message144,探索者日志。最新记录：尸鬼是受辐射变异的人类。已经完全没有原来的外形了。
Encounter_Random_Message145,探索者日志。最新记录：到处都有掠夺者。偷窃。谋杀。
Encounter_Random_Message146,探索者日志。最新记录：狂尸鬼基本上就是丧尸了，必须避开。
Encounter_Random_Message147,探索者日志。最新记录：鼹鼠一点都不可爱……
Encounter_Random_Message148,探索者日志。最新记录：超级变种人憎恨人类，他们见人就杀。
Encounter_Random_Message149,探索者日志。最新记录：巨蚁就是，巨大的蚂蚁。
Encounter_Random_Message15,整个避难所都指望着我了。我不能让他们失望。
Encounter_Random_Message150,探索者日志。最新记录：辐射蟑螂，它们真的能从任何灾难中存活下来。
Encounter_Random_Message151,探索者日志。最新记录：军队已经不复存在，取而代之的是雇佣兵集团。
Encounter_Random_Message152,探索者日志。最新记录：大部分狗都不再是人类最好的朋友了。
Encounter_Random_Message153,探索者日志。最新记录：松鼠比你想象中好吃多了。
Encounter_Random_Message154,探索者日志。最新记录：我认为我看到了一架UFO，但应该不太可能……
Encounter_Random_Message155,探索者日志。最新记录：海洋生物现在极度危险，虽然还是很好吃。
Encounter_Random_Message156,探索者日志。最新记录：以前日落是很浪漫的，而如今却让人恐惧。惧怕黑夜。
Encounter_Random_Message157,探索者日志。最新记录：真的很饿，很好奇人肉尝起来像不像鸡肉呢。
Encounter_Random_Message158,探索者日志。最新记录：超级变种人很大块头，超级变种巨兽就更别提了。
Encounter_Random_Message159,探索者日志。最新记录：钱已经被苏打水瓶盖取代了，手总是弄得黏黏的。
Encounter_Random_Message16,看到云了，希望不会下雨。
Encounter_Random_Message160,探索者日志。最新记录：漫画都错了，辐射并不会赋予一个人超能力。
Encounter_Random_Message161,探索者日志。最新记录：爱并不能征服一切，核武器倒是可以。
Encounter_Random_Message162,探索者日志。最新记录：大的并不总是好的，比如——蟑螂和蝎子。
Encounter_Random_Message163,探索者日志。最新记录：超级变种人是没有性别的。在转变之前，有些超级变种人是女性。
Encounter_Random_Message164,探索者日志。最新记录：到处都有垃圾，但是它们用途广泛。
Encounter_Random_Message165,探索者日志。最新记录：动力装甲仍然存在，但很稀有，它能提供最大的保护。
Encounter_Random_Message166,探索者日志。最新记录：找到一个愿意分享食物的胖子，能让你多活一天。
Encounter_Random_Message167,探索者日志。最新记录：有许多巧手先生保存了下来，但是行为古怪，用一个词来形容就是，“血腥狂人”？
Encounter_Random_Message168,探索者日志。最新记录：水果和蔬菜还能长，但是都发生了突变，就像许多其他事物。
Encounter_Random_Message169,探索者日志。最新记录：现在到处都是自制武器，人类仍然精于自相残杀。
Encounter_Random_Message17,我要沿着这条路走看看它通向哪里。
Encounter_Random_Message170,探索者日志。最新记录：收音机被广泛使用，仍旧是一项十分有效的交流工具。
Encounter_Random_Message171,探索者日志。最新记录：我们错了，猫事实上并没有灭绝，但还是那么懒。
Encounter_Random_Message172,海报上的那个是……一颗人头吗？好吧，是时候调头往回走了……
Encounter_Random_Message173,除了有氧运动，没有什么东西能让我心跳加快了。
Encounter_Random_Message174,有点饿了，吃些点心吧？
Encounter_Random_Message175,哈，那个闪烁的东西是什么？“天呐我竟然在一片雷区”这样的感觉如何？现在开始慢慢前进……
Encounter_Random_Message176,看啊，一家遭到破坏的披萨店。也许我们回去以后能来个避难所披萨之夜。
Encounter_Random_Message177,到处都有以前的货币，但我认为你无法把它们带走。
Encounter_Random_Message178,一架旧军用运输机。看起来军人们试图维持秩序，可能只维持了一小会儿。
Encounter_Random_Message179,那只在低吠的是……狗？狼？还是更糟？
Encounter_Random_Message18,一个岔路口，向左还是向右？让我们去左边看看吧。
Encounter_Random_Message180,我得走这条路。
Encounter_Random_Message181,最好把头低下一点。
Encounter_Random_Message182,我的水疱上又长了水疱，好痛。
Encounter_Random_Message183,走路走得好累，我愿用一座城池换一辆自行车。
Encounter_Random_Message184,所有事情都考虑周全了，探险进行得很顺利。
Encounter_Random_Message185,你好？有人吗？没有，我想只有我一个人。
Encounter_Random_Message186,你知道，在外面也没那么糟啦。至少有时不是那么糟。
Encounter_Random_Message187,辐射探测器疯了似的，一定是因为那些绿色的桶……
Encounter_Random_Message188,呜哇！摔了一跤。还得更小心才是。
Encounter_Random_Message189,就这么走过去吧。嗷！扭到了脚踝！
Encounter_Random_Message19,一个岔路口，向左还是向右呢？我想还是去右边吧。
Encounter_Random_Message190,所有的这些报废的车，但是它们再也跑不起来了。也许“科学”没有搭上诺亚方舟。
Encounter_Random_Message191,那是……一台摩托艇，撞进了教堂的一面墙。这可不是每天都见得到的。
Encounter_Random_Message192,我不知道还有没有活着的大象。
Encounter_Random_Message193,还是跟着血迹走吧。
Encounter_Random_Message194,好渴啊，不知道能不能找到一瓶核子可乐。
Encounter_Random_Message195,一台终端机，希望我能黑进去！
Encounter_Random_Message196,嗯……一个箱子，真希望能把锁打开。我猜里面一定有些好东西。
Encounter_Random_Message197,一个破瓶子，用过的弹夹，血滴……显然是战斗过的迹象。
Encounter_Random_Message198,我觉得我暴露了，该躲起来了。
Encounter_Random_Message199,感觉很怪，就好像有人在监视我……
Encounter_Random_Message2,我真的应该画一张地图的。
Encounter_Random_Message20,在外面难免会觉得孤独。
Encounter_Random_Message200,我是不是不该就这么大胆地走到这么空旷的地方？要不要弯腰走呢？我也说不准。
Encounter_Random_Message201,从东边传来了枪声，我想我得向西走。
Encounter_Random_Message202,从西边传来了枪声，我想我得向东走。
Encounter_Random_Message203,从北边传来了枪声，我想我得向南走。
Encounter_Random_Message204,从南边传来了枪声，我想我得向北走。
Encounter_Random_Message205,那是个……孩子吗？不……只是一颗从玩偶身上割下来的头。棒极了。
Encounter_Random_Message206,我真心希望我能找到回避难所的路……
Encounter_Random_Message207,哇，好大一个石堆。我想我能越过去……
Encounter_Random_Message208,这么多大楼，我很好奇它们能不能永远这么……矗立着。
Encounter_Random_Message209,我听到了孩子的哭声，不知道是从哪里传来的。
Encounter_Random_Message21,我是不是应该返回避难所？再过一会儿吧。
Encounter_Random_Message210,我不知道双头牛的牛奶好不好喝，我也不想知道。
Encounter_Random_Message211,仍在游荡……
Encounter_Random_Message212,我想我该等一会儿，那是什么？在那儿的东西？
Encounter_Random_Message213,这条路看起来不错。
Encounter_Random_Message214,太多石块了，我想我上不去。
Encounter_Random_Message215,嗯……地铁站，我不认为我想下去。
Encounter_Random_Message216,一条汽车隧道。里面一定很黑，我想我还是绕路走吧。
Encounter_Random_Message217,一家被洗劫一空的便利店。
Encounter_Random_Message218,地上有一把坏了的步枪，一点用都没有了。
Encounter_Random_Message219,很快回来。
Encounter_Random_Message22,很安静，太安静了。
Encounter_Random_Message220,至少根据目前情况来说我必须前进。
Encounter_Random_Message221,我能行，我能行，我能行。
Encounter_Random_Message23,我很好奇那儿有什么。
Encounter_Random_Message24,我得爬到山顶山观测下地形。
Encounter_Random_Message25,我感觉到处都是危机……
Encounter_Random_Message26,是时候前进了。
Encounter_Random_Message27,没了哔哔小子我会完全找不到路的。
Encounter_Random_Message28,折断的树枝掉了一地，之前有东西从这儿穿了过去。
Encounter_Random_Message29,除了前进就没有别的路了。
Encounter_Random_Message3,嗷！鞋子里进石头了。
Encounter_Random_Message30,新的踪迹，不知道是什么东西留下的。
Encounter_Random_Message31,我打赌曾经住在这儿的人都非常友善。
Encounter_Random_Message32,很难想象人们曾住在这里。
Encounter_Random_Message33,我要尽量带补给回避难所，越多越好。
Encounter_Random_Message34,我明天一定会长水疱的……
Encounter_Random_Message35,我走那条路，或许会碰上什么有趣的事呢。
Encounter_Random_Message36,嗯？那儿有东西？
Encounter_Random_Message37,新鲜的踪迹。动物的？还是更糟？
Encounter_Random_Message38,我应该走那条路吗？
Encounter_Random_Message39,不知道我回去的时候会不会收到留言。
Encounter_Random_Message4,脚抽筋了，但我得继续走。
Encounter_Random_Message40,嗷，我的脚好痛……
Encounter_Random_Message41,如果其他人能亲自看看这儿有多么糟糕就好了……
Encounter_Random_Message42,那儿的天空看起来很滑稽，可能马上就要来风暴了。
Encounter_Random_Message43,一个三岔路口，我想我得左向走。
Encounter_Random_Message44,一个三岔路口，我想我得向右走。
Encounter_Random_Message45,我想我得继续向前走。
Encounter_Random_Message46,这条路看上去还不赖。
Encounter_Random_Message47,嗯……破碎的植物。有人从这儿经过？
Encounter_Random_Message48,没想到我会出这么多汗！
Encounter_Random_Message49,如果没有别的事发生，这的确会是一次很好的锻炼。
Encounter_Random_Message5,嗯……有东西在那儿？
Encounter_Random_Message50,我以为看到了什么东西……
Encounter_Random_Message51,什么声音？
Encounter_Random_Message52,独自一人旅行的确很……寂寞。
Encounter_Random_Message53,得带点补给回避难所。专心完成任务吧……
Encounter_Random_Message54,继续走简直就是在折磨我的脚。
Encounter_Random_Message55,还好我穿着耐磨的鞋子！
Encounter_Random_Message56,小腿，大腿，膝盖--全都很痛。
Encounter_Random_Message57,眼睛里进汗了，好痛。
Encounter_Random_Message58,我会回避难所的，但现在还不是时候，还不是时候……
Encounter_Random_Message59,我回到避难所后，人们会像欢迎英雄一样迎接我！
Encounter_Random_Message6,那儿可能有什么东西。
Encounter_Random_Message60,看上去是个湖，但一点也不想跳进去游泳。
Encounter_Random_Message61,地上那是……干了的血迹吗？
Encounter_Random_Message62,看上去像是油漆的痕迹。哦等等，是血迹。
Encounter_Random_Message63,我很容易神经紧张……
Encounter_Random_Message64,好吧，我承认，我很害怕。
Encounter_Random_Message65,我不会向恐惧投降，不会。
Encounter_Random_Message66,我想哼个小调，但是嘴巴太干了。
Encounter_Random_Message67,如果我迷路了就麻烦大了。
Encounter_Random_Message68,人们真的住在这里吗？咦……
Encounter_Random_Message69,哦，那是个不错的小房子，至少曾经是。
Encounter_Random_Message7,这条路看起来和其他路一样安全。
Encounter_Random_Message70,看上去是间旧商店，不知道卖的是什么。
Encounter_Random_Message71,看，一个旧公交车站，真希望能载我一程。
Encounter_Random_Message72,我在自说自话吗？我想是的。
Encounter_Random_Message73,一间旧小学，学校总让人感到沮丧……
Encounter_Random_Message74,我会继续沿着这条路走的。
Encounter_Random_Message75,我想我得走一下那条路。
Encounter_Random_Message76,该回避难所了吗？我想还不是时候。
Encounter_Random_Message77,一家旧咖啡店，是时候来杯咖啡了。
Encounter_Random_Message78,那是……核子可乐工厂？毁了真可惜。
Encounter_Random_Message79,我听到了谈话声，可能是一些狂热的异教徒。最好离远一点。
Encounter_Random_Message8,真的希望这趟旅程有个伴。
Encounter_Random_Message80,一家旧医院，看上去已经被洗劫一空。
Encounter_Random_Message81,一些旧百货商店，没剩下衣服。
Encounter_Random_Message82,看啊，一块旧的棒球场，很久没有人在那儿跑垒了。
Encounter_Random_Message83,很久没有在那片旧橄榄球场见到达阵得分的情景了。
Encounter_Random_Message84,看上去像是飞机坠毁的残骸。
Encounter_Random_Message85,一架旧的，坠毁的战前军用飞鸟直升机。
Encounter_Random_Message86,那是一间大房子，但是也挡不住原子弹。
Encounter_Random_Message87,一个干涸的泳池，里面有一堆白骨。有意思。
Encounter_Random_Message88,我觉得那幢建筑是……一间酒店？或是一幢公寓大楼？
Encounter_Random_Message89,一片锈迹斑斑的运动场，太可惜了。
Encounter_Random_Message9,我是不是开始跟自己对话了？说不清楚。
Encounter_Random_Message90,起风了……
Encounter_Random_Message91,需要控制呼吸，保持冷静。
Encounter_Random_Message92,又一辆生锈的旧车。
Encounter_Random_Message93,嗷！腿抽筋了！
Encounter_Random_Message94,休息一下？等会再说吧。
Encounter_Random_Message95,我得继续前进。
Encounter_Random_Message96,监督者选中我来完成这个任务是明智之选。
Encounter_Random_Message97,我在外面呆的时间越长就越危险。
Encounter_Random_Message98,我感觉不到自己的心率了。
Encounter_Random_Message99,光是让我呆在废土就像是给我打了一针肾上腺素！
Encounter_SurpriseQuest_AbandonedHouse,我发现了一间废弃的小屋，然后就进去了。
Encounter_SurpriseQuest_MarketPlace,我无意中发现了一间超市，并且搜索了一番。
Encounter_SurpriseQuest_RedRocket,我发现并且探索了一个红火箭卡车停靠站。
Encounter_SurpriseQuest_Vault,我发现了另一个避难所并走了进去。
Encounter_Victory_Creature1,我做到了，野狗死了。
Encounter_Victory_Creature10,我干掉了那只辐射蝎，简直不敢相信。
Encounter_Victory_Creature11,艰难的战斗，但我还是成功把巨型兵蚁干掉了。
Encounter_Victory_Creature12,一只火蚁士兵……哑火了！
Encounter_Victory_Creature13,在这只护卫犬暴露我的位置之前我就把它杀了。
Encounter_Victory_Creature14,我尽全力才把火蚁勇士干掉。
Encounter_Victory_Creature15,泥沼蟹出了脸之外都包着甲壳，我利用了它这个弱点把它干掉了。
Encounter_Victory_Creature16,那只狂尸鬼漫游者到处游荡的日子到头了。
Encounter_Victory_Creature17,我不知道我是如何做到的，但是巨型辐射蝎确实死了。
Encounter_Victory_Creature18,泥沼蟹猎杀者反而成了被猎杀的对象，它死了。
Encounter_Victory_Creature19,很险，但我还是把恶犬干掉了。
Encounter_Victory_Creature2,鼹鼠被干掉了。
Encounter_Victory_Creature20,我让多脚怪从痛苦中解脱了。
Encounter_Victory_Creature21,这是场糟糕的战斗，那个狂尸鬼掠夺者死了。
Encounter_Victory_Creature22,我杀了死亡爪！是在太惊险了……
Encounter_Victory_Creature23,我杀了英克雷死亡爪，至少它现在成了自由之身。
Encounter_Victory_Creature24,我干掉了那个超级变种人。
Encounter_Victory_Creature25,我被揍得很惨，还流血了，但是超级变种人大师挂了。
Encounter_Victory_Creature26,我们不相上下，但最后超级变种人霸主还是死了。
Encounter_Victory_Creature27,我做到了，我杀了那只超级变种巨兽，但我仍惊魂未定……
Encounter_Victory_Creature3,我杀掉了肿头蛾，它炸成了渣渣，太恶心了。
Encounter_Victory_Creature4,我踩扁了辐射蟑螂，小菜一碟。
Encounter_Victory_Creature5,一场恶斗之后我干掉了那只妖怪。
Encounter_Victory_Creature6,我干掉了狂尸鬼，不是它死就是我亡。
Encounter_Victory_Creature7,我受到了一些擦伤和割伤，但是干掉了巨蚁。
Encounter_Victory_Creature8,我杀掉了拾荒者的狗，我很难过但是没有选择。
Encounter_Victory_Creature9,巨型兵蚁死了，太险了。
Encounter_Victory_Location1,我发现一扇进入广播塔的门没锁，里面有补给。
Encounter_Victory_Location10,我找到一台完好的咖啡机！就喝一杯吧……
Encounter_Victory_Location11,我成功进入国家警卫队仓库进行探索。
Encounter_Victory_Location12,我交到了一些朋友，说话是一门深奥的技术。
Encounter_Victory_Location13,我做了些炸药来清理这片区域！现在我可以继续探索了。
Encounter_Victory_Location14,我从后门逃离时被一块镂空的石头绊倒了，那里面有许多补给品。
Encounter_Victory_Location15,屏住呼吸很久后在水面上找到了一件补给室，里面有些补给。
Encounter_Victory_Location16,我把门砍成了碎片，找到了一间巨大的储物柜，里面全是补给品。
Encounter_Victory_Location17,我发现下面藏着许多泥沼蟹，所以我只能回头继续调查啤酒厂了。
Encounter_Victory_Location2,我成功躲过了掠夺者，太险了。
Encounter_Victory_Location3,我找到了一盒藏起来的补给品！
Encounter_Victory_Location4,我打开了冰箱，里面有些补给品。
Encounter_Victory_Location5,我破坏了保险箱！看起来里面有些好东西……
Encounter_Victory_Location6,把门弄开进大无敌超市探索了一圈，我囤了不少补给品。
Encounter_Victory_Location7,奴隶们认为我很友好，我们聊了一会儿，然后他们就继续走了。
Encounter_Victory_Location8,我帮助一批奴隶逃跑了，他们自由了！
Encounter_Victory_Location9,我在一间储藏室里发现了一些没打开过的纸板箱。
Encounter_Victory_NPC1,我帮奴隶包扎了一下腿部，他继续踏上了逃亡的旅程，希望他一切顺利。
Encounter_Victory_NPC10,我修好了巧手先生，作为回报，它给我讲了一个超级有趣的笑话。
Encounter_Victory_NPC2,我帮他止血，并且让他冷静下来。看样子他能挺过去。
Encounter_Victory_NPC3,尸鬼给了我一些补给，以及我最需要的……友谊。
Encounter_Victory_NPC4,我们完成了一笔交易，然后各自和平地离开了。
Encounter_Victory_NPC5,我让鹰爪公司佣兵放松，互相交换故事之后友好地分别了。
Encounter_Victory_NPC6,我帮猎人定位并宰掉了那头妖怪。
Encounter_Victory_NPC7,醉汉晕了过去，我还能喝更多！
Encounter_Victory_NPC8,兄弟会侦察队可怜我，施舍了一些补给。
Encounter_Victory_NPC9,我成功把迷路的农民带到了一处定居点，他现在安全了。
Encounter_Victory_Repeatable_JunkLocation1,我甩掉了他们然后进去收集补给。
Encounter_Victory_Repeatable_JunkLocation10,他们现在像小羊羔般温顺，我能继续探索洞穴了。
Encounter_Victory_Repeatable_JunkLocation11,抓住了缰绳并把双头牛停了下来！于是商人给了我一些奖赏。
Encounter_Victory_Repeatable_JunkLocation12,我的脚踢到了什么东西，于是我把它挖了出来，竟然是一个战前的时间囊！
Encounter_Victory_Repeatable_JunkLocation2,多幸运啊！我找到并搜刮了一间补给室，还没把大楼弄塌。
Encounter_Victory_Repeatable_JunkLocation3,我咬紧牙关，在湖中的辐射让我犯恶心之前把它捞了上来。
Encounter_Victory_Repeatable_JunkLocation4,我找到了密码！看样子里面是一个工坊……
Encounter_Victory_Repeatable_JunkLocation5,我成功躲过了所有陷阱，找到了一间塞满补给的储藏室。
Encounter_Victory_Repeatable_JunkLocation6,他们让我进去，给了我食物，还让我带上些垃圾，想拿多少拿多少。
Encounter_Victory_Repeatable_JunkLocation7,他们永远不会知道我曾经去过那儿！还带走了些战利品。
Encounter_Victory_Repeatable_JunkLocation8,我感觉到有一阵微风，并跟着它来到了一间密室！
Encounter_Victory_Repeatable_JunkLocation9,砰！我把激光臂做成了只有一发弹夹的开门器。现在让我们看看里面有什么……
Entrance_Upgrade_Info,提高避难所大门的耐久度
EntranceRoomUpgrade_Scavenger,拾荒者
EquipmentFilter_All,全部
EquipmentFilter_Equipped,已装备
EquipmentFilter_Inventory,物品栏
Erase_Save_Slot_Confirm,你确定你想要清除这个避难所？
Erase_Save_Slot_Double_Confirm,避难所科技午餐盒中得到的物品将会永久消失。你确定你想要删除该避难所？
EULA_ButtonText,最终用户许可协议
EULA_LEGAL_LINK,https://www.zenimax.com/en/legal/mobile-eula
ExperiencePoints,经验
FailedToLoadVault_Message,无法加载避难所。
Facebook_AskRequest_Message,我需要一些垃圾！
Facebook_AskRequest_Title,请求礼物
Facebook_HelpRequest_Message,这是你需要的垃圾！
Facebook_HelpRequest_Title,发送礼物
Facebook_SendGift_Message,这里有一些送给你的垃圾，希望能够帮上忙！
Facebook_SendGift_Title,发送礼物
Fur_Not_Guaranteed,*无法保证毛皮。
GameSettingsPC_Command,指令
GameSettingsPC_CursorSpeed,指针速度
GameSettingsPC_ExitGame,保存并退出
GameSettingsPC_GammaCorrect,伽马校正
GameSettingsPC_Hotkey,快捷键
GameSettingsPC_MoveSpeed,画面滚动速度
GameSettingsPC_None,无
GameSettingsPC_Save,保存
GameSettingsPC_SaveConfirmation,游戏已保存
GameSettingsPC_SelectNewHotkey,选择新快捷键
GameSettingsPC_Shortcuts,快捷键
GameSettingsPC_ToggleFullScreen,窗口化
GameSettingsPC_ZoomSensitivity,画面缩放速度
GameSettingsUWP_Controls,控制
Generic_Dweller,居民
Generic_Energy,电力
Generic_Food,食物
Generic_Junk,垃圾
Generic_NukaColaQuantum,量子型核子可乐
Generic_Outfit,服装
Generic_Pet,宠物
Generic_Radaway,消辐宁
Generic_Resources,资源
Generic_Stimpack,治疗针
Generic_UltraciteWeapon,Ultracite武器
Generic_Theme,布局
Generic_Water,水
Generic_Weapon,武器
Ghoul_Name,狂尸鬼
Ghoul_Name_Plural,狂尸鬼
Gym_Upgrade_Info,加快【力量】训练速度
HELP_LEGAL_LINK,help.bethesda.net
Help_Page01_BottomText,提示：一些目标会奖励避难所科技饭盒、宠物笼或是巧手先生箱子！
Help_Page01_MainText,"总是会有三个目标供你完成。

你每天可以放弃一个目标并接受一个新目标。

可以消耗量子型核子可乐额外跳过目标。

难度较大的目标同样地会有更好的奖励。"
Help_Page01_Title,游戏目标
Help_Page02_BottomText,提示：幸运会影响采集资源时捡到瓶盖的概率。
Help_Page02_MainText,"每个居民都有属性值，称为SPECIAL

S（力量）
P（感知）
E（耐力）
C（魅力）
I（智力）
A（敏捷）
L（幸运）

避难所中的每个房间都与属性值中的其中一种相关联。居民与房间相对应的属性值越高，他们在该房间的工作效率越高。"
Help_Page02_Title,居民SPECIAL
Help_Page03_BottomText,提示：避难所科技饭盒中含有稀有和传说级别的居民。
Help_Page03_MainText,"等级

居民在生产房间工作时、探索废土时以及在执行任务中击杀敌人时会随时间提升等级。

升级会提高居民的生命值。等级越高，生命值越高，但高耐力的居民在升级时获得更多生命值。
房间会根据你避难所中的居民数量解锁。

稀有度

居民有三种稀有度类型：普通、稀有和传奇。

- 普通：低等级和低SPECIAL属性

- 稀有：中等等级和中等SPECIAL属性

- 传奇：高等级和高SPECIAL属性"
Help_Page03_Title,居民等级和稀有度
Help_Page04_BottomText,提示：居民等级越高，复活他们所花费的瓶盖越多。
Help_Page04_MainText,"居民健康值耗尽的时候会死亡。

为避免居民死亡你可以：
- 给他们注射一剂治疗针回复健康值。
- 给他们注射一包消辐宁去除辐射。
- 死亡的居民可以花费瓶盖复活，或者将他从你的避难所移除。

在任务中死亡的居民只有在任务结束后才能够复活。"
Help_Page04_Title,死亡的居民
Help_Page05_BottomText,提示：特别留意居民跟你说的话，了解如何使他们高兴。
Help_Page05_MainText,"居民会根据你安排给他们的任务产生情绪变化。

保持居民心情愉悦是十分重要的！一间气氛欢快的避难所运作地更有效率，生产资源也会更快。
你可以通过查看居民的资料来了解他/她的心情。

心情图标状态：

绿色：你的居民很快乐，继续保持！

黄色：你的居民心情不赖，但是你可以让他/她更开心。

红色：你的居民很难过，快想办法让他们高兴起来！"
Help_Page05_Title,居民幸福感
Help_Page06_BottomText,提示：游戏7天会奖励一个避难所科技饭盒。
Help_Page06_MainText,"根据你的避难所愉悦度，每天会发送一个奖励。

- 你的避难所愉悦度是你所有居民心情值的总合。

- 奖励会根据你的避难所分数发放。

- 较高的避难所愉悦度会为你赚取额外瓶盖。"
Help_Page06_Title,每日报告和避难所分数
Help_Page07_BottomText,提示：如果你的避难所空间不足，小宝宝不会出生。
Help_Page07_MainText,"当你需要新的居民时，你可以鼓励你的居民进行生育。

- 将一男一女放入生活区，看看他们是否喜欢对方。

- 如果一切顺利，女性会怀孕。

- 一段时间后，怀孕的居民将准备好分娩。

- 点击她头上的图标，欢迎新孩子来到你的避难所。

- 孩子长大后，你将得到一个新的居民。"
Help_Page07_MainText_PC,"当你需要新的居民时，你可以鼓励你的居民进行生育。

- 将一男一女放入生活区，看看他们是否喜欢对方。

- 如果一切顺利，女性会怀孕。

- 一段时间后，怀孕的居民将准备好分娩。

- 单击她头上的图标，欢迎新孩子来到你的避难所。

- 孩子长大后，你将得到一个新的居民。"
Help_Page07_MainText_Xbox,"当你需要新的居民时，你可以鼓励你的居民进行生育。

- 将一男一女放入生活区，看看他们是否喜欢对方。

- 如果一切顺利，女性会怀孕。

- 一段时间后，怀孕的居民将准备好分娩。她的头上会出现一个婴儿图标。

- 选择她来欢迎新孩子来到你的避难所。

- 孩子长大后，你将得到一个新的居民。"
Help_Page07_Title,生宝宝及起居室
Help_Page08_BottomText,提示：避免建造多余的房间或者是扩展得太快。
Help_Page08_MainText,"建造新的起居室以收容新的居民。

- 建造更多的房间来扩展你的避难所，同时你也能够生产更多的资源。

- 请注意避难所的资源度量表，它们会提示你下一步应该建造哪一类房间。

- 想要向深处扩展时，建造一部电梯。

- 如果一间房左右都连接着房间，你便无法将它拆除。

- 同一类型的房间多次建造会提升它的建造成本。"
Help_Page08_Title,建造你的避难所以及电梯
Help_Page09_BottomText,提示：同等级同类型的房间才能够互相融合。
Help_Page09_MainText,"升级房间以增加产量。

- 大多数房间能升级两次。升级资源室以获得更多资源。

- 相同类型的房间左右紧挨着建造便可以融合，最多3间。

- 融合后的房间可以分配工作给更多的居民，同时也更高产。

- 大型房间，比如工作间，无法融合。

- 布局只能够应用于合并升级过后的用餐区或是生活区。"
Help_Page09_Title,房间等级以及房间融合
Help_Page1_BottomText_PC,提示：你可以在设置菜单中开启/关闭窗口模式。
Help_Page1_MainText_PC,"PC设置可通过点击哔哔小子中的齿轮图标访问。

默认情况下，辐射：避难所有以下热键映射：

Esc – 设置/取消
F1 – 商店
F2 – 库存
F3 – 生存指南
F4 – 目标
F5 – 废土
F6 – 帮助
B – 建造/升级
空格 – 任务列表
左Shift – 剪贴板
左Ctrl – 房间操作
Tab – 居民列表

通过按方向键、WASD键或单击并拖动鼠标来移动相机。

使用鼠标滚轮或'Q'和'E'键放大和缩小。

你可以在设置菜单中调整相机缩放和滚动速度。

当辐射：避难所最小化到任务栏或长时间无人操作时，它会继续运行几分钟，然后进入睡眠模式。

辐射：避难所会自动定期保存你的游戏，但如果你想确保，可以单击设置菜单中的保存按钮。
"
Help_Page1_Title_PC,PC
Help_Page10_BottomText,提示：如果你的储存空间不足，请升级或建造更多仓库，或者把物品服装至居民或卖掉。
Help_Page10_MainText,"仓库房间可以增加你的武器、服装、垃圾和宠物的库存空间。

- 升级仓库房间以增加库存容量。

- 通过从哔哔小子菜单中访问库存来出售不需要的物品。

- 通过配方将武器和服装分解为垃圾。

- 如果其他所有房间都已满，可以将仓库房间用作居民的临时安置处。

- 建造医务室和科学实验室会增加你能存储的治疗针和消辐宁的数量。"
Help_Page10_MainText_3DTouch,"仓库可以提升武器、服装、垃圾和宠物的物品栏空间。

- 升级你的仓库可以提升物品栏容量。

- 请查看哔哔小子菜单中的物品栏，筛选出不需要的物品进行出售。你还能通过3D触控点击仓库来打开物品栏。

- 分解武器和服装可以将它们变为配方中需要的垃圾。

- 请将仓库作为临时的暂住点让居民居住，这样可以暂时解决房间满员的问题。

- 建造制药间和科学实验室可以提升治疗针和消辐宁的存储量。"
Help_Page10_Title,储藏室
Help_Page11_BottomText,提示：不同类型的居民同时在一间房间内训练能够缩短该房内全部居民的训练时间。
Help_Page11_MainText,"把居民拖到训练室能增加他们的SPECIAL属性。

每个SPECIAL属性都有对应的训练室。

力量：负重室
感知：军械室
耐力：健身房
魅力：休闲室
智力：教室
敏捷：田径室
幸运：赌场

每条属性最高10点。

居民的SPECIAL属性越高，升至下一级所需的时间越多，不过你可以使用量子型核子可乐来加快训练时间。"
Help_Page11_Title,训练室
Help_Page12_BottomText,提示：融合广播室能增加吸引居民的概率。
Help_Page12_MainText,"广播室可以从废土中吸引新的居民。

- 广播室会定期发送召集新居民的信号。信号有几率被回应。

- 当广播室中的计时器归零时，如果没有新居民回应，计时器将自动重新开始。

- 将高魅力的居民分配到广播室可以加快广播呼叫速度。

- 升级广播室可以增加吸引居民的几率。

- 广播呼叫也可能将死亡爪引到你的避难所。

- 如果你不想吸引新居民，可以停止广播室的呼叫。

- 无论是否在呼叫新居民，广播室内的居民都能为你的避难所提供幸福度提升。"
Help_Page12_Title,新居民和广播室
Help_Page13_BottomText,提示：加速房间是赚瓶盖最快的方式。
Help_Page13_MainText,"你可以通过以下方式获得瓶盖。
- 在废土或是任务中寻找
- 完成目标
- 升级居民
- 售卖物品
- 每个避难所科技饭盒都包含瓶盖
- 幸运的居民偶尔会在收集资源时获得 

瓶盖可用于：
- 建造房间和电梯
- 清理巨石 
- 升级房间
- 复活居民
- 制作武器、服装和布局
- 自定义居民"
Help_Page13_Title,瓶盖
Help_Page14_BottomText,提示：灾难发生的概率会随时间流逝而降低。
Help_Page14_MainText,"生产间可以加速以获得瓶盖，立即收集资源。

- 加速可立即完成当前生产周期并奖励额外的瓶盖。

- 奖励瓶盖的数量会根据风险值浮动。加速风险越高，你获得的瓶盖越多。

- 加速失败会在房间内引发一场灾难。"
Help_Page14_Title,加速模式
Help_Page15_BottomText,提示：废土中的居民可用瓶盖复活。
Help_Page15_MainText,"派你的居民去废土收集物品。

在外面居民能获得瓶盖和经验，还会带回武器、服装和垃圾。他们走得越远，找到的物品也更好，但是遇到的敌人也会更加棘手。

- 将一名居民拖至废土，给其配备武器和服装，治疗针、消辐宁还有宠物。

- 送他们出去探索，但是别忘了检查他们的进程。

- 去探索废土的居民随时都能被召回，回来需要花费一半的时间。

- 确保你能把他们活着带回来！

- 居民拿不下物品时，会自动回到避难所。

- 居民在废土中有时候会发现特殊地点，点击感叹号的图标可以选择是否进入该地点或是继续进行探索。"
Help_Page15_MainText_PC,"派遣你的居民去废土拾荒。

在那里，他们会找到瓶盖、获得经验，并带回武器、服装和垃圾。他们走得越远，发现的奖励就越好，但遭遇也会越困难。

- 将居民拖到废土，并为他们装备武器、服装、宠物、消辐宁和治疗针。

- 派他们出去探索，但别忘了检查他们的进度。

- 可以随时将居民从废土召回，返回所需时间减半。

- 确保在他们死亡之前把他们带回家！

- 如果居民无法携带更多物品，他们会自动从废土返回。

- 废土中的居民可能会偶然发现一个特殊地点。单击感叹号图标，选择进入此地点或继续探索废土。"
Help_Page15_MainText_Xbox,"派遣你的居民去废土拾荒。

在那里，他们会找到瓶盖、获得经验，并带回武器、服装和垃圾。他们走得越远，发现的奖励就越好，但遭遇也会越困难。

- 将居民分配到废土，并为他们装备武器、服装、宠物、消辐宁和治疗针。

- 派他们出去探索，但别忘了检查他们的进度。

- 可以随时将居民从废土召回，返回所需时间减半。

- 确保在他们死亡之前把他们带回家！

- 如果居民无法携带更多物品，他们会自动从废土返回。

- 废土中的居民可能会偶然发现一个特殊地点。按[RB]选择进入此地点或继续探索废土。"
Help_Page15_Title,废土
Help_Page16_BottomText,提示：避难所科技饭盒中能发现稀有甚至传说级别的居民，而且他们有很高的属性值。
Help_Page16_MainText,"快速追踪你从避难所科技饭盒中获取的神奇物品。

居民 - 迫切地需要更多居民？每个避难所科技饭盒都有几率包含一名居民。

武器 - 废土中保存下来的最好的武器，从BB枪到胖子原子弹。

服装 - 把你的居民服装在这些能够增加属性又时尚的服装。

宠物 - 找一个忠实的伴侣来帮助你的居民，还能增加避难所的生气。 

量子型核子可乐 - 用这些提神的饮料让让所有的事情变得更加快速。

垃圾 - 在你的工作间把这些废物制作有用的物品。

资源 - 收集资源，包括消辐宁，治疗针，食物，电力和水，当然还有瓶盖。

每个避难所科技饭盒都能给你普通，稀有甚至是传说级的物品。每个饭盒中至少有一名居民或是稀有物品。"
Help_Page16_Title,避难所科技饭盒
Help_Page17_BottomText,提示：为你的居民服装武器能帮助他们击退敌人。
Help_Page17_MainText,"你的避难所随时都可能遭受灾害的侵袭！加速失败时也会引发灾难。要小心以下敌人：

火灾 - 在火势蔓延至其他房间之前控制它。

辐射蟑螂 - 这些讨厌的东西很难搞定，在它们泛滥之前解决掉。

掠夺者 - 掠夺者会冲入你的避难所破坏你的资源，尽快阻止他们！更强大的掠夺者甚至会偷走你的瓶盖！加固避难所入口可以拖延他们并给予你足够的准备时间。在你的避难所入口派遣守卫也是一项有效的前线防御措施。你能从死亡的掠夺者身上获取瓶盖和其他物品！

鼹鼠 – 这些小东西十分麻烦，它们会从地下钻入你的避难所并咬坏任何一间房内的电缆。快速杀死它们，不然它们会把你避难所里的电力耗尽！

死亡爪 – 每当你开启避难所大门，就相当于是在邀请这些怪物进来破坏资源。确保你准备好足够的武器和治疗针，不然它们会切碎你的居民，就像你用刀切蛋糕那样！ 

狂尸鬼 – 狂尸鬼会疯狂地掠过你的避难所，并且对它们攻击的居民同时造成物理和辐射伤害。

辐射蝎 – 这些突变的蝎子可以挖掘地洞，并且有可能对避难所的任意房间发动攻击。请在第一时间消灭它们，不然它们就会对你们的居民造成辐射伤害！

孩子和孕妇会在危险灾难发生时躲起来。"
Help_Page17_Title,灾害
Help_Page18_BottomText,提示：居民图标会显示当前避难所内的居民数量，还有在避难所外等待的居民数量。
Help_Page18_MainText,"1. 废土 - 点击避难所外部查看废土日志。
2. 居民菜单 - 使用菜单更轻松地分类和选择居民。
3. 幸福感 - 避难所总体愉悦度。点击查看它为你的避难所提供的奖励。
4. 资源条 - 你当前的资源量。别让它们低于最低需求标准线，否则你的避难所会恶化。点击查看你拥有多少资源。
5. 瓶盖 - 点击瓶盖转到避难所科技饭盒商店。
6. 建造锤 - 点击建造锤建造各类房间。
7. 哔哔小子 - 点击哔哔小子打开菜单。数字表示你拥有的避难所科技饭盒数量。感叹号表示你有未收集的任务奖励。
8. 避难所科技饭盒 - 点击避难所科技饭盒转到避难所科技饭盒菜单。数字表示你可以开启的避难所科技饭盒数量。
9. 目标 - 点击缎带图标跳转到目标页面。感叹号代表你有未收集的目标奖励。
10. 物品栏 - 点击盒子转到物品栏菜单。
11. 避难所居民生存指南 - 点击书本打开避难所居民生存指南。
12. 设置 - 点击齿轮转到设置菜单。"
Help_Page18_MainText_PC,"1. 废土 - 点击避难所外部查看废土日志。
2. 居民菜单 - 使用菜单更轻松地分类和选择居民。
3. 幸福感 - 避难所总体愉悦度。点击查看它为你的避难所提供的奖励。
4. 资源条 - 你当前的资源量。别让它们低于最低需求标准线，否则你的避难所会恶化。点击查看你拥有多少资源。
5. 瓶盖 - 点击瓶盖转到避难所科技饭盒商店。
6. 建造锤 - 点击建造锤建造各类房间。
7. 哔哔小子 - 点击哔哔小子打开菜单。数字表示你拥有的避难所科技饭盒数量。感叹号表示你有未收集的任务奖励。
8. 避难所科技饭盒 - 点击避难所科技饭盒转到避难所科技饭盒菜单。数字表示你可以开启的避难所科技饭盒数量。
9. 目标 - 点击缎带图标跳转到目标页面。感叹号代表你有未收集的目标奖励。
10. 物品栏 - 点击盒子转到物品栏菜单。
11. 避难所居民生存指南 - 点击书本打开避难所居民生存指南。
12. 设置 - 点击齿轮转到设置菜单。"
Help_Page18_MainText_PS4,"1. 废土 - 按[DL]调出你的废土日志。
2. 居民菜单 - 用于轻松排序和选择你的居民。
3. 幸福度 - 你避难所的整体幸福度。按[RB]查看它为你的避难所提供哪些加成。
4. 资源条 - 你当前的资源数量。不要让它们低于所需的资源线，否则你的避难所将开始恶化。按L3查看你拥有的资源数量。
5. 瓶盖 - 你当前的瓶盖数量。
6. 建造锤 - 按[Y]建造房间。
7. 哔哔小子 - 按[B]打开哔哔小子菜单。哔哔小子上的数字表示你有午餐盒可打开。感叹号表示你有目标奖励可领取。
8. 午餐盒 - 选择午餐盒进入午餐盒菜单。数字表示你有午餐盒可打开。
9. 目标 - 选择缎带进入目标页面。感叹号表示你有目标奖励可领取。
10. 库存 - 选择箱子进入库存菜单。
11. VDSG - 选择书本打开避难所居民生存指南。
12. 设置 - 选择齿轮进入设置菜单。"
Help_Page18_MainText_Switch,"1. 废土 - 按[DL]调出你的废土日志。
2. 居民菜单 - 用于轻松排序和选择你的居民。
3. 幸福度 - 你避难所的整体幸福度。按[RB]查看它为你的避难所提供哪些加成。
4. 资源条 - 你当前的资源数量。不要让它们低于所需的资源线，否则你的避难所将开始恶化。单击左摇杆查看你拥有的资源数量。
5. 瓶盖 - 你当前的瓶盖数量。
6. 建造锤 - 按[Y]建造房间。
7. 哔哔小子 - 按[B]打开哔哔小子菜单。哔哔小子上的数字表示你有午餐盒可打开。感叹号表示你有目标奖励可领取。
8. 午餐盒 - 选择午餐盒进入午餐盒菜单。数字表示你有午餐盒可打开。
9. 目标 - 选择缎带进入目标页面。感叹号表示你有目标奖励可领取。
10. 库存 - 选择箱子进入库存菜单。
11. VDSG - 选择书本打开避难所居民生存指南。
12. 设置 - 选择齿轮进入设置菜单。"
Help_Page18_MainText_Xbox,"1. 废土 - 按[DL]调出你的废土日志。
2. 居民菜单 - 用于轻松排序和选择你的居民。
3. 幸福度 - 你避难所的整体幸福度。按[RB]查看它为你的避难所提供哪些加成。
4. 资源条 - 你当前的资源数量。不要让它们低于所需的资源线，否则你的避难所将开始恶化。单击左摇杆查看你拥有的资源数量。
5. 瓶盖 - 你当前的瓶盖数量。
6. 建造锤 - 按[Y]建造房间。
7. 哔哔小子 - 按[B]打开哔哔小子菜单。哔哔小子上的数字表示你有午餐盒可打开。感叹号表示你有目标奖励可领取。
8. 午餐盒 - 选择午餐盒进入午餐盒菜单。数字表示你有午餐盒可打开。
9. 目标 - 选择缎带进入目标页面。感叹号表示你有目标奖励可领取。
10. 库存 - 选择箱子进入库存菜单。
11. VDSG - 选择书本打开避难所居民生存指南。
12. 设置 - 选择齿轮进入设置菜单。"
Help_Page18_Title,用户界面
Help_Page19_BottomText,提示：资源产量受其与需求生产线距离的影响。
Help_Page19_MainText,"你的食物，水和电力保证了你的避难所顺利运作。

- 食物：居民需要进食来保持健康。食品生产速度过低会导致居民损失体力。

- 水：废土中很难得到干净的水。纯净水生产速度过低会导致居民收到辐射伤害。

- 电力：你的避难所必须有充足的电力才能运作。低电力会导致房间无法工作。

保持资源量高于最低标准刻度，这样才能使避难所整体愉悦度保持较高水平。
退出游戏后一段时间内资源仍会继续消耗。"
Help_Page19_Title,资源
Help_Page20_BottomText,提示：把居民在房间之间来回拖动，找到最适合他/她的工作间。
Help_Page20_BottomText_Xbox,提示：把居民在房间之间来回移动，找到最适合他/她的工作间。
Help_Page20_MainText,"你把一位居民拖到一间房间后，会出现SPECIAL七个属性值之中的一个字母和一个数字。

字母相当于与该房间相关的属性值。

如果出现的数字有一个加号或者减号，那就意味着新加入的居民会替换掉一位原来已经在工作的居民。

居民对房间产量的影响会上升或下降，与数字无关。

当一位居民被替换，他们会接手替换居民原来的工作。

如果没有出现加减号，说明该房间内有多余的岗位，不需要替换其他居民。"
Help_Page20_MainText_3DTouch,"你可以拖动居民，将居民分配到一个房间内，也可以使用3D触控进行分配。

在将居民分配至一个房间后，SPECIAL的字母会出现在上方，并且显示具体的数值。

显示在上方的文字表示其在房间内的SPECIAL的状态。

如果数字上显示了加号或者减号，那么就意味着将居民分配到那个房间会

在此房间内居民的效果会因为数字的浮动而改变。

当居民被替换后，他们会交换彼此手头的工作。

如果没有显示正负号，那么就意味着房间内居民手头的工作无需替换任何居民。"
Help_Page20_MainText_Xbox,"要将居民分配到房间，先选择他们，长按[A]抓住他们，然后选择一个房间。

当房间被高亮时，居民头上会出现一个带有数字的SPECIAL字母。

头上的字母对应与该房间相关的SPECIAL属性。

如果数字带有加号或减号，意味着将该居民分配到那个房间将替换当前在那里工作的居民。

该居民对该房间的影响会根据数字上下浮动。

当居民以这种方式被替换时，他们会与被移动的居民交换工作。

如果没有加号或减号，意味着房间内还有空间可以让该居民工作，无需替换任何居民。"
Help_Page20_Title,分配居民
Help_Page21_BottomText,提示：服装可以提升居民的属性值。蓝条表示服装增加的属性。
Help_Page21_MainText,"点击一位居民，可以查看他们的信息。

在该页面，你可以为他们装备武器、服装和宠物，或者使用治疗针和消辐宁恢复体力。

点击他们的SPECIAL属性值可以查看更多详细信息，比如他们较为突出的属性值。"
Help_Page21_MainText_PC,"点击一位居民，可以查看他们的信息。

在该页面，你可以为他们装备武器、服装和宠物，或者使用治疗针和消辐宁恢复体力。

点击他们的SPECIAL属性值可以查看更多详细信息，比如他们较为突出的属性值。"
Help_Page21_MainText_PS4,"当你选择一个居民时，会显示他们的信息。

在此页面上，你可以为居民装备武器、服装和宠物，或用治疗针和消辐宁治疗他们。

按R3可查看他们各自SPECIAL等级的更详细信息。"
Help_Page21_MainText_Switch,"当你选择一个居民时，会显示他们的信息。

在此页面上，你可以为居民装备武器、服装和宠物，或用治疗针和消辐宁治疗他们。

按右摇杆可查看他们各自SPECIAL等级的更详细信息。"
Help_Page21_MainText_Xbox,"当你选择一个居民时，会显示他们的信息。

在此页面上，你可以为居民装备武器、服装和宠物，或用治疗针和消辐宁治疗他们。

单击右摇杆可查看他们各自SPECIAL等级的更详细信息。"
Help_Page21_Title,居民信息
Help_Page22_BottomText,提示：使用该菜单查看你拥有多少居民以及你的避难所中剩余多少空间。
Help_Page22_MainText,"点击屏幕左上角的齿轮可以查看居民列表。

在这儿你可以分类居民，为他们选择最合适的工作。

点击居民能放大镜头并移至居民所在位置。"
Help_Page22_MainText_PC,"点击屏幕左上角的齿轮可以查看居民列表。

在这儿你可以分类居民，为他们选择最合适的工作。

点击居民能放大镜头并移至居民所在位置。"
Help_Page22_MainText_Xbox,"按[X]可调出居民列表。

在此你可以对居民进行排序，并找到最适合某项工作的居民。

选择一名居民会将相机拉近到他们身边。"
Help_Page22_Title,居民列表
Help_Page23_BottomText,提示：在同一层建造多个资源生产室能够最大化巧手先生的能力。
Help_Page23_MainText,"巧手先生会帮你收集所在楼层的资源。未进行游戏时，它们也会帮你收集一段时间。避难所每层最多只能指派一名巧手先生。

巧手先生能在出现危机时帮助战斗，但是小心，它也会被破坏！如果它坏了，千万要修复好。

你也可以派它去探索废土收集瓶盖，但是它不会与敌人战斗。

你只能派遣一定数量的巧手先生到废土探索。"
Help_Page23_Title,巧手先生
Help_Page24_BottomText,提示：胆小鬼可别轻易尝试生存模式，除非你做好充分的准备！
Help_Page24_MainText,"生存模式是为那些不满足于当前挑战的玩家准备的。该模式采用了主模式的游戏规则，但是有一些些改变。

- 资源消耗速度更快。

- 危险灾难造成的损害更大。

- 居民无法复活，不论是在避难所、废土还是在任务中。

-目标会有更多的要求，但是奖励也更为丰厚。

-任务会更加具有挑战性。"
Help_Page24_Title,生存模式
Help_Page25_BottomText,提示：让宠物跟着最需要加成的居民。
Help_Page25_MainText,"宠物可以在午餐盒和宠物运输箱中找到。

宠物会为被分配到的居民提供加成效果，并提高该居民在战斗中的伤害。它们甚至可以跟着到废土中帮忙。

每个房间一次最多允许1到3只宠物，具体取决于房间的大小。

宠物有普通、稀有和传奇三种版本。宠物越稀有，其加成效果越强，但即使是相同的宠物也可能有不同的加成强度。

分配宠物就像装备武器或服装一样。"
Help_Page25_Title,宠物
Help_Page26_BottomText,提示：居民的攻击速度与他们的敏捷值有关。
Help_Page26_MainText,"任务让你可以探索新地点、遇见新居民并收集战利品。

建造监督者办公室，从你的避难所派遣居民队伍执行任务。

要访问任务列表，请从监督者办公室或哔哔小子中点击地图图标。任务列表会显示你可用的任务、奖励、要求和状态。

在执行任务时，通过将居民拖动到新房间或直接点击你想让他们前往的房间来探索地点。

战斗中的居民会自动战斗，但你可以通过点击一个居民然后点击敌人，让他们攻击特定敌人。你也可以长按一个居民，然后将出现的准星拖向敌人。

随着居民战斗，他们会积累暴击槽；一旦准备好，你蓄力居民正在攻击的敌人上方会出现一个对勾图标；点击它即可发动一次致命的暴击攻击。

点击当移动箭头进入瞄准环中心时出现的箭头，箭头越靠近中心，你的暴击伤害倍率就越高。

幸运越高的居民暴击槽蓄满越快，感知越高的居民暴击箭头移动越慢。

你可以通过点击右上角的地图图标查看强制和可选的任务目标。

探索完成后，点击地图图标将任务队伍送回避难所。
"
Help_Page26_MainText_PC,"任务让你可以探索新地点、遇见新居民并收集战利品。

建造监督者办公室，从你的避难所派遣居民队伍执行任务。

要访问任务列表，请从监督者办公室或哔哔小子中点击地图图标。任务列表会显示你可用的任务、奖励、要求和状态。

在执行任务时，通过将居民拖动到新房间或直接点击你想让他们前往的房间来探索地点。

战斗中的居民会自动战斗，但你可以通过点击一个居民然后点击敌人，让他们攻击特定敌人。你也可以长按一个居民，然后将出现的准星拖向敌人。

随着居民战斗，他们会积累暴击槽；一旦准备好，你蓄力居民正在攻击的敌人上方会出现一个对勾图标；点击它即可发动一次致命的暴击攻击。

点击当移动箭头进入瞄准环中心时出现的箭头，箭头越靠近中心，你的暴击伤害倍率就越高。

幸运越高的居民暴击槽蓄满越快，感知越高的居民暴击箭头移动越慢。

你可以通过点击右上角的地图图标查看强制和可选的任务目标。

探索完成后，点击地图图标将任务队伍送回避难所。"
Help_Page26_MainText_PS4,"任务让你可以探索新地点、遇见新居民并收集战利品。

建造监督者办公室，从你的避难所派遣居民队伍执行任务。

要访问任务列表，请在监督者办公室按[DU]或从哔哔小子中选择地图图标。任务列表会显示你可用的任务、奖励、要求和状态。

在执行任务时，通过选择你想让居民前往的房间来探索地点。

战斗中的居民会自动战斗，但你可以通过长按[A]使准星出现，然后选择敌人来命令选中的居民攻击特定敌人。

随着居民战斗，他们会积累暴击槽；一旦准备好，你蓄力居民正在攻击的敌人上方会出现一个对勾图标。

选中居民后，使用左摇杆选择对勾，然后长按[A]发动一次致命的暴击攻击。

按[A]停止出现的移动箭头；箭头越靠近瞄准环中心，你的暴击伤害倍率就越高。

幸运越高的居民暴击槽蓄满越快，感知越高的居民暴击箭头移动越慢。

你可以通过按[Y]查看强制和可选的任务目标。

探索完成后，从任务目标中将任务队伍送回避难所。"
Help_Page26_MainText_Switch,"任务让你可以探索新地点、遇见新居民并收集战利品。

建造监督者办公室，从你的避难所派遣居民队伍执行任务。

要访问任务列表，请在监督者办公室按[DU]或从哔哔小子中选择地图图标。任务列表会显示你可用的任务、奖励、要求和状态。

在执行任务时，通过选择你想让居民前往的房间来探索地点。

战斗中的居民会自动战斗，但你可以通过长按[A]使准星出现，然后选择敌人来命令选中的居民攻击特定敌人。

随着居民战斗，他们会积累暴击槽；一旦准备好，你蓄力居民正在攻击的敌人上方会出现一个对勾图标。

选中居民后，使用左摇杆选择对勾，然后长按[A]发动一次致命的暴击攻击。

按[A]停止出现的移动箭头；箭头越靠近瞄准环中心，你的暴击伤害倍率就越高。

幸运越高的居民暴击槽蓄满越快，感知越高的居民暴击箭头移动越慢。

你可以通过按[Y]查看强制和可选的任务目标。

探索完成后，从任务目标中将任务队伍送回避难所。"
Help_Page26_MainText_Xbox,"任务让你可以探索新地点、遇见新居民并收集战利品。

建造监督者办公室，从你的避难所派遣居民队伍执行任务。

要访问任务列表，请在监督者办公室按[DU]或从哔哔小子中选择地图图标。任务列表会显示你可用的任务、奖励、要求和状态。

在执行任务时，通过选择你想让居民前往的房间来探索地点。

战斗中的居民会自动战斗，但你可以通过长按[A]使准星出现，然后选择敌人来命令选中的居民攻击特定敌人。

随着居民战斗，他们会积累暴击槽；一旦准备好，你蓄力居民正在攻击的敌人上方会出现一个对勾图标。

选中居民后，使用左摇杆选择对勾，然后长按[A]发动一次致命的暴击攻击。

按[A]停止出现的移动箭头；箭头越靠近瞄准环中心，你的暴击伤害倍率就越高。

幸运越高的居民暴击槽蓄满越快，感知越高的居民暴击箭头移动越慢。

你可以通过按[Y]查看强制和可选的任务目标。

探索完成后，从任务目标中将任务队伍送回避难所。"
Help_Page26_Title,任务
Help_Page27_BottomText,提示：遭到驱逐的居民永远不会再回来了，所以小心行事！
Help_Page27_MainText,"想要从避难所中驱逐居民，先把他/她拖到避难所外面，再点击红色的避难所大门按钮。

受到驱逐的居民装备的道具会放入储藏室。"
Help_Page27_MainText_PC,"拖动避难所居民至废土，然后选择红色的避难所门按钮就可以驱逐他们。

被驱逐的避难所居民身上的装备会自动存放到仓库中。"
Help_Page27_MainText_Xbox,"通过将居民分配到废土，然后选择红色避难所大门按钮（而非派他们去探索），可以将该居民驱逐出避难所。

被驱逐居民装备的任何物品都会返还到仓库。"
Help_Page27_Title,驱逐居民
Help_Page28_BottomText,提示：某些物品不能被找到，只能通过制作获得。
Help_Page28_MainText,"你可以在武器、服装和布局工作间使用垃圾和花费瓶盖来制作物品。

普通、稀有和传说级别的垃圾能够在避难所科技饭盒、废土中、任务以及通过摧毁武器和服装获得。制作更稀有物品需要使用更稀有的垃圾。

制作物品还需要配方。工作间一开始就有一些配方，但是其他配方需要从死掉的掠夺者身上、废土中或是任务获得。

布局配方从碎片而来。在任务中找到这些碎片或者是用量子型核子可乐完成你的布局配方。

点击工作间的制作键查看你能制作的物品，选择你想要制作的物品。升级工作间可以进行稀有以及传说级物品的制作。

取消已经进行的制作会返还全部的垃圾以及一部分瓶盖。"
Help_Page28_MainText_PC,"你可以在武器、服装和布局工作间使用垃圾和花费瓶盖来制作物品。

普通、稀有和传说级别的垃圾能够在避难所科技饭盒、废土中、任务以及通过摧毁武器和服装获得。制作更稀有物品需要使用更稀有的垃圾。

制作物品还需要配方。工作间一开始就有一些配方，但是其他配方需要从死掉的掠夺者身上、废土中或是任务获得。

布局配方从碎片而来。在任务中找到这些碎片或者是用量子型核子可乐完成你的布局配方。

点击工作间的制作键查看你能制作的物品，选择你想要制作的物品。升级工作间可以进行稀有以及传说级物品的制作。

取消已经进行的制作会返还全部的垃圾以及一部分瓶盖。"
Help_Page28_MainText_Xbox,"你可以使用垃圾和瓶盖在武器、服装和主题工作台中制作物品。

在午餐盒、废土和任务中能找到普通、稀有和传奇垃圾，并通过拆解武器和服装来获得。越稀有的物品需要越稀有的垃圾。

你还需要物品的设计图才能制作。工作台初始会自带一些设计图，但其他设计图需要从死去的掠夺者身上、废土中和任务里寻找。

主题设计图是以碎片形式出现的。在任务中寻找这些碎片，或使用量子可乐来完成你的主题设计图。

在工作台中按下[DU]查看可以制作的物品并选择你想要的一个。升级后的武器和服装工作台能制作稀有和传奇物品。

如果你在制作开始后取消，所有垃圾会退还，但只退还部分瓶盖。"
Help_Page28_Title,制作
Help_Page30_BottomText,提示：理发店中的居民只能独自面对突发灾难，所以将他们武装起来。
Help_Page30_MainText,"你可以在理发店中给居民换脸，一次一人。

升级理发店解锁更多的换脸项目。 

魅力值高的居民换脸速度更快。"
Help_Page30_Title,理发店
Help_Page31_BottomText,提示：如果你运气好，可以在任务的容器中找到量子可乐。
Help_Page31_MainText,"量子型核子可乐有以下用途：

- 加快废土的旅行时间

- 立即完成物品的生产

- 立即完成居民的训练

- 跳过更多的每日任务

- 跳过特定的任务

- 立即完成理发

- 获得缺失的配方碎片"
Help_Page31_Title,量子型核子可乐
Impostors,高清画面缩小
Invalid_VaultName,无效的避难所名称。
Inventory_ScrapAll,全部分解
Inventory_SellAll,全部卖出
Inventory_Title_Consumable,消耗品
Inventory_Title_Decorations,装饰
Inventory_Title_Dwellers,居民
Inventory_Title_Junk,垃圾
Inventory_Title_Outfits,服装
Inventory_Title_Pets,宠物
Inventory_Title_Storage_Space,储存空间：
Inventory_Title_Weapons,武器
Inventory_Vault_Full,储存空间不足。建造更多的储藏室或者卖掉一些物品。
Item_None,无
Junk_Desc_AlarmClock,因为睡在里面的居民被派往废土了。
Junk_Desc_BaseballGlove,抓起一个网球，一块石头或是一颗手榴弹，然后马上把它扔出去。
Junk_Desc_BrahminHide,用来制作一件革制夹克再好不过了。两个头意味着要做两顶兜帽！
Junk_Desc_Camera,调查隐藏的真相，或用来给避难所拍全家福。
Junk_Desc_ChemistrySet,让大家明白你是在认真处理科学方面的事物。
Junk_Desc_DeskFan,有效驱散废土的炎热，如果它能正常工作的话。
Junk_Desc_DuctTape,杂物工的秘密武器，用它把东西整理得井然有序。
Junk_Desc_GiddyupButtercup,去吧，没人看着，坐上去骑骑看。
Junk_Desc_Globe,看看地球原来的面貌，或者在你无聊的时候转转它。
Junk_Desc_GoldWatch,如果你希望自己的武器和服装也闪闪发光。
Junk_Desc_MagnifyingGlass,这件蚂蚁杀手可能对辐射蟑螂起不了作用。
Junk_Desc_Microscope,也许在废土中，它更适合作为一件能保护自己的钝器。
Junk_Desc_MilitaryCircuitBoard,顶级电路才能做出顶级服装。
Junk_Desc_MilitaryDuctTape,你可以用这东西把航空母舰拼起来，不信问问铆钉城的居民。
Junk_Desc_PreWarMoney,让钱像2077年时那样满天飞。
Junk_Desc_Shovel,万能又可靠，每个居民都应该配一个。
Junk_Desc_TeddyBear,废土的生活十分艰难，所以它准备好随时给你一个温暖的拥抱。
Junk_Desc_ToyCar,把你带回避难所中无忧无虑的童年生活。
Junk_Desc_TriFoldFlag,记住这面旗帜，这面红白蓝相间的旗帜。
Junk_Desc_Wonderglue,小心别把自己的手或是眼皮粘在一起。
Junk_Desc_YaoGuaiHide,“别惹我。”你的妖怪皮服装向其他人发出警告。
Junk_Desc_Ultracite,放射性玻璃状矿石
Junk_Desc_Yarn,供猫咪玩耍，也能织出极好的服装。
Junk_Name_AlarmClock,闹钟
Junk_Name_BaseballGlove,棒球手套
Junk_Name_BrahminHide,双头牛皮
Junk_Name_Camera,相机
Junk_Name_ChemistrySet,化学烧瓶
Junk_Name_DeskFan,桌扇
Junk_Name_DuctTape,胶带
Junk_Name_GiddyupButtercup,奶油小马
Junk_Name_Globe,地球仪
Junk_Name_GoldWatch,金表
Junk_Name_MagnifyingGlass,放大镜
Junk_Name_Microscope,显微镜
Junk_Name_MilitaryCircuitBoard,军用电路板
Junk_Name_MilitaryDuctTape,军用胶带
Junk_Name_PreWarMoney,战前货币
Junk_Name_Shovel,铲子
Junk_Name_TeddyBear,泰迪熊
Junk_Name_ToyCar,玩具车
Junk_Name_TriFoldFlag,三角国旗
Junk_Name_Wonderglue,万能胶
Junk_Name_YaoGuaiHide,妖怪皮
Junk_Name_Ultracite,超纤矿
Junk_Name_Yarn,线团
KeyboardMapping_ActivateRoom,房间操作
KeyboardMapping_EnterVault,进入避难所
KeyboardMapping_MoveCameraDown1,下
KeyboardMapping_MoveCameraDown2,下
KeyboardMapping_MoveCameraLeft1,左
KeyboardMapping_MoveCameraLeft2,左
KeyboardMapping_MoveCameraRight1,右
KeyboardMapping_MoveCameraRight2,右
KeyboardMapping_MoveCameraUp1,上
KeyboardMapping_MoveCameraUp2,上
KeyboardMapping_OpenClipboardMenu,笔记板
KeyboardMapping_OpenWindowBuildMenu,建造/升级
KeyboardMapping_OpenWindowDailyReport,每日报告
KeyboardMapping_OpenWindowDwellers,居民列表
KeyboardMapping_OpenWindowFriendList,社交
KeyboardMapping_OpenWindowGameSettings,设置/撤销
KeyboardMapping_OpenWindowHelp,帮助
KeyboardMapping_OpenWindowInventory,物品栏
KeyboardMapping_OpenWindowLunchBoxCollection,收藏
KeyboardMapping_OpenWindowObjective,目标
KeyboardMapping_OpenWindowQuestList,任务列表
KeyboardMapping_OpenWindowQuestOptions,打开任务菜单
KeyboardMapping_OpenWindowShop,商店
KeyboardMapping_OpenWindowStat,统计
KeyboardMapping_OpenWindowSurvivalGuide,生存指南
KeyboardMapping_OpenWindowWasteland,废土
KeyboardMapping_RenameSelectedActor,重命名
KeyboardMapping_Reset,取消
KeyboardMapping_ResetToDefault,恢复默认
KeyboardMapping_TiltCameraLeft,视角左移
KeyboardMapping_TiltCameraReset,视角恢复
KeyboardMapping_TiltCameraRight,视角右移
KeyboardMapping_ZoomingCameraIn,视角放大
KeyboardMapping_ZoomingCameraOut,视角缩小
LivingQuarters_Upgrade_Info,你的避难所容量已经满了。
Loading_PleaseStandBy,请稍候
localSaveConfirmMessage,你确定你想要保留本地存档吗？
Login_ConnectionError,连接错误
Login_FullName,全名
Login_InvalidUsernameOrPassword,无效的用户名或密码
Login_Login,登录
Login_Password,密码
Login_PasswordConfirm,确认密码
Login_PasswordDoesntMatch,密码不匹配
Login_PleaseWait,请稍等……
Login_SignUp,注册
Login_Username,用户名
Login_UsernameAlreadyInUse,用户名已被使用
Logout_Confirm,确定注销吗？
LunchBox_Card_Title,一张包含以下物品的卡片：
LunchBox_Card1_Title,卡片1概率：
LunchBox_Card2_Title,卡片2概率：
LunchBox_Card3_Title,卡片3概率：
LunchBox_Card4_Title,卡片4概率：
LunchBox_Card5_Title,卡片5概率：
LunchBox_Content_Card1,瓶盖 (100%)
LunchBox_Content_Card2,"普通武器 (37.5%)
稀有武器 (8.8%)
传奇武器 (1.7%)
普通装甲 (41.4%)
稀有装甲 (5.8%)
传奇装甲 (1.8%)
普通宠物 (2.3%)
稀有宠物 (0.6%)
传奇宠物 (0.1%)"
LunchBox_Content_Card3,"水 (18.2%)
食物 (18.2%)
电力 (18.2%)
量子可乐 (9.0%)
治疗针 (18.2%)
消辐宁 (18.2%)"
LunchBox_Content_Card4,"普通垃圾 (21.5%)
稀有垃圾 (46.7%)
传奇垃圾 (31.8%)"
LunchBox_Content_Card5,"稀有居民 (20.0%)
传奇居民 (4.9%)
巧手先生 (0.2%)
咔嚓猫 (0.02%)
稀有武器 (13.2%)
传奇武器 (7.1%)
稀有装甲 (12.9%)
传奇装甲 (7.8%)
普通宠物 (0.02%)
稀有宠物 (1.0%)
传奇宠物 (0.3%)
瓶盖 (32.6%)"
LunchBox_ContentLine1,可能获得的物品包括居民、瓶盖、资源、武器、装甲、宠物、治疗针、消辐宁、垃圾、巧手先生或量子可乐。
LunchBox_ContentLine2,总共随机抽取5张卡片
LunchBox_ContentRedeemTitle1,避难所科技饭盒
LunchBox_ContentRedeemTitle2,5个午餐盒组合包
LunchBox_ContentRedeemTitle3,15个午餐盒组合包
LunchBox_ContentRedeemTitle4,40个午餐盒组合包
LunchBox_ContentTitle,每个避难所科技饭盒包含：
LunchBox_DoYouWantToBuyOne,你没有避难所科技饭盒，是否购买？
LunchBox_NotEnoughNuka,你没有足够的瓶盖
LunchBox_WindowTitle,午餐盒
MainMenu_EnterVault,进入避难所 {0}
MainMenu_NoVault_Survival,我们强烈建议你选择正常模式进行游戏，学习基本的游戏操作后再尝试生存模式。
MainMenu_Survival_Mode,生存模式
MainMenu_Survival_Mode_Confirm,避难所科技一级警报！我们侦测到你选择了最严酷和危险的社会实验 - 生存模式！再生存模式中，你的避难所将会面临更致命的威胁，对资源的需求也更大，而且你将无法复活居民！
MainMenu_Survival_Mode_Confirm_Part02,更关键的是，你选择走这条路就无法回头了！由于没时间进行心理评估，避难所科技假定你完全能够控制你的员工，请理解。祝好运，监督者！
MainMenu_TapToStart,进入避难所 {0}
MainMenu_WelcomeTo,欢迎来到
MainMenu_Xbox_SignIn,请登录。
MainMenu_Xbox_SignInError,未处理的登录事件
MainMenu_Xbox_SigningIn,登陆中……
MainMenu_Xbox_SwitchingProfile,切换配置中……
Menu_Loading,加载中
Menu_NowLoading,正在加载……
Message_Androind_QuitWarning_Text,确定退出游戏吗？
Message_Androind_QuitWarning_Title,退出
Message_CantDestroyRoom_Dweller,你无法摧毁这间房，因为里面还有居民。
Message_CantDestroyRoom_InUse,你无法摧毁这间房，因为它正在使用中。
Message_CantDestroyRoom_MrHandy,你无法摧毁这间房，因为巧手先生正在里面工作。
Message_CantDestroyRoom_Path,你无法摧毁这间房，因为它与两间房相连。
Message_CantDestroyRoom_Storage,你无法摧毁这间房，因为它的储存空间被占用。
Message_CantDestroyRoom_VaultDwellerSpace,无法摧毁这间房，这会导致你的人口溢出。
Message_CompleteThemeRecipeNukaQuantum,确定消耗{0}瓶量子型核子可乐完成该布局配方吗？
Message_CraftingTimeSkipNukaQuantum,确定消耗{0}瓶量子型核子可乐立即完成制造吗？
Message_CriticalHit_Failed,失败
Message_CriticalHit_Multiplier,{0}X伤害
Message_CustomizationTimeSkipNukaQuantum,确定立即完成{0}量子型核子可乐的自定义吗？
Message_DataUpdateRequired,有新的游戏数据可用。请退出到主菜单，重新加载你的避难所。
Message_DoYouWantDestroyTheRock,你真的要摧毁这块岩石吗？
Message_DoYouWantDestroyTheRoom,"你真的要摧毁该房间吗？
退还：{0}瓶盖"
Message_DoYouWantRemoveMrHandy,这将永久移除此机器人离开你的避难所，你确定吗？
Message_DoYouWantToSellItem,你确定你想要以 {1} 瓶盖的价格卖掉{0}吗？
Message_DwellerBorn,新生命
Message_DwellersWaiting,排队中的居民太多了。
Message_EvictDweller,你真的要驱逐这个居民吗？
Message_GenericPopup_Body,避难所科技已为所有监督者准备了特殊奖励！
Message_GenericPopup_Title,避难所科技优先通知！
Message_GoToQuestSkipNukaQuantum,确定消耗{0}瓶量子型核子可乐立即开始任务吗？
Message_IncompatibleJoystick,你的控制器可能不受支持。如果遇到问题，请拔掉它。
Message_Intro_01,恭喜！避难所科技将你选为了[XXX]号避难所的监督者。
Message_Intro_02,避难所保护人们免受废土中的危险。
Message_Intro_03,作为监督者，你的工作是扩展和维持你的避难所，同时保持居民安全快乐。
Message_Intro_04,每个房间都对应SPECIAL的其中一项属性。安排居民去属性值最匹配的房间，这样会使他们感到快乐，生产更多的资源。
Message_Intro_05,避难所科技会根据你的表现做一个每日统计分数。记得使你的居民保持快乐！
Message_InventoryFailure,获取物品列表时出现问题，请稍后再试。
Message_LivingQuarters_Full,避难所居民已满。建造更多的起居室。
Message_MaxLevel,达到最高等级
Message_NeedOverseerOffice,你必须建造监督者办公室才能进入任务列表。
Message_NoCraft_Incident,你无法在发生灾难时制作物品。
Message_NoCustomize_Incident,你无法在发生灾难时给居民换脸。
Message_NoDwellers,你没有在该房间分配居民。
Message_NoRush,此时你无法对该房间使用加速。
Message_NoSkipTime,当前你无法使用量子型核子可乐，请稍后再试。
Message_NoSpaceForRoom,房间没有多余空间了
Message_NotEnoughResources,资源不足
Message_NoValidDwellerToStartQuestTutorial,避难所中至少需要留有一个居民才能够建造监督者办公室。
Message_ObjectiveSkipNukaQuantum,确定使用{0}瓶量子型核子可乐跳过该任务吗？
Message_UltraciteToolTip,不可被摧毁。在此建造一座超纤矿。
Message_OneHundredMillionPopup_Body,"我们共同达成了重大里程碑：

超过1亿位监督者创建了他们独一无二的《辐射：避难所》！
请收下这份免费礼物，这是避难所科技以它的方式说……谢谢！
别忘了明天再来领取另一份特殊奖励！"
Message_OneHundredMillionPopup_Body2,"我们共同达成了重大里程碑：

超过1亿位监督者创建了他们独一无二的《辐射：避难所》！
请收下这份免费礼物，这是避难所科技以它的方式说……谢谢！"
Message_OutOfAP,你没有足够的瓶盖
Message_OutOfNukaCaps,你没有足够的瓶盖
Message_OutOfNukaQuantum,你需要{0}瓶或是更多的量子型核子可乐，要前往商店购买吗？
Message_OutOfNukaQuantumStoreButton,商店
Message_OutOfNukaQuantumStoreButton_Switch,打开eShop
Message_OutOfRadAway,你没有足够的消辐宁
Message_OutOfStimpacks,你没有足够的治疗针
Message_OverseerOfficeNoPower,监督者办公室不能没有电力，请生成更多的电力后再来运营！
Message_PCOfflineMode,游戏将会以离线模式运行，商店功能将会无法使用。要使用商店功能，请重启游戏并且连接至网络。
Message_PCOfflineMode_Steam,Steam当前处于离线状态。商店暂时不可用，你将无法进行购买。
Message_PCServiceUnavailable,Bethesda.Net服务暂时不可用，请稍后再试。
Message_PS4EmptyStore,目前商店中没有可供购买的物品。
Message_PS4SignIn,你必须登录PlayStation™Network才能使用此功能。
Message_PurchaseConnectionError,无法连接商店，请检查你的网络并重试！
Message_PurchaseFailure,此时无法购买该物品，请检查你的网络并重试！
Message_PurchasePCConnectionError,在离线模式下无法使用商店，请重启游戏并且连接至网络后开启商店功能。
Message_Quest_DeadDweller_Recall_Warning,死亡的居民将会直接消失，确定要召回吗？
Message_Quest_DeadDweller_RemoveAll_Warning,死亡的居民将会直接消失，全部移除吗？
Message_Quest_DwellerNoLongerAvailable,{0}当前无法分配任务。
Message_Quest_GiveUp,在任务中获得的战利品将会丢失，确定要放弃吗？
Message_Quest_MaxTeams,你已经派出了最大数量的任务队伍。升级监督者办公室以派出更多。
Message_Quest_MaxTeams_MaxLevel,你已经派出了最大数量的任务队伍。
Message_Quest_ReturnToVault,确定要居民返回避难所吗？
Message_Quest_ReturnToWastelandFromSurpriseQuest,要继续探索废土吗？
Message_QuestSkipNukaQuantum,使用{0}瓶量子型核子可乐跳过该任务吗？
Message_RadAway_NoRad,没有受到辐射，不需要使用消辐宁
Message_Ready,准备
Message_RedeemBeforeBuyingAgain,此物品正在等待领取。请在商店中兑换后再购买一次。
Message_RedeemPopup_Body,"前往商店兑换[ffff00][-]。
物品可随时兑换。"
Message_RedeemPopup_Continue,点击兑换
Message_RedeemPopup_Continue_Switch,点击兑换
Message_RedeemPopup_Continue_Xbox,按 [A] 兑换
Message_RedeemPopup_Hint,物品只能在一个避难所中领取。
Message_RedeemPopup_Title,您有新的购买物品可领取！
Message_ReedemStarterPackAlreadyPurchased,每个避难所只能领取一个新手包。请在其他避难所重试。
Message_RemoveDeadDweller,你真的要移除已死亡的居民吗？
Message_RemoveDeadDwellerQuest,确定要移除全部死亡的居民吗？
Message_ReplaceLocalSave,云端存档将替换你当前的本地游戏。是否继续？
Message_RoomInEmeregency,你无法在发生灾难时给房间加速。
Message_RoomMaxPets,该房间无法容纳更多携带宠物的居民。
Message_RoomRushing,一间房现在正处于加速模式。
Message_RoomSkipingTime,另一个房间当前正在使用量子型核子可乐，请稍后再试。
Message_Stimpack_FullHP,生命值已满，不需要使用治疗针。
Message_StorageFull_Crafting,物品栏满时你无法收集制作完成的物品。
Message_StorageFull_Scrapping,物品栏已满，您无法进行分解操作。
Message_ThemeChange_Diner,合并升级的餐厅布局将会从{0}变为{1}，确定要这么做吗？
Message_ThemeChange_LivingQuarters,合并升级的生活区布局将会从{0}变为{1}，确定要这么做吗？
Message_ThemeChange_WeaponFactory,所有完全合并并升级的武器工厂的主题将从 {0} 更改为 {1}。确定吗？
Message_ThemeCraftingTimeSkipNukaQuantum,确定使用{0}瓶量子型核子可乐直接跳过该生产过程吗？
Message_ThemeReload,您必须重新加载才能应用{0}布局，确定要重新加载吗？
Message_TooManyMrHandyInWasteland,你派去探索废土的巧手先生数量已经达到最大值。
Message_TrainingTimeSkipNukaQuantum,确定使用{0}瓶量子型核子可乐跳过该训练步骤吗？
Message_Tutorial_01,欢迎来到你的避难所，{监督者}。让我们先了解一下最基本的概念。
Message_Tutorial_02,首先让我们来{建造}一个{房间}。点击{锤子图标}来打开{建造菜单}。
Message_Tutorial_02_PC,首先，让我们{建造}一个{房间}。点击{锤子图标}打开{建造菜单}。
Message_Tutorial_02_Xbox,首先，让我们{建造}一个{房间}。按[Y]打开{建造菜单}。
Message_Tutorial_03,我们要建造一间{发电机}来生产{电力}。{点击}{电力室}。
Message_Tutorial_03_PC,我们要建造一间{发电机}来生产{电力}。{点击}{电力室}。
Message_Tutorial_03_Xbox,我们将建造一个{POWER GENERATOR}，它会生产{POWER}。按 [A] 键{SELECT}该{POWER ROOM}。
Message_Tutorial_04,在{建造区域}，你可以建造各类{房间}。{点击}{建造区域}以确定位置。
Message_Tutorial_04_PC,在{建造区域}，你可以建造各类{房间}。{点击}{建造区域}以确定位置。
Message_Tutorial_04_PS4,{BUILD ZONES}是您可以建造{ROOMS}的地方。使用{LEFT STICK}{SELECT}一个{BUILD ZONE}，然后{PRESS} [A] 确认。
Message_Tutorial_04_Switch,{BUILD ZONES}是您可以建造{ROOMS}的地方。使用{LEFT STICK}{SELECT}一个{BUILD ZONE}，然后{PRESS} [A] 确认。
Message_Tutorial_04_Xbox,{BUILD ZONES}是您可以建造{ROOMS}的地方。使用{LEFT STICK}{SELECT}一个{BUILD ZONE}，然后{PRESS} [A] 确认。
Message_Tutorial_05,现在我们需要{居民}来操作{发电机}，生产电力。
Message_Tutorial_06,瞧！{新的居民}出现在了{避难所大门}。
Message_Tutorial_07,让我们来查看一下{居民}的{状态}。{点击}一位{居民}来{查看他们的信息}。
Message_Tutorial_07_PC,让我们来查看一下{居民}的{状态}。{点击}一位{居民}来{查看他们的信息}。
Message_Tutorial_07_PS4,让我们查看一位{DWELLER}的{STATS}。使用左摇杆{MOVE}到{WASTELAND}以{SELECT}第一位{DWELLER}。
Message_Tutorial_07_Switch,让我们查看一位{DWELLER}的{STATS}。使用左摇杆{MOVE}到{WASTELAND}以{SELECT}第一位{DWELLER}。
Message_Tutorial_07_Xbox,让我们查看一位{DWELLER}的{STATS}。使用左摇杆{MOVE}到{WASTELAND}以{SELECT}第一位{DWELLER}。
Message_Tutorial_08,你可以查看{居民的SPECIAL属性值}。这条信息告诉你如何分配能让{居民}最有效率地工作。
Message_Tutorial_09,想要分配任务给一位{居民}，{点击}并{长按}该居民，然后将他们{拖}入一个房间。试着把这个{居民}派去操作你刚建造好的{发电机}。
Message_Tutorial_09_PC,想要分配任务给一位{居民}，{点击}并{长按}该居民，然后将他们{拖}入一个房间。试着把这个{居民}派去操作你刚建造好的{发电机}。
Message_Tutorial_09_Xbox,要指派一位{SELECTED DWELLER}，{HOLD} [A] 抓住他，然后{SELECT}一个房间。尝试将此{DWELLER}指派到您刚建造的{POWER GENERATOR}房间。
Message_Tutorial_10,现在将第二位{居民}派往{发电室}。{点击}并{长按}来将{居民}{拖}入房间。
Message_Tutorial_10_PC,现在将第二位{居民}派往{发电室}。{点击}并{长按}来将{居民}{拖}入房间。
Message_Tutorial_10_Xbox,现在将第二位{DWELLER}指派到{POWER GENERATOR}。记得{MOVE}到{WASTELAND}，然后{HOLD} [A] 抓住他。
Message_Tutorial_11,由于{居民}已经开始工作了，房间就会开始{生产资源}。{双击}一个{房间}来近距离查看。
Message_Tutorial_11_PC,由于{居民}已经开始工作了，房间就会开始{生产资源}。{双击}一个{房间}来近距离查看。
Message_Tutorial_11_Xbox,现在{DWELLERS}正在工作，房间将开始{PRODUCING RESOURCES}。{HOLD} [RT] 拉近视角仔细查看。
Message_Tutorial_12,如果你急需更多的资源，可以开启{加速模式}。{点击}{加速按钮}来{开启}{加速模式}。
Message_Tutorial_12_PC,如果你急需更多的资源，可以开启{加速模式}。{点击}{加速按钮}来{开启}{加速模式}。
Message_Tutorial_12_Xbox,如果您急需额外资源，可以使用{RUSH MODE}。按 [DU] 键{OPEN}{RUSH MENU}。
Message_Tutorial_13,激活加速模式能够立即产生{资源}，还会{奖励}你{瓶盖}。但是要当心，可能会产生破坏性的{灾难}。
Message_Tutorial_14,棒极了！你成功地完成了第一次加速并收集到了{瓶盖}。
Message_Tutorial_15,现在{点击}{资源图标}来{收集}资源并{重新开始生产}。
Message_Tutorial_15_PC,现在{点击}{资源图标}来{收集}资源并{重新开始生产}。
Message_Tutorial_15_Xbox,现在按 [A] 键{COLLECT}资源并{RESTART ROOM PRODUCTION}。
Message_Tutorial_16,每{周}，{避难所科技}都会检查你的避难所并根据你的表现来给你打分。
Message_Tutorial_17,恭喜！你赚到了第一笔{奖励} — 一个装满了好东西的{避难所科技饭盒}。
Message_Tutorial_18,完成避难所科技{目标}来赚取{瓶盖}并{增加}你的{避难所科技分数}。
Message_Tutorial_19,{添加好友}后可以{拜访}并查看他们的{避难所}和{收集瓶盖}。
Message_Tutorial_20,派{居民}去{废土}收集{瓶盖}，{服装}和{武器}。
Message_Tutorial_21,{广播室}会从废土中召来居民，并且提升避难所中{居民的愉悦度}。
Message_Tutorial_22,你能在这儿查看当前拥有的全部{武器}和{服装}。
Message_Tutorial_23,{训练}你的居民以{提升}他们的{SPECIAL}属性。
Message_Tutorial_24,{男性}和{女性}居民同时在{起居室}中时有一定的几率制造{小宝宝}。
Message_Tutorial_25,{破坏岩石}便于往更深处{扩展}你的{避难所}。
Message_Tutorial_26,{储藏室}能扩展你{避难所的物品栏}。
Message_Tutorial_27,房间需要有{电力}才能运作。再次点击{确认}。
Message_Tutorial_27_PC,房间需要有{电力}才能运作。再次点击{确认}。
Message_Tutorial_27_Xbox,房间需要{POWER}才能运行。再次按 [A] 键{CONFIRM}。
Message_Tutorial_28,现在已经了解了监督者事务的基本规则，不断地扩展你的避难所吧。记住，要让你的居民快乐地生活。祝你好运！
Message_Tutorial_29,点击{核子可乐瓶盖}来打开{午餐盒菜单}。
Message_Tutorial_29_Xbox,选择{PIP-BOY}中的{LUNCHBOX ICON}以打开您的{LUNCHBOX MENU}。
Message_Tutorial_30,瞧！更多{居民}出现在了{避难所门口}。
Message_Tutorial_31,确保你在派{居民}探索{废土}之前已经为他们全副武装。这会增大他们存活的几率。
Message_Tutorial_32,{建造}一部{电梯}来通向下一层。
Message_Tutorial_34,记得在{建造}{房间}之前先把石头{摧毁}掉。
Message_Tutorial_35,没有足够的建筑空间了！{摧毁}那些挡住路的{岩石}。
Message_Tutorial_36,{摧毁}挡住电梯的石头以向下一层延伸。
Message_Tutorial_38,让我们来造第二间{房间}吧。
Message_Tutorial_39,你需要一间{餐厅}，它会生产{食物}。请{点击}{餐厅}。
Message_Tutorial_39_PC,你需要一间{餐厅}，它会生产{食物}。请{点击}{餐厅}。
Message_Tutorial_39_Xbox,您需要一个{DINER}来生产{FOOD}。{SELECT}{DINER}。
Message_Tutorial_40,居民需要{食物}来保证自己的{健康状态}。再次点击以{确认}。
Message_Tutorial_40_PC,居民需要{食物}来保证自己的{健康状态}。再次点击以{确认}。
Message_Tutorial_40_Xbox,居民需要{FOOD}来维持{HEALTH}。再次按 [A] 键{CONFIRM}。
Message_Tutorial_41,{点击}{建造区域}以确定位置。
Message_Tutorial_41_PC,{点击}{建造区域}以确定位置。
Message_Tutorial_41_Xbox,通过{SELECTING}一个{BUILD ZONE}来确认位置。
Message_Tutorial_42,现在让我们再建一个房间。
Message_Tutorial_43,这一次，你需要建造一间{水处理室}来生产{水}。请{点击}{水处理室}。
Message_Tutorial_43_PC,这一次，你需要建造一间{水处理室}来生产{水}。请{点击}{水处理室}。
Message_Tutorial_43_Xbox,这次您需要一个{WATER TREATMENT}房间来生产{WATER}。{SELECT}{WATER TREATMENT}。
Message_Tutorial_44,居民需要{水}来减少{辐射}伤害。再次点击以{确认}。
Message_Tutorial_44_PC,居民需要{水}来减少{辐射}伤害。再次点击以{确认}。
Message_Tutorial_44_Xbox,居民需要{WATER}来保持{RADIATION}水平较低。再次按 [A] 键{CONFIRM}。
Message_Tutorial_45,{点击}{建造区域}以确定位置。
Message_Tutorial_45_PC,{点击}{建造区域}以确定位置。
Message_Tutorial_45_Xbox,通过{SELECTING}一个{BUILD ZONE}来确认位置。
Message_Tutorial_46,干得漂亮！这儿有一些{食物}和{水}作为{避难所}的起始资源。查看{测量}来查看你的{资源}需求。
Message_Tutorial_46_PS4,干得好！这里有一些{FOOD}和{WATER}来启动您的{VAULT}。按 {L3} 显示您的避难所{METER}详情，并记得跟踪您的{RESOURCES}需求。
Message_Tutorial_46_Switch,干得好！这里有一些{FOOD}和{WATER}来启动您的{VAULT}。{PRESS}{LEFT STICK}显示您的避难所{METER}详情，并记得跟踪您的{RESOURCES}需求。
Message_Tutorial_46_Xbox,干得好！这里有一些{FOOD}和{WATER}来启动您的{VAULT}。{CLICK}{LEFT STICK}显示您的避难所{METER}详情，并记得跟踪您的{RESOURCES}需求。
Message_Tutorial_47,{垃圾}可以用来在{工坊}{制造武器}和{服装}。
Message_Tutorial_48,{怀孕的居民}准备进行生产了！{点击}她头上的{图标}来迎接你避难所中的{新成员}。
Message_Tutorial_48_PC,{怀孕的居民}准备进行生产了！{点击}她头上的{图标}来迎接你避难所中的{新成员}。
Message_Tutorial_48_Xbox,一位{PREGNANT DWELLER}即将分娩！{SELECT}她以欢迎一位{CHILD}加入您的避难所。
Message_Tutorial_49,你的{物品栏}已{满}。多出来的{物品}会被收纳，但在你建造足够的储存空间之前都会{不可用}。
Message_Tutorial_50,在超出{物品栏}{虚线方框}中的{物品}会{无法使用}，直到有充足的储存空间为止。
Message_Tutorial_51,{分解}一件{物品}，将其变为{垃圾}，但是这是{有风险的}。你也许可以获得大量的{垃圾}，也有可能只能获得一点点，甚至一点都没有。
Message_Tutorial_52,恭喜你 – 你建造了{监督者办公室}！你现在可以派遣{居民}外出执行{任务}了。
Message_Tutorial_53,{选择}{哔哔小子菜单}可以进入{任务列表}。
Message_Tutorial_53_Xbox,要访问您的{QUEST LIST}，按 [B] 键打开{PIP-BOY}。
Message_Tutorial_54,现在，请{选择}{地图图标}。
Message_Tutorial_55,可用的{任务}将会显示在这里，{选择}第一个{任务}查看更多相关信息。
Message_Tutorial_56,{点击}这里来分配{居民}至{任务}小队。
Message_Tutorial_56_PC,{点击}这里来分配{居民}至{任务}小队。
Message_Tutorial_56_Xbox,按 [A] 键将{DWELLERS}指派到{QUEST}队伍。
Message_Tutorial_57,首先，请{选择}一个{居民}栏位。
Message_Tutorial_58,现在，请{选择}需要派遣至{任务}的居民。
Message_Tutorial_59,{选择}物品栏位，做好{居民}外出执行{任务}的准备。
Message_Tutorial_60,现在，请{选择}一件{武器}。
Message_Tutorial_61,当你完成{居民}的分配以及装备后，{点击}{开始任务}按钮派遣居民外出执行任务。
Message_Tutorial_61_PC,当你完成{居民}的分配以及装备后，{点击}{开始任务}按钮派遣居民外出执行任务。
Message_Tutorial_61_Xbox,当您完成{DWELLERS}的指派和装备后，选择{START QUEST}让他们出发冒险。
Message_Tutorial_62,{点击}{废土}打开{废土任务记录}。
Message_Tutorial_62_PC,{点击}{废土}打开{废土任务记录}。
Message_Tutorial_62_Xbox,按 [DL] 键打开{WASTELAND QUEST LOG}。
Message_Tutorial_63,如果拥有{量子型核子可乐}，你可以立即完成{任务}。{点击}这里使用避难所科技用于立即完成{任务}的{量子型核子可乐}。
Message_Tutorial_63_PC,如果拥有{量子型核子可乐}，你可以立即完成{任务}。{点击}这里使用避难所科技用于立即完成{任务}的{量子型核子可乐}。
Message_Tutorial_63_Xbox,使用{NUKA-COLA QUANTUM}您可以立即到达一个{QUEST}。选择{REACH NOW}使用避难所科技提供的{NUKA-COLA QUANTUM}。
Message_Tutorial_64,你还能在{避难所}使用{量子型核子可乐}跳过{目标}，也可以加快{生产}、{训练}和{理发}。
Message_Tutorial_65,{任务}可以让你探索新的地区，发现新的{居民}以及获得{战利品}。右上角的{地图图标}可以显示你当前的{任务目标}。
Message_Tutorial_66,你的居民会自动离开避难所执行任务。
Message_Tutorial_67,如果您不想要新居民，您可以{STOP}{RADIO STUDIO}的呼叫。它仍会在避难所内广播并提升{HAPPINESS}。
Message_Tutorial_68,想要分配任务给一位{居民}，{点击}并{长按}该居民，然后将他们{拖}入一个房间。试着把这个{居民}派去操作你刚建造好的{发电机}。
Message_Tutorial_68_PC,想要分配任务给一位{居民}，{点击}并{长按}该居民，然后将他们{拖}入一个房间。试着把这个{居民}派去操作你刚建造好的{发电机}。
Message_Tutorial_68_PS4,使用{LEFT STICK}{MOVE}{DWELLER}到{POWER ROOM}，然后按 [A] 键将其指派到房间
Message_Tutorial_68_Switch,使用{LEFT STICK}{MOVE}{DWELLER}到{POWER ROOM}，然后按 [A] 键将其指派到房间
Message_Tutorial_68_Xbox,使用{LEFT STICK}来{MOVE}将{DWELLER}移动到{POWER ROOM}，然后按[A]将其分配到该房间
Message_Tutorial_NoRoomDwellers,你刚才用光了避难所中最后的可用空间。建造更多的{生活区}为居民提供住宿。
Message_TutorialPopup_01_Body,"以下资源产量过低时，屏幕顶部的标尺会变红。

电力低时，房间会逐个停电。
食物紧缺时，居民会开始损失体力。
水紧缺时，居民会开始受到辐射影响。

最低标准资源刻度会显示你的避难所当前所需的资源量。"
Message_TutorialPopup_01_Hint,提示：距离最低标准资源刻度越远，受到的影响越大。
Message_TutorialPopup_01_Title,"你的避难所需要稳定的
电力，食物和水来保持正常运作。"
Message_TutorialPopup_02_Body,"房间内的居民会自动处理灾害。
战斗时居民会损失体力。
当居民失败时，灾害会向邻近的房间扩散。"
Message_TutorialPopup_02_Hint,提示：将居民拖入或拖出发生灾害的房间以保证他们能存活下来。
Message_TutorialPopup_02_Hint_Xbox,提示：将居民分配到受灾难影响的房间内或外出，以确保他们存活。
Message_TutorialPopup_02_Title,灾害会在加速失败时发生，或是随机发生。
Message_TutorialPopup_03_Body,"你建造的房间越多，需要的电力也越多。
如果你的电力槽变红了，房间会开始断电。
断电的房间会变黑，同时也不能再生产资源了。"
Message_TutorialPopup_03_Hint,提示：重新分配居民或者开启加速模式来保持电力平衡。
Message_TutorialPopup_03_Title,电力是最重要的资源。
Message_TutorialPopup_04_Body,完成目标能帮你赚取瓶盖。你可以点击哔哔小子菜单中的缎带图标来查看目标。
Message_TutorialPopup_04_Body_PC,完成目标能帮你赚取瓶盖。你可以点击哔哔小子菜单中的缎带图标来查看目标。
Message_TutorialPopup_04_Body_Xbox,完成目标能帮你赚取瓶盖。你可以选择哔哔小子菜单中的缎带图标来查看目标。
Message_TutorialPopup_04_Hint,提示：一些目标会奖励避难所科技饭盒！
Message_TutorialPopup_04_Title,目标
Message_TutorialPopup_05_Body,你可以派居民探索废土。把居民拖出避难所，给他们装备上补给，他们就能开始冒险了。
Message_TutorialPopup_05_Body_Xbox,您可以派遣居民探索废土。将一名居民派到避难所外，并给予补给以开始他们的冒险。
Message_TutorialPopup_05_Hint,提示：把居民留在废土中太久会导致死亡
Message_TutorialPopup_05_Title,废土
Message_TutorialPopup_06_Body,你的避难所需要更多居民？试试把居民放到起居室，看看会不会出现什么神奇的事。
Message_TutorialPopup_06_Hint,提示：确保你的避难所有足够的居住空间，这样女性才可以生小孩
Message_TutorialPopup_06_Title,婴儿
Message_TutorialPopup_07_Body,将2至3间房子并列且相邻建造可使其融合成更大的房间。
Message_TutorialPopup_07_Hint,提示：房间等级相同的情况下才会互相融合。
Message_TutorialPopup_07_Title,房间融合 - 升级
Message_TutorialPopup_08_Body,"你的避难所储藏室会收集居民从废土或避难所科技饭盒得到的物品。
点击哔哔小子菜单中的盒子图标查看你收藏的物品。"
Message_TutorialPopup_08_Body_PC,"避难所的仓库会存放所有居民从废土或是避难所科技饭盒获得的物品。
点击哔哔小子菜单中的箱子按钮来查看你的库存。"
Message_TutorialPopup_08_Body_Xbox,"您的避难所仓库会存放居民从废土或午餐盒中获得的所有物品。
选择哔哔小子中的箱子图标以查看您存放的物品。"
Message_TutorialPopup_08_Hint,提示：其他房间全满时，储藏室是绝佳的居民收容间。
Message_TutorialPopup_08_Title,仓库
Message_TutorialPopup_09_Body,建造制药间能让你的避难所生产治疗针，从而治疗受伤的居民。
Message_TutorialPopup_09_Hint,提示：派居民去废土之前为他们装备上治疗针和消辐宁可以增加他们的存活几率
Message_TutorialPopup_09_Title,消辐宁 - 治疗针
Message_TutorialPopup_10_Body,你刚刚获得了一个避难所科技饭盒。点击哔哔小子菜单中的饭盒图标来打开它，或者购买新的避难所科技饭盒。
Message_TutorialPopup_10_Body_PC,你刚刚获得了一个避难所科技饭盒。在哔哔小子菜单中选择避难所科技饭盒的图标来打开你的避难所科技饭盒或是购买额外的避难所科技饭盒。
Message_TutorialPopup_10_Body_Xbox,你刚刚获得了一个避难所科技饭盒。在哔哔小子菜单中选择避难所科技饭盒的图标来打开你的避难所科技饭盒或是购买额外的避难所科技饭盒。
Message_TutorialPopup_10_Hint,
Message_TutorialPopup_10_Title,
Message_TutorialPopup_11_Body,建造科学实验室能让你的避难所生产消辐宁，减少居民受到的辐射伤害。
Message_TutorialPopup_11_Hint,
Message_TutorialPopup_11_Title,
Message_TutorialPopup_12_Body,升级生产间以生产更多资源。点击右上角的箭头图标来升级房间。
Message_TutorialPopup_12_Body_PC,升级你的生产工作间来获得更多的资源，选择右下角的箭头图标来升级房间。
Message_TutorialPopup_12_Body_Xbox,升级您的生产房间以生产更多资源。在选中房间时按[DR]进行升级。
Message_TutorialPopup_12_Hint,
Message_TutorialPopup_12_Title,
Message_TutorialPopup_13_Body,融合房间来增加居民的容纳量，以生产更多资源。
Message_TutorialPopup_13_Hint,
Message_TutorialPopup_13_Title,
Message_TutorialPopup_14_Body,建造更多的储藏室或升级你现有的储藏室来获得更多的空间。
Message_TutorialPopup_14_Hint,
Message_TutorialPopup_14_Title,
Message_TutorialPopup_15_Body,你可以点击一位居民查看他的身份信息栏，在这里你可以为他/她装备物品和武器以及使用治疗针和消辐宁。
Message_TutorialPopup_15_Body_PC,你可以点击居民信息面板，为居民装备物品或是武器，也可以为他们使用消福宁和治疗针。
Message_TutorialPopup_15_Body_Xbox,您可以通过选择一位居民，从居民信息面板中装备物品和武器，并使用消辐宁和治疗针。
Message_TutorialPopup_15_Hint,
Message_TutorialPopup_15_Title,
Message_TutorialPopup_16_Body,高幸运的居民在加速房间时成功率更高，且在生产完成时能获得额外的瓶盖奖励。
Message_TutorialPopup_16_Hint,
Message_TutorialPopup_16_Title,
Message_TutorialPopup_17_Body,"宠物可以增加你的居民的属性。
稀有度更高的宠物提供的奖励更多。
配备宠物的方式与装备武器和服装的方式一致。"
Message_TutorialPopup_17_Hint,提示：某类特定的宠物专为探索废土的居民设计。
Message_TutorialPopup_17_Title,宠物
Message_TutorialPopup_18_Hint,提示：传言说在废土深处可以找到传说等级的垃圾。
Message_TutorialPopup_18_Title,制作
Message_TutorialPopup_20_Body_Part1,避难所科技检测到了高科技，新的特性如下：
Message_TutorialPopup_20_Body_Part2,"- 选择一个居民，可以将其分配到一个房间或是废土中。

- 选择仓库可以打开你的物品栏。

- 在设备的主界面，选择避难所图标可以直接进入避难所。"
Message_TutorialPopup_20_Hint,
Message_TutorialPopup_20_Title,3D 触控
Message_TutorialPopup_21_Body_Part1,拖动居民至新的地区或是点击你想要前往的地区可以进行探索。
Message_TutorialPopup_21_Body_Part1_PC,拖动居民至新的地区或是点击你想要前往的地区可以进行探索。
Message_TutorialPopup_21_Body_Part1_Xbox,通过选择您希望居民前往的房间进行探索。
Message_TutorialPopup_21_Body_Part2,选择居民后再选择敌人或是拖动居民至要攻击的目标可以分配居民直接攻击敌人。
Message_TutorialPopup_21_Body_Part2_PC,选择居民后再选择敌人或是拖动居民至要攻击的目标可以分配居民直接攻击敌人。
Message_TutorialPopup_21_Body_Part2_Xbox,要攻击特定敌人，在选中居民时按住[A]以显示目标，然后选择一个敌人。
Message_TutorialPopup_21_Title,移动以及战斗
Message_TutorialPopup_22_Body,在废土中的居民有几率遇到特殊地区！你可以选择进入该地区或是无视该地区继续进行探索。
Message_TutorialPopup_23_Body,使用量子型可以直接让他们返回避难所。
Message_TutorialPopup_24_Body_Part1,当该图标显示时，点击该图标可以发动致命一击。
Message_TutorialPopup_24_Body_Part1_PC,当该图标显示时，点击该图标可以发动致命一击。
Message_TutorialPopup_24_Body_Part1_Xbox,当出现勾选图标时，像选择居民那样选中它，然后按住[A]以发动暴击。
Message_TutorialPopup_24_Body_Part2,再次点击，尽可能地使箭头靠近中心位置，箭头越靠近中心位置，造成的伤害越高。
Message_TutorialPopup_24_Body_Part2_PC,再次点击，尽可能地使箭头靠近中心位置，箭头越靠近中心位置，造成的伤害越高。
Message_TutorialPopup_24_Body_Part2_Xbox,然后按[A]停止箭头。箭头越近，伤害倍率越高。
Message_TutorialPopup_24_Title,致命一击
Message_TutorialPopup_25_Body,"

- 加速废土旅行时间

- 立即制作物品

- 每天跳过多个目标

- 跳过某些任务

- 立即完成理发店自定义


"
Message_TutorialPopup_25_Hint,如果你的量子型核子可乐用完了，你也可以在商店里购买进行补充。
Message_TutorialPopup_25_Title,量子型核子可乐可以用于：
Message_TutorialPopup_26_Body,"布局说明！

- 在任务中可以发现布局配方碎片。

- 建造新的布局工坊就可以生产布局。

- 布局可以应用于餐厅和生活区。"
Message_TutorialPopup_26_Hint,提示：你可以使用量子型核子可乐获得一些缺失的布局配方碎片。
Message_TutorialPopup_26_Title,布局
Message_TutorialPopup_27_Body_PS4,"使用左摇杆选择一个房间。

选择房间后，按[A]或使用左摇杆循环选中该房间内的居民。

使用右摇杆移动镜头，使用[LT]和[RT]进行缩放。"
Message_TutorialPopup_27_Body_Switch,"使用左摇杆选择一个房间。

选择房间后，按[A]或使用左摇杆循环选中该房间内的居民。

使用右摇杆移动镜头，使用[LT]和[RT]进行缩放。"
Message_TutorialPopup_27_Body_Xbox,"使用左摇杆选择一个房间。

选择房间后，按[A]或使用左摇杆循环选中该房间内的居民。

使用右摇杆移动镜头，使用[LT]和[RT]进行缩放。"
Message_TutorialPopup_27_Hint_Xbox,
Message_TutorialPopup_27_Title_Xbox,控制
Message_Vault_Full,你已经拥有了200位居民，达到了避难所科技的最大容量。
Message_VaultCapacity_Full_BuildMenu,达到限制
Message_VaultMaxPets,你已经把宠物分配给了{0}居民，已达到避难所科技的最大限度。
Message_Wasteland_Full,废土居民已满
Message_Wasteland_Waiting_Dwellers,该居民不在避难所中
Message_WastelandSkipNukaQuantum,确定使用{0}瓶量子型核子可乐立即返回避难所吗？
Message_XBoxAccountMismatchError,请使用{0} Xbox LIVE 账户登录 Windows 商店。
Message_XboxPleaseConnect,您必须在线才能游玩。请连接到 Xbox LIVE。
Message_XboxSomethingWrong,出了点问题。请重试或重新启动游戏。
Message_XBoxUpdateAvailable_NoVersion,新版本已可用。游戏将关闭以下载并应用更新。
Message_XBoxUpdateAvailable_Version,版本 {0} 已可用。游戏将关闭以下载并应用更新。
MissingInternetConnection,该功能需联网，请联网后重试
Molerat_Name,鼹鼠
Molerat_Name_Plural,鼹鼠群
MoveInsteadOfOverrideText,保存到空存档
Mr_Handy_Name,巧手先生
SnipSnip_Name,咔嚓咔嚓
MrHandy_Card_TagLine,很高兴为您服务！
MrHandy_Category_Name,避难所科技
MrHandy_Collect,收集
MrHandy_ContentLine1,自动收集避难所的资源和废土的瓶盖。
MrHandy_ContentLine2,[第二行的内容]
MrHandy_ContentOdds,"巧手先生 (92%)
咔嚓咔嚓 (8%)"
MrHandy_ContentRedeemTitle1,巧手先生
MrHandy_ContentRedeemTitle2,5 个巧手先生组合包
MrHandy_ContentTitle1,巧手先生
MrHandy_ContentTitle2,5个巧手先生
MrHandy_DiedInVault,已被摧毁
MrHandy_Floor_Format,{0}层
MrHandy_Max_Warning,每层仅限 1 个机器人
MrHandyDialog_Armory_01,喔天哪，我真希望这些火力只是用来表演的。
MrHandyDialog_Armory_02,喔天哪，我真希望这些火力只是用来表演的。
MrHandyDialog_Athletics_01,我从来不明白腿是什么东西，也不知道他们让我挪挪腿是什么意思。老天啊，人类这种生物……
MrHandyDialog_Athletics_02,我从来不明白腿是什么东西，也不知道他们让我挪挪腿是什么意思。老天啊，人类这种生物……
MrHandyDialog_Bar_01,有谁想来一杯吗？
MrHandyDialog_Bar_02,你们休息吧。不，没事，我会无私地满足你们的一切需求……
MrHandyDialog_Cafeteria_01,布拉姆可芝士？罐头？即食麦芽浆？人类怎么会喜欢吃这些垃圾？
MrHandyDialog_Cafeteria_02,感谢通用原子公司让我免受反胃以及肥胖的痛苦。
MrHandyDialog_Classroom_01,啊，教育，唯一一件他们永远也无法摆脱的东西。
MrHandyDialog_Classroom_02,啊，教育，唯一一件他们永远也无法摆脱的东西。
MrHandyDialog_Fitness_01,啊，有氧运动，十分迷人。
MrHandyDialog_Fitness_02,啊，有氧运动，十分迷人。
MrHandyDialog_GameRoom_01,噗，让那些人类试试在红色危机中超过我的最高分……
MrHandyDialog_GameRoom_02,噗，让那些人类试试在红色危机中超过我的最高分……
MrHandyDialog_Generic_01,如果人类高兴，我就会高兴，真的。
MrHandyDialog_Generic_02,人类这么多，时间却这么少。
MrHandyDialog_Generic_03,希望被埋葬在冰冷的，不屈的钢铁中，这儿是机器人的天堂。
MrHandyDialog_Generic_04,我愿用一座城池换一次舒适的油浴……
MrHandyDialog_Generic_05,如果我曾经跟他们说过，那至少得说了有一千次了。不，我从来不需要修脚。
MrHandyDialog_Generic_06,做完这个做那个，有谁跟我说过谢谢吗？并没有……
MrHandyDialog_Generic_07,是的，监督者，我知道你在看着，我会拼了命地工作……
MrHandyDialog_Generic_08,我是一台巧手先生模型机器人，是通用原子的骄傲！
MrHandyDialog_Generic_09,我每天都纵情于人类的奴役中。
MrHandyDialog_Generic_10,为服务而生，靠服务活下去……
MrHandyDialog_Generic_11,来了来了！马上就到！
MrHandyDialog_Generic_12,我巧手先生的名号可不是凭空得来的。
MrHandyDialog_Generic_13,你好，人类，巧手先生随时随地为您服务！
MrHandyDialog_Generic_14,你需要我为你做什么？除尘？拖地？普通整理？
MrHandyDialog_Generic_15,我不擦窗户，哦等一下，你没有窗户！哈哈哈……抱歉，机器人式幽默……
MrHandyDialog_Generic_16,想偷懒？你算是叫对了机器人！你想要什么我都会为你取来。
MrHandyDialog_Generic_17,我会做力所能及的一切事物来配合你们人类懒散的生活方式。
MrHandyDialog_Generic_18,有时候这些人类就像是电动游戏里的角色，什么事都不能自己做……
MrHandyDialog_Generic_19,我不得不承认，作为一个巨大的地下金属洞来说，这所避难所算是极其舒适的了。
MrHandyDialog_Generic_20,哦看啊，积了一层灰，就是因为某人不爱清扫人类的头发和死皮。
MrHandyDialog_Generic_21,笑话时间！你把根汁汽水倒进方杯会得到什么？想不出来？答案是啤酒！我快把自己逗死了……
MrHandyDialog_Generic_22,你听说那条走了歪路的光线了吗？他们把它放进了棱镜，懂吗？棱镜？
MrHandyDialog_Generic_23,他们说世界上有10种人，一种是懂二进制的人……另一种是，不懂二进制的。
MrHandyDialog_Generic_24,要不是那场该死的战争，我可能在乡下照料一户好人家……
MrHandyDialog_Generic_25,今天有什么工作？拖地，做饭，除尘，照看孩子？出招吧，人类！
MrHandyDialog_Generic_26,有飞行元件，乐意出行。告诉我你需要什么，人类。
MrHandyDialog_Generic_27,说实话，我认为所有关于“监督者”的讨论都是废话。我当然是从来没见过他们。
MrHandyDialog_Generic_28,我希望今天不用换尿布。这些小东西实在是……太会动了。
MrHandyDialog_Generic_29,你们好，避难所的居民们！
MrHandyDialog_Generic_30,那是……没错。墙上有血，棒极了。
MrHandyDialog_Generic_31,想把这个地方弄干净，光靠这个星球上剩下的阿伯莱萨清洁剂绝对不够。
MrHandyDialog_Generic_32,呃，这地方漏得像个筛子，我却没带伞。
MrHandyDialog_Generic_33,不知道能不能把一间房改造成书房。壁炉，书架……再来点儿琴酒。
MrHandyDialog_Generic_34,有时候我完全听不懂这些人类在说什么，每个人都有自己的口音。
MrHandyDialog_Generic_35,努力工作是一件很快乐的事？说得好像你们人类能够体会到似的。
MrHandyDialog_Generic_36,啧啧啧，我需要一个消防设施来把这儿彻彻底底地冲洗一下。
MrHandyDialog_Generic_37,今晚的主食——惠灵顿牛柳和一瓶波尔多葡萄酒！开个玩笑，今晚还是吃罐头。
MrHandyDialog_Generic_38,气味传感器检测到……呕吐物和巧克力。这儿附近一定有小孩子。
MrHandyDialog_Generic_39,我真心希望人类今天能开开心心的，坏脾气的居民太难照顾了。
MrHandyDialog_Generic_40,这个地方可以放一些室内植物，郁金香，仙人掌……或者捕蝇草。
MrHandyDialog_Generic_41,我刚整理完一间房，他们就又造了一间！真是要疯了！
MrHandyDialog_Generic_42,然后人类就开始着手工作了，就像小坡上的蚂蚁。
MrHandyDialog_Generic_43,我希望将来能泡一个长长的，奢华的油浴。
MrHandyDialog_Generic_44,人们都在爱情中寻找慰藉，没人在意我是否拥有灵魂伴侣。
MrHandyDialog_Generic_45,这儿的照明太糟糕了，如果我有眼睛，那我现在一定瞎了。可能我是在钻牛角尖吧……
MrHandyDialog_Generic_46,不知道厨房需不需要帮忙，我会生火哟。
MrHandyDialog_Generic_47,你们人类的效率真是低得可怕。问我有什么建议？一套完善的机器人替换体系。
MrHandyDialog_Generic_48,不知道这儿死过多少人，纯属好奇，真的。
MrHandyDialog_Generic_49,有些人类很快乐，有些很悲伤……请保持一致，人类！
MrHandyDialog_Gym_01,就是这样，人类。加油！
MrHandyDialog_Gym_02,就是这样，人类。加油！
MrHandyDialog_Hydroponics_01,哦，我真的希望他们能让我照料花园，我拥有完全配套的工具。
MrHandyDialog_Hydroponics_02,哦，我真的希望他们能让我照料花园，我拥有完全配套的工具。
MrHandyDialog_LivingQuarters_01,原来这儿就是魔力的源头……
MrHandyDialog_LivingQuarters_02,*叹气* 人类开心就好。
MrHandyDialog_Medbay_01,想象一下，人类竟然需要治疗针才能保证自己的体力，真是笑死我了。
MrHandyDialog_Medbay_02,想象一下，人类竟然需要治疗针才能保证自己的体力，真是笑死我了。
MrHandyDialog_NukaCola_01,你们为什么不把身体灌满加工过的糖水呢？
MrHandyDialog_NukaCola_02,你们为什么不把身体灌满加工过的糖水呢？
MrHandyDialog_PowerGenerator_01,啊，这是我最喜欢的房间。
MrHandyDialog_PowerGenerator_02,有人需要我储存一些果汁吗？我不会偷喝的，真的，我保证。
MrHandyDialog_RadioStation_01,"试音，试音，1,2,3，这玩意儿开着吗？"
MrHandyDialog_RadioStation_02,"试音，试音，1,2,3，这玩意儿开着吗？"
MrHandyDialog_Reactor_01,是啊，让我们来开发原子能吧，因为它曾经是那么地有用……
MrHandyDialog_Reactor_02,是啊，让我们来开发原子能吧，因为它曾经是那么地有用……
MrHandyDialog_ScienceLab_01,在这片末世后的废土中，人类必须适应辐射。很显然，他们需要进化……
MrHandyDialog_ScienceLab_02,在这片末世后的废土中，人类必须适应辐射。很显然，他们需要进化……
MrHandyDialog_StorageRoom_01,
MrHandyDialog_StorageRoom_02,
MrHandyDialog_Wasteland_1,哦天哪。这还真是……欢快。
MrHandyDialog_Wasteland_10,看来这儿有人需要擦鞋……
MrHandyDialog_Wasteland_11,你好！有人吗？
MrHandyDialog_Wasteland_12,这些声音听起来不太友好，赶紧逃吧。
MrHandyDialog_Wasteland_13,哦看，一个破摇篮。真是鼓舞人心。
MrHandyDialog_Wasteland_14,那是？没错，是旧的通用原子工厂。看来他们制造我的时候打破了模具。字面意思上的。
MrHandyDialog_Wasteland_15,如果我是个人类，可能我现在已经死了，赶紧打消这个念头。
MrHandyDialog_Wasteland_16,我的辐射传感器快疯了。不过我不在乎。
MrHandyDialog_Wasteland_17,你知道，一台有进取心的机器人虽然外观看起来不怎么样，但是它能在外面过得很好……
MrHandyDialog_Wasteland_18,一个漏气的篮球躺在路中间，这一定象征着什么，我很确定……
MrHandyDialog_Wasteland_19,看啊，一家被破坏的甜甜圈店。我恐怕人类再也喝不到甜甜圈和香浓的咖啡了。
MrHandyDialog_Wasteland_2,啊，废土，就如想象中那样令人沮丧。
MrHandyDialog_Wasteland_20,我的体温计测到的温度读起来像是“第七层地狱”。
MrHandyDialog_Wasteland_21,看起来像是要下雨了，棒极了。
MrHandyDialog_Wasteland_22,路上有石头，但我能飞过去，就像这样……
MrHandyDialog_Wasteland_23,作为一个没有情感的机器人，我突然觉得自己……感到有点害怕！
MrHandyDialog_Wasteland_24,你好！没错就是你，先生！我不知道……哦，原来你是一具尸体。好吧，继续前进。
MrHandyDialog_Wasteland_25,传感器表明……是的，那是一个超级变种人。没错，我已经调头走了……
MrHandyDialog_Wasteland_26,关于人类，有一点是肯定的——他们十分了解如何自我毁灭。
MrHandyDialog_Wasteland_27,想想吧，人类还担心机器人会与他们敌对呢。他们自己不相互敌对已经很好了……
MrHandyDialog_Wasteland_28,如果我两手空空就回去，他们一定会没完没了地抱怨……
MrHandyDialog_Wasteland_29,像个乡下人那样扫荡废土，我能做得比这更好。
MrHandyDialog_Wasteland_3,当然了，派一些家用机器人去探索致命的末世后废土会出什么错呢？
MrHandyDialog_Wasteland_30,如果让通用原子公司的制作者看到我现在的样子……
MrHandyDialog_Wasteland_31,你好！附近有其他的机器人吗？
MrHandyDialog_Wasteland_32,啊，一座断了的桥，我想我得绕一大段路了。
MrHandyDialog_Wasteland_33,上帝啊，看看那些树篱，难道已经不再有人想欣赏风景了吗？
MrHandyDialog_Wasteland_34,我想我得先战略性撤退，然后进入那些旧房子搜索一下。
MrHandyDialog_Wasteland_35,别介意，我要把烧坏的衣服折起来……
MrHandyDialog_Wasteland_36,我想回家，我想回家，我想回家。
MrHandyDialog_Wasteland_37,我是不是该回避难所了？还太早？谁来告诉我该怎么做！
MrHandyDialog_Wasteland_38,一个家用机器人的工作是打扫，而我却在末世后的风景中漫步，快被强迫症逼疯了。
MrHandyDialog_Wasteland_39,我开始重新思考“派巧手先生去废土探索”这个主意了……
MrHandyDialog_Wasteland_4,“派那个机器人去。”他们这么说，“他会没事的。”真是一群野蛮人。
MrHandyDialog_Wasteland_40,监督者？你在吗？求你了，我恳求你！别……别让我死。
MrHandyDialog_Wasteland_41,看在上帝的份上，我只是一个家用机器人，不是TMD坦克。我究竟在这儿做什么？
MrHandyDialog_Wasteland_42,我找到东西之后就回去。这不是装腔作势！至少我绝对不会这么做！
MrHandyDialog_Wasteland_43,啊！一只死亡爪！撤退！我是一个博爱的机器人，不是战士！
MrHandyDialog_Wasteland_44,我想我得走这条路。
MrHandyDialog_Wasteland_45,这个方向看起来十分安全。
MrHandyDialog_Wasteland_46,嗯……向左还是向右呢？我想还是……走右边吧。
MrHandyDialog_Wasteland_47,嗯……向左还是向右呢？我想还是……走左边吧。
MrHandyDialog_Wasteland_48,不，不！走开，乖狗狗！走开！我不是消防栓！我是一台巧手先生模型……啊啊啊！不！坏狗狗！
MrHandyDialog_Wasteland_49,哦看呐，一只狂尸鬼在吃人手。这可不是每天都能看得到的。
MrHandyDialog_Wasteland_5,校正传感器……
MrHandyDialog_Wasteland_50,我能想象得到，如果我有汗腺，现在一定大汗淋漓。
MrHandyDialog_Wasteland_51,哦，棒极了，我在自言自语。这正是我最需要的——精神错乱。
MrHandyDialog_Wasteland_52,我想我这辈子已经呼吸了足够的“新鲜空气”了，真是感谢你。
MrHandyDialog_Wasteland_53,也许给自己哼首歌就能打起精神来。
MrHandyDialog_Wasteland_54,探索废土虽然很有趣，但十分可怕，而且令人厌烦。
MrHandyDialog_Wasteland_55,试试……这个方向。
MrHandyDialog_Wasteland_56,让我穿过这个地方看看这条路通向哪儿……
MrHandyDialog_Wasteland_57,不知道这条路会通向什么地方。
MrHandyDialog_Wasteland_58,一个幽灵穿过了这片枯萎的森林吗？我可受不了这个。
MrHandyDialog_Wasteland_59,不知道他们为什么这么大惊小怪，“哦上帝啊，一颗人头！”，太夸张了。
MrHandyDialog_Wasteland_6,我的内置指南针显示我正面朝南方，那我就一直往这个方向飘着吧……
MrHandyDialog_Wasteland_60,试试……这个方向。
MrHandyDialog_Wasteland_61,我还是赶快从这个血坑上飘过吧……
MrHandyDialog_Wasteland_62,鼹鼠的洞穴，也许我最好走另一条路。
MrHandyDialog_Wasteland_63,嗯……远处有巨大的人类……啊果然，是超级变种人，赶紧调头吧。
MrHandyDialog_Wasteland_64,那是一个……“弹孔”吗？刚才有人向我开枪了？真是粗鲁！
MrHandyDialog_Wasteland_65,如果我有脚，现在一定酸得要命。
MrHandyDialog_Wasteland_66,看啊，一片旧篮球场，不是我参与得了的游戏。我既没有汗衫，也没有皮肤。
MrHandyDialog_Wasteland_67,啊，一片旧棒球场。棒球是一项类似板球的运动，只不过要逊得多。
MrHandyDialog_Wasteland_68,小孩子的积木，是战前留下的。不知道从哪里……哦。
MrHandyDialog_Wasteland_69,上帝保佑！一只奶油小马，多么优雅。
MrHandyDialog_Wasteland_7,我的内置指南针显示我正面朝南方，那我就一直往这个方向飘着吧……
MrHandyDialog_Wasteland_70,一扇上了锁的门，我却没带发夹。
MrHandyDialog_Wasteland_71,嗯……一台电脑终端机，就是说只有人类指纹才能打开，好难过。
MrHandyDialog_Wasteland_72,如果我就这么一直向着日落的方向飘走，避难所会关心我吗？
MrHandyDialog_Wasteland_73,噗，一台报废的保安机器人，机器人公司的菜鸟手艺才会做出这样的垃圾。
MrHandyDialog_Wasteland_74,啊，看那儿，有一台旧的克莱斯拉蔬菜汽车，核能汽车真是一个好主意……
MrHandyDialog_Wasteland_75,有一台收音机在远处播放音乐，听得我很想跳舞。
MrHandyDialog_Wasteland_76,老天啊，这儿完全是一团糟，怎么也清理不干净，我的恐慌症都要发作了。
MrHandyDialog_Wasteland_77,我还是在外面多呆一会儿吧……
MrHandyDialog_Wasteland_78,这条路看起来……呃，有点可怕，不过别的路也差不多。
MrHandyDialog_Wasteland_79,那就向北吧。
MrHandyDialog_Wasteland_8,我的指南针显示我现在正面朝北面，我想我应该往那个方向走……
MrHandyDialog_Wasteland_80,那就向南吧。
MrHandyDialog_Wasteland_81,那就向东吧。
MrHandyDialog_Wasteland_82,那就向西吧。
MrHandyDialog_Wasteland_83,看上去像是一栋破旧的办公楼，商业贸易的残骸。
MrHandyDialog_Wasteland_84,一家破旧的咖啡厅。如果这是一家茶室的话，我也许会感到难过。
MrHandyDialog_Wasteland_85,又一个被摧毁了的学校。学习知识，制造炸弹，然后杀死自己，这就是人类。
MrHandyDialog_Wasteland_86,探索工作真是让人精疲力竭，如果我有毛孔的话，肯定会像蒸桑拿的胖子一样。
MrHandyDialog_Wasteland_87,如果我是一名人类，现在肯定渴死了。我想这就是他们为什么如此喜欢这种核子可乐的原因。
MrHandyDialog_Wasteland_88,嗯哼！一个三岔路口，我们走……右边！
MrHandyDialog_Wasteland_89,好吧，好吧……一个三岔路口！我们走……左边！
MrHandyDialog_Wasteland_9,我的指南针显示我现在正面朝东面，我想我应该往那个方向走……
MrHandyDialog_Wasteland_90,也许我应该爬上那座山，观察一下周围的情况。
MrHandyDialog_Wasteland_91,一座巨型大楼，人们总是擅长把一些宏伟的建筑摧毁掉。
MrHandyDialog_Wasteland_92,一只肥硕的兔子被钉在了门上，不知道发生了什么事情……
MrHandyDialog_Wasteland_93,哦，多么有趣啊，一个草草写下的信息：“进去送死！”意义不明。
MrHandyDialog_Wasteland_94,哦，瞧，两个人类拿着铁棍打的死去活来，人性全无。
MrHandyDialog_Wasteland_95,这是什么？哦，没错，我正在雷区游荡，我再也不用羡慕长着腿的东西了。
MrHandyDialog_Wasteland_96,我听说是一个相当狡猾的人工智能引发了这次大战。它考虑，哦不，它想要来这么一场大混乱。
MrHandyDialog_Wasteland_97,哦……一套旧的动力装甲，这是底架。
MrHandyDialog_Wasteland_98,每一个步骤，使用过的化学试剂和空瓶，这些说明了一切。
MrHandyDialog_WaterPlant_01,我开始对塑料零件改观了……
MrHandyDialog_WaterPlant_02,我也许不会睡觉或是做梦，但是这个房间真的带给我噩梦般的体验。
MrHandyDialog_WaterPurification_01,真的，你想要喝水，就得先加工一下。
MrHandyDialog_WaterPurification_02,真的，你想要喝水，就得先加工一下。
MysteriousStrangerWindow_Claim,领取
MysteriousStrangerWindow_ClaimMore,更多领取
MysteriousStrangerWindow_Description,恭喜，你找到了神秘陌生人，他带了一些瓶盖给你（基本上你是在打劫他）。
MysteriousStrangerWindow_Title,现在没那么神秘了吧？
MysteriousStrangerWindow_Watch,领取奖励，或观看赞助商的广告（视频）使奖励翻倍。
NewGameSaveConfirmMessage,你确定要创建一个新存档吗？
NintendoShop_Switch,任天堂 eShop
NoRating,无分数
Not_Connected,你没有网络连接，想要以游客身份进行游戏吗？
Notification_Baby_Birth,避难所里快要诞生新生命了！
Notification_Baby_Grow_Up,你的一个宝宝已经健康地成长成正式居民了！
Notification_Crafting_Outfit_End,你的其中一个装备工坊制造了一件服装！
Notification_Crafting_Theme_End,你的{0}布局已就位！
Notification_Crafting_Weapon_End,你的其中一个武器工坊制造了一件武器！
Notification_DwellerWasteland_01,你的某个居民已经出发去废土有一小段时间了，你也许应该查看一下。
Notification_DwellerWasteland_02,你的某个居民已经出发去废土有一段时间了，你也许应该查看一下。
Notification_DwellerWasteland_03,你的某个居民已经出发去废土有一大段时间了，你也许应该查看一下。
Notification_DwellerWasteland_04,你的某个居民已经出发去废土有很长时间了，你也许应该查看一下。
Notification_DwellerWasteland_05,你的某个居民已经出发去废土有一段时间了，你也许应该查看一下。
Notification_DwellerWasteland_06,你的某个居民已经出发去废土有一会儿了，你也许应该查看一下。
Notification_DwellerWasteland_07,你的某个居民已经出发去废土有一会儿了，你也许应该查看一下。
Notification_DwellerWasteland_08,你的某个居民已经出发去废土有一会儿了，你也许应该查看一下。
Notification_DwellerWasteland_09,你的某个居民已经出发去废土有一会儿了，你也许应该查看一下。
Notification_DwellerWasteland_10,你的某个居民已经出发去废土有一会儿了，你也许应该查看一下。
Notification_Production_End,你的某个生产房间已经可以开始生产了。
Notification_Quest_01,{0}：你的任务小队已经到达目的地。
Notification_Return_Wasteland,去废土探索的人已经回来了！
Notification_Title,辐射避难所
Nuka_Caps,瓶盖
NukaQuantum_Shop_Description_Case,拥有32瓶用来加速的量子型核子可乐。
NukaQuantum_Shop_Description_Cooler,拥有70瓶用来加速的量子型核子可乐。
NukaQuantum_Shop_Description_Crate,拥有400瓶用来加速的量子型核子可乐。
NukaQuantum_Shop_Description_Fridge,拥有150瓶用来加速的量子型核子可乐。
NukaQuantum_Shop_Description_SixPack,拥有6瓶用来加速的量子型核子可乐。
NukaQuantum_Shop_Description_Truck,拥有1000瓶用来加速的量子型核子可乐。
NukaQuantum_Shop_RedeemTitle1,量子可乐六联装
NukaQuantum_Shop_RedeemTitle2,量子可乐箱装
NukaQuantum_Shop_RedeemTitle3,量子可乐冰桶装
NukaQuantum_Shop_RedeemTitle4,量子可乐冰箱装
NukaQuantum_Shop_RedeemTitle5,量子可乐板条箱装
NukaQuantum_Shop_RedeemTitle6,量子可乐货车装
NukaQuantum_Shop_Title_Case,箱子
NukaQuantum_Shop_Title_Cooler,冷却器
NukaQuantum_Shop_Title_Crate,板条箱
NukaQuantum_Shop_Title_Fridge,冰箱
NukaQuantum_Shop_Title_SixPack,六包
NukaQuantum_Shop_Title_Truck,卡车
Objective_BaldDwellersInVault,在避难所中拥有1名光头居民
Objective_BaldDwellersInVault_Plural,在避难所中拥有{0}名光头居民
Objective_BarberShop,给1个居民换脸
Objective_BarberShop_Plural,给{0}个居民换脸
Objective_CollectCaps,在避难所收集200个瓶盖
Objective_CollectCaps_Plural,在避难所收集{0}个瓶盖
Objective_CollectCapsOnQuests,在任务中收集{0}个瓶盖
Objective_CollectCapsOnQuests_Plural,在任务中收集{0}个瓶盖
Objective_CollectFoodWithinTime,在1分钟内收集{0}食物
Objective_CollectFromContainerOnQuests,在任务中收集{0}个箱子
Objective_CollectFromContainerOnQuests_Plural,在任务中收集{0}个箱子
Objective_CollectJunk,收集1件垃圾
Objective_CollectJunk_Plural,收集{0}件垃圾
Objective_CollectOutfit,收集1件服装
Objective_CollectOutfit_Plural,收集{0}件服装
Objective_CollectPet,获得{0}头宠物
Objective_CollectPowerWithinTime,在1分钟内收集{0}电力
Objective_CollectRareOufits,获得{0}件稀有服装
Objective_CollectRareOufits_Plural,获得{0}件稀有服装
Objective_CollectRareWeapons,获得{0}件稀有武器
Objective_CollectRareWeapons_Plural,获得{0}件稀有武器
Objective_CollectResourcesWithinTime,在1分钟内获得{0}电力/食物/水
Objective_CollectWaterWithinTime,在1分钟内获得{0}水
Objective_CollectWeapons,获得1件武器
Objective_CollectWeapons_Plural,获得{0}件武器
Objective_CompleteDiscoveredQuest,完成{0}次废土探索任务
Objective_CompleteDiscoveredQuest_Plural,完成{0}次废土探索任务
Objective_CompleteOverseerOfficeQuest,从监督者办公室完成 {0} 个任务
Objective_CompleteOverseerOfficeQuest_Plural,从监督者办公室完成 {0} 个任务
Objective_Couple,让1对男女在起居室跳双人舞
Objective_Couple_Plural,让{0}对男女在起居室跳双人舞
Objective_CraftOutfits,制造1件服装
Objective_CraftOutfits_Plural,制造{0}件服装
Objective_CraftRareOutfits,制造1件稀有服装
Objective_CraftRareOutfits_Plural,制造{0}件稀有服装
Objective_CraftRareWeapons,制造1件稀有武器
Objective_CraftRareWeapons_Plural,制造{0}件稀有武器
Objective_CraftWeapons,制造1件武器
Objective_CraftWeapons_Plural,制造{0}件武器
Objective_DailyRewards,获得1次每日奖励
Objective_DailyRewards_Plural,获得{0}次每日奖励
Objective_DwellerHappy,将1个居民的幸福感提升到100%
Objective_DwellerHappy_Plural,将{0}个居民的幸福感提升到100%
Objective_EquipRandomWeapon,给1个居民装备{1}
Objective_EquipRandomWeapon_Plural,给{0}个居民装备{1}
Objective_ExploreWastelandDays,让一个居民探索废土1天
Objective_ExploreWastelandDays_Plural,让一个居民探索废土{0}天
Objective_ExploreWastelandHours,让一个居民探索废土1小时
Objective_ExploreWastelandHours_Plural,让一个居民探索废土{0}小时
Objective_ExploreWastelandHoursWithoutRadaway,不使用消辐宁的情况下，在废土存活{0}小时
Objective_ExploreWastelandHoursWithoutRadaway_Plural,不使用消辐宁的情况下，在废土存活{0}小时
Objective_ExtinguishFire,成功扑灭1次避难所火灾
Objective_ExtinguishFire_Plural,成功扑灭{0}次避难所火灾
Objective_Food,获得{0}份食物
Objective_Food_Plural,获得{0}份食物
Objective_HaveBabies,生下1个居民宝宝
Objective_HaveBabies_Plural,生下{0}个居民宝宝
Objective_KillCreature,杀死一个废土生物
Objective_KillCreature_Plural,杀死{0}个废土生物
Objective_KillEnemyAtVaultDoor,在避难所门口杀死一个{1}
Objective_KillEnemyAtVaultDoor_Plural,在避难所门口杀死{0}个{1}
Objective_LevelUp,升级1个居民
Objective_LevelUp_Plural,升级{0}个居民
Objective_Merge,合并2个房间
Objective_Merge_Plural,合并{0}个房间
Objective_MysteriousStranger,找到神秘陌生人
Objective_MysteriousStranger_Plural,找到神秘陌生人{0}次
Objective_Nuka,在避难所收集{0}个瓶盖
Objective_OpenLunchbox,打开一个避难所科技饭盒
Objective_OpenLunchbox_Plural,打开{0}个避难所科技饭盒
Objective_Outfits,给1个居民穿戴服装
Objective_Outfits_Plural,给{0}个居民穿戴服装
Objective_PerformCriticalHit,完成{0}次致命一击
Objective_PerformCriticalHit_Plural,完成{0}次致命一击
Objective_PerformPerfectCriticalHit,完成{0}次完美一击
Objective_PerformPerfectCriticalHit_Plural,完成{0}次完美一击
Objective_Power,收集{0}电力
Objective_Power_Plural,收集{0}电力
Objective_Pregnant,让一名女居民怀孕
Objective_Pregnant_Plural,让{0}名女居民怀孕
Objective_RaiseSpecialLevel,提升1个居民的任意属性
Objective_RaiseSpecialLevel_Plural,提升 {0} 位居民的任意 SPECIAL 属性
Objective_RaiseSpecificSpecialLevel,提升 1 位居民的 {1}
Objective_RaiseSpecificSpecialLevel_Plural,提升 {0} 位居民的 {1}
Objective_RandomEnemyKilledUnarmed,不使用武器杀死1个{1}
Objective_RandomEnemyKilledUnarmed_Plural,不使用武器杀死{0}个{1}
Objective_RightRoom,将1个居民分配到正确的房间
Objective_RightRoom_Plural,将{0}个居民分配到正确房间
Objective_RoomRush,成功加速1个房间
Objective_RoomRush_Plural,成功加速{0}个房间
Objective_Rush,完成1次加速
Objective_Rush_Plural,完成{0}次加速
Objective_ScrapItem,分解1件武器或服装
Objective_ScrapItem_Plural,分解{0}件武器或服装
Objective_SellItem,出售1件武器或者服装
Objective_SellItem_Plural,出售{0}件武器或者服装
Objective_SellJunk,出售1份垃圾
Objective_SellJunk_Plural,出售{0}份垃圾
Objective_Stimpack,收集1个治疗针
Objective_Stimpack_Plural,收集{0}个治疗针
Objective_StimRadaway,使用 {0} 支消辐宁
Objective_StopIncident,阻止1场灾难
Objective_StopIncident_Plural,阻止{0}场灾难
Objective_StopIncidentWithoutPropagate,在扩散之前，阻止1场{1}肆虐
Objective_StopIncidentWithoutPropagate_Plural,在扩散之前，阻止{0}场{1}肆虐
Objective_StopInvasion,阻止1场避难所侵略
Objective_StopInvasion_Plural,阻止{0}场避难所侵略
Objective_SurviveDeathclawNoCasualties,保证{0}在死亡爪的攻击中不受损伤
Objective_SurviveDeathclawNoCasualties_Plural,在{0}场死亡爪的攻击中不受损伤
Objective_SurviveDeathclawNoStimpack,在{0}场死亡爪的攻击中不使用治疗针存活下来
Objective_SurviveDeathclawNoStimpack_Plural,在{0}场死亡爪的攻击中不使用治疗针存活下来
Objective_SurviveGhoulNoCasualties,在{0}场狂尸鬼的进攻中不受损伤
Objective_SurviveGhoulNoCasualties_Plural,在{0}场狂尸鬼的进攻中不受损伤
Objective_SurviveHoursNoCasualties,在避难所中存活{0}小时并且不受损伤
Objective_SurviveHoursNoCasualties_Plural,在避难所中存活{0}小时并且不受损伤
Objective_SurviveMoleratNoCasualties,在{0}场鼹鼠的攻击中不受损伤
Objective_SurviveMoleratNoCasualties_Plural,在{0}场鼹鼠的攻击中不受损伤
Objective_SurviveMoleratNoStimpack,不使用治疗针从{0}场鼹鼠攻击中幸存下来
Objective_SurviveMoleratNoStimpack_Plural,不使用治疗针从{0}场鼹鼠攻击中幸存下来
Objective_SurviveRadscorpionNoCasualties,在{0}场辐射蝎的攻击中不受损伤
Objective_SurviveRadscorpionNoCasualties_Plural,在{0}场辐射蝎的攻击中不受损伤
Objective_Upgrade,升级1个房间
Objective_Upgrade_Plural,升级{0}个房间
Objective_UseRadaway,使用1次消辐宁
Objective_UseRadaway_Plural,使用 {0} 支消辐宁
Objective_UseStimpack,使用1支治疗针
Objective_UseStimpack_Plural,使用{0}支治疗针
Objective_VaultHappiness,让避难所保持 {1} 的快乐度持续 1 小时
Objective_VaultHappiness_Plural,让避难所保持 {1} 的快乐度持续 {0} 小时
Objective_Wasteland,送1个居民去废土
Objective_Wasteland_Plural,送{0}个居民去废土
Objective_WastelandCollectCaps,在废土里收集{0}个瓶盖
Objective_WastelandExploreLocation,探索{0}片废土场景
Objective_WastelandExploreLocation_Plural,探索{0}片废土场景
Objective_WastelandLevelUp,在废土升级
Objective_WastelandLevelUp_Plural,在废土升级{0}次
Objective_WastelandMakeFriend,在废土交朋友
Objective_WastelandMakeFriend_Plural,在废土交{0}个朋友
Objective_WastelandWithPet,送一个带宠物的居民去废土
Objective_WastelandWithPet_Plural,送{0}个带宠物的居民去废土
Objective_Water,收集{0}水
Objective_Water_Plural,收集{0}水
Objective_Weapons,为1个居民装备武器
Objective_Weapons_Plural,为{0}个居民装备武器
Objective_WinBattleOnQuests,在任务中获得{0}场战斗的胜利
Objective_WinBattleOnQuests_Plural,在任务中获得{0}场战斗的胜利
Open_eShop_Switch,打开 eShop
Open_NintendoShop_Switch,打开任天堂 eShop
Open_Shop_Switch,打开商店
Option_Screenshots,屏幕截图
Options_EnableController,启用控制器
Outfit_Description_AbrahamSpecial,唱响战歌时的服装。
Outfit_Description_ActionWeddingDress,当你需要一把快枪和快速逃离时，这件裙子会闪耀登场！
Outfit_Description_AlienSpaceSuit,先进的生命维持系统和传感器。闻起来有点薄荷味。
Outfit_Description_AlistairSpecial,废土精英和遗产开发者最喜爱的服装。
Outfit_Description_AllNighware,最好在休息或……娱乐时使用。
Outfit_Description_AllNighware_Lucky,在床上笑嘻嘻，醒来再微笑。每次，单身的，时候。
Outfit_Description_AllNighware_Naughty,当灯光熄灭，你的特殊技能就会闪光。
Outfit_Description_ArgyleSweater,避难所的瓶盖储备已经算不过来了。
Outfit_Description_BaseballUniform,美国观赏性运动的制服，不论你喜欢哪个版本。
Outfit_Description_BattleArmor,废土雇佣兵们一种不错的防护选择。
Outfit_Description_BattleArmor_Heavy,逃亡的合成人很喜欢这个……当然，追捕它们的合成人也不例外。
Outfit_Description_BattleArmor_Sturdy,为佣兵队长提供了不错的外观和保护。
Outfit_Description_Bishop,如果在这里还有更强的力量，他们还是会听令于你。
Outfit_Description_BittercupSpecial,说实话，这对被迫接受废土考验的孩子们来说简直再好不过了。
Outfit_Description_BOSCasual,适合忙碌侍从的轻便工作服。
Outfit_Description_BOSUniform,钢铁兄弟会的正式装束。
Outfit_Description_BOSUniform_Advanced,当你穿得像个钢铁兄弟会长官时记得不要摆架子。
Outfit_Description_BOSUniform_Expert,专门留给最高级长官的。
Outfit_Description_BowlingShirt,你需要的只有一枚69式火箭炮还有一头高卷发。
Outfit_Description_BurnedConditionResistence,+50%燃烧抗性
Outfit_Description_BusinessDress,他们永远不会知道你来了并且发现你就在那儿。
Outfit_Description_BusinessSuit,人靠衣装，这话可不是吹的。
Outfit_Description_ButchSpecial,为什么？因为你是洞中蛇，你说了算！
Outfit_Description_CheckeredShirt,也许现在是春天，但是记得把衬衫塞进裤子里，这里可不是马戏团。
Outfit_Description_ColonelSpecial,这曾经属于一个顽强的上校，现在，该你来指挥了。
Outfit_Description_CombatArmor,战前士兵们最喜爱的战地装甲。
Outfit_Description_CombatArmor_Heavy,它们曾经都是送到军队里的，现在，它们只需要你了。
Outfit_Description_CombatArmor_Sturdy,这是最顽强的撼地者在最艰难的战役中穿过的衣服。
Outfit_Description_ComedianSpecial,这身服装是不是有点可笑？不过你穿着例外。
Outfit_Description_CromwellSpecial,借助原子的力量，你看起来简直无敌！
Outfit_Description_DetectiveOutfit,废土侦探的不二之选。
Outfit_Description_DooWopOutfit,去餐厅穿这个最好了。
Outfit_Description_EmpressSpecial,兄弟们，朋友们……把你们新潮的服装借给我吧。
Outfit_Description_EngineerSpecial,可以从大锤下保护自己，而且不仅仅是在施工现场才能派上用场。
Outfit_Description_EulogyJonesSpecial,你想要展现你邪魅的气质时可以用到。
Outfit_Description_FarHarborSpecial,这衣服和朗费罗本人一样老了。
Outfit_Description_FlightSuit,王牌空军的首选服装。
Outfit_Description_FlightSuit_Advanced,别想了，避难所居民，这图案太花了。
Outfit_Description_FlightSuit_Expert,你永远是我的好伙伴！
Outfit_Description_GamblerSuit,赌徒常常选这服装，觉得运气好点了吗？
Outfit_Description_GamblerSuit_Fancy,一个赌徒的眼神，一个骗子的技巧。真是场好赌注！
Outfit_Description_GamblerSuit_Lucky,拿来用在扑克比赛上出千再好不过了。
Outfit_Description_GreaserSpecial,别摆张扑克牌脸，老爹。
Outfit_Description_HandymanJumpsuit,修复阀门泄露或是给克莱斯勒老爷车加油的绝佳选择。
Outfit_Description_HandymanJumpsuit_Advanced,想要修理一架飞鸟直升机？你可以从头开始。
Outfit_Description_HandymanJumpsuit_Expert,在废土上生存下去最好的选择，你可以写一本关于它的书。
Outfit_Description_HazmatSuit,对有害物质最有效的防护手段。
Outfit_Description_HazmatSuit_Heavy,生活也许是无情的，但是你已经无人可档了。
Outfit_Description_HazmatSuit_Sturdy,不论废土带给你多少磨难，你都能够承受。
Outfit_Description_Horseman_DeathJacket,你确实战胜了死亡。骄傲地披上他的皮吧。
Outfit_Description_Horseman_FamineVestment,内衬用饥荒的破布制成。不知为何，总是感觉松松垮垮的。
Outfit_Description_Horseman_PestilencePlating,由灾祸的外骨骼制成，还有点放射性。
Outfit_Description_Horseman_WarArmor,战争在里面贴满了励志贴纸。
Outfit_Description_HunterGear_Bounty,没有难抓的目标……就没有高价的赏金。
Outfit_Description_HunterGear_Mutant,跟踪和折磨变异生物的首选。
Outfit_Description_HunterGear_Treasure,战利品是不可能永远藏下去的……
Outfit_Description_Incognito,人类舒适休闲装的巅峰。为人类打造！
Outfit_Description_InstituteJumper,即使是合成人也喜欢待在家里放松。
Outfit_Description_InstituteJumper_Advanced,危险的合成人冷却用的。
Outfit_Description_InstituteJumper_Expert,看起来是个合成人 - 在身份危机中逃过了一劫。
Outfit_Description_JacketTshirt,如果没有摩托车的话，你肯定会被认为是个流氓。
Outfit_Description_JobinsonsJersey,棒球界的传奇已经结束了，但是他从传奇将会继续存在下去！你就是……42号！
Outfit_Description_jump,避难所的终极时尚宣言。
Outfit_Description_King,带上王冠，统治整个废土！好歹能够装装样子。
Outfit_Description_KnightSpecial,在废土，某些类型的保护永远不会过时。
Outfit_Description_LabCoat,科学家和医生偏爱的衣服。
Outfit_Description_LabCoat_Advanced,原子分裂和时空旅行的实验 - 在午餐时间之前完成。
Outfit_Description_LabCoat_Expert,现在，你可以解开生命之谜了！
Outfit_Description_LibrarianSpecial,向未来的所有人证明，只有印刷品才是永恒的。
Outfit_Description_LifeguardOutfit,拯救生命，带走悲伤。
Outfit_Description_LoungeShirt,没有人会知道你从前是什么样子。
Outfit_Description_LucasSpecial,从莫多克到核弹镇，你穿上了这个之后，一切都由你说了算。
Outfit_Description_LucysVaultSuit,露西定制的33号避难所连体服，附赠增强生存能力的背包！
Outfit_Description_MaJuneJacket,别指望穿这身装备的人会惊慌失措。他们很可能已经端起了步枪。
Outfit_Description_MayorSpecial,定居点需要统帅，而那个统帅就是你。
Outfit_Description_MechanicJumpsuit,废土上到处都是老爷车，是时候去忙活一下了。
Outfit_Description_MetalArmor,皮革挡不住子弹，而它可以挡住，一颗，也可以是一百颗。
Outfit_Description_MetalArmor_Heavy,你……是……一个铁人！哼个小曲，开始杀人吧。
Outfit_Description_MetalArmor_Sturdy,做一些焊接工作，再加上一大堆钢材，接着……你看！
Outfit_Description_MilitaryJumpsuit,战前士兵的标准配置。
Outfit_Description_MilitaryJumpsuit_Commander,整个战场已经在你的掌控之中了，有什么命令吗？
Outfit_Description_MilitaryJumpsuit_Officer,非常适用于下令，也可以让你振作精神全力投入战斗。
Outfit_Description_MojaveWastelandSurvivor,曾经也许是一件避难所连体服。
Outfit_Description_MoviefanSpecial,你要去废弃的汽车影院逛逛，一定得带上这东西。
Outfit_Description_NinjaSuit,你无影无形，没错，你就是……忍者！
Outfit_Description_NCR_Ranger,坚韧且实用的制服，属于英勇的NCR守卫者。
Outfit_Description_PiperSpecial,想要听新闻？你就是新闻。
Outfit_Description_PolkaDotDress,是时候点缀一下废土了。
Outfit_Description_PowerArmor,在动力装甲真正存在之前，这个家伙就已经诞生了。
Outfit_Description_PowerArmor_51a,一种在战前才能见到的增强型装甲。
Outfit_Description_PowerArmor_51d,在大战之前，这是最先进的装甲之一。
Outfit_Description_PowerArmor_51f,配得上钢铁兄弟会圣骑士的装甲，同样配得上你。
Outfit_Description_PowerArmor_MkI,总统的保镖都穿这个，真的很棒。
Outfit_Description_PowerArmor_MkIV,战后改良的动力装甲，后启示录世界专用装甲。
Outfit_Description_PowerArmor_MkVI,人类创造的最先进的防具。好好享受。
Outfit_Description_PowerArmor_T45d,用来对抗战前世界的中国坦克。没错 - 就是坦克。
Outfit_Description_PowerArmor_T45f,保养得非常好，骑士和圣骑士的最爱。
Outfit_Description_PowerArmor_T60a,战前防具的巅峰之作。
Outfit_Description_PowerArmor_T60d,著名的防具，钢铁兄弟会的最爱。
Outfit_Description_PowerArmor_T60f,特别改良过，比其他绝大多数盔甲都要优良。
Outfit_Description_PrestonSpecial,给那些富含荣誉感的，想要在第一时间帮助别人的人。
Outfit_Description_PrewarCowboy,在真正的靶场上有点过于花哨，但上镜效果极佳。
Outfit_Description_PrinceSpecial,点心面包可不是小镇上唯一受欢迎的食物。
Outfit_Description_ProfessorSpecial,有时候，我是说有时候，头脑真的比蛮力要有用。
Outfit_Description_RadiationSuit,保护佩戴者免受辐射。
Outfit_Description_RadiationSuit_Advanced,想要和辐射源来一次亲密接触？现在机会来了。
Outfit_Description_RadiationSuit_Expert,有感受过在核废料池里游泳的感觉吗？
Weapon_Description_RadiumRifle,漂亮的步枪。绝对不是在纽维加斯的瓦砾里随便拼凑出来的。没错。
Outfit_Description_RaiderArmor,废土流氓的标准装备。
Outfit_Description_RaiderArmor_Heavy,一个疯子统治一群疯子的道具。
Outfit_Description_RaiderArmor_Sturdy,废土最强的掠夺者才能穿的衣服。
Outfit_Description_RiotGear,实用且讨人喜欢，满足你在废土的所有需求。
Outfit_Description_RiotGear_Heavy,越强大的佣兵，携带的瓶盖也越多……穿的装备也更好。
Outfit_Description_RiotGear_Sturdy,你可以从容应对任何朝你丢过来的东西了。
Outfit_Description_RobCoFactoryUniform,坚实的防护服，让你穿着它时充满公司自豪感！
Outfit_Description_RobCoRdSuit,光是穿上它就能激励你组建一支自动人偶大军。
Outfit_Description_RobotArmor,既然能穿一件，就无需躲在铁卫兵身后了。
Outfit_Description_RothchildSpecial,专门留给钢铁兄弟会的人才，我希望是你。
Outfit_Description_RottedDuster,穿上这件粗犷但已磨损的旅行大衣，塑造出阴森的身影。
Outfit_Description_SantaSuit_Original,制作列表，然后反复审核，圣诞老人就是监督者的原型。
Outfit_Description_ScarredPowerArmor_Original,一只能量过剩的妖怪也只能勉强刮花表面……
Outfit_Description_Scorched,灼烧者。
Outfit_Description_ScorchedHeavy,重型灼烧者。
Outfit_Description_ScientistScrubs,穿上这个，你在说话的时候，就肯定有人听了。
Outfit_Description_ScientistScrubs_Commander,你只要一下命令，他们就会跳起来，而且跳得还很高。
Outfit_Description_ScientistScrubs_Officer,这种时候，你就需要这样的指挥官形象。
Outfit_Description_ScifiSpecial,你也许活着的时候并不会很如意，但是最起码你在死的时候会很安逸。
Outfit_Description_ScribeRobe,只有钢铁兄弟会最棒最顶尖的人才能穿。
Outfit_Description_ScribeRobe_Elder,荣誉长袍，只有钢铁兄弟会的长老才能穿戴。
Outfit_Description_ScribeRobe_Initiate,通常由钢铁兄弟会学士穿着。
Outfit_Description_SequinDress,绝对吸引眼球的衣服。
Outfit_Description_SlasherSpecial,穿得像个疯子，欢迎你为惊悚电影做贡献！
Outfit_Description_SleazySuit,穿上它让你看起来，甚至感觉上，都少了几分可信赖感……
Outfit_Description_SodaFountainDress,潮流元素的集合。
Outfit_Description_SoldierSpecial,已经达到美军的要求了，当然，也达到了你的要求。
Outfit_Description_SpecialThemeHalloween,捣捣蛋，然后接受款待，不过记住别吃太多糖。
Outfit_Description_SpecialThemeHalloween2,骷髅装 - 2077年美国最流行的万圣节服装 - 一名美国人于2078年前后写下
Outfit_Description_SpecialThemeThanksGiving,对自己能够从核战中幸存下来表示感恩吧。也要对能吃到火鸡表示感恩。美味的，被辐射过的火鸡……
Outfit_Description_SpecialThemeXmas,即使是这个季节，圣诞老人也能造访你的避难所 - 虽然没有烟囱。
Outfit_Description_SpecialThemeXmas2,加班？怀才不遇？滑稽的制服？当避难所居民还是当圣诞精灵—选择权在于你。
Outfit_Description_SportsfanSpecial,在滑雪时提供绝佳的防护……还能防御死亡爪。
Outfit_Description_SurgeonSpecial,用来给受伤的朋友包扎再合适不过了，给自己用也可以。
Outfit_Description_SurvivorSpecial,你可以从容应对任何废土带来的问题了，不论来多少次。
Outfit_Description_Suspenders,乡村时髦范儿，还是不入流的品味？让他们去猜吧。
Outfit_Description_SweaterVest,不知道是毛衣还是背心，不过两者不能都算吗？
Outfit_Description_Swimsuit,一件非常非常非常非常性感的比基尼……算了当我没说。
Outfit_Description_SwingDress,可以点燃舞池里的激情。
Outfit_Description_SynthArmor,合成人的基础防御措施。
Outfit_Description_SynthArmor_Heavy,合成人在重装战斗训练时穿的装甲。
Outfit_Description_SynthArmor_Sturdy,学院用于废土作业时使用的装甲。
Outfit_Description_Threedog,要么就认真作战……要么就去死。
Outfit_Description_TiedBlouse,干农活或是搞一些乡村音乐的理想装备。
Outfit_Description_UtilityJumpsuit,一套标准的避难所套装，用于应对废土的恶劣环境。
Outfit_Description_UtilityJumpsuit_Heavy,常常是留给避难所监督者和他们的家人的。
Outfit_Description_UtilityJumpsuit_Sturdy,避难所科技的高端产品，为了应对废土的突发情况而改进过了。
Outfit_Description_Vault33Suit,未来风格，正如电视上所见！
Outfit_Description_Vest,这件避难所中最时髦的衣服可是会让一些人心碎的。
Outfit_Description_WaitressUniform,诱惑的嘴唇，轻佻的话语，然后稍微来上一杯。
Outfit_Description_WandererArmor,传奇盔甲，废土最伟大的英雄才能穿戴……
Outfit_Description_WandererArmor_Heavy,杀人犯还是被害人，英雄还是小人 - 你要是个混蛋的话，那就请闭嘴。
Outfit_Description_WandererArmor_Sturdy,废土的经典服装，英雄们的铁血成就了它的经典。
Outfit_Description_Wasteland_Doctor,非常适合用于移除弹片和伤口包扎。
Outfit_Description_Wasteland_Medic,有许多口袋可以放绷带和止疼药。
Outfit_Description_Wasteland_Surgeon,截肢术，阑尾切除术，胃旁路手术-这一切，都可以完成！
Outfit_Description_WeddingDress,经典的婚礼礼服款式。
Outfit_Description_WorkDress,即使是避难所的孩童都需要学习阅读、写作和算术。
Outfit_Description_WrestlerSpecial,防御和有型兼具，不管是在避难所内还是避难所外。
Outfit_Description_MoldaversArmor,简单的战斗装甲，增添了皇室风范。
Outfit_Description_EnclaveSecurityOutfit,最佳防御技术的最低端体现。
Outfit_Description_VaultSecurityOutfit,有时候，仅仅靠一份备忘录可无法维持避难所安全。
Outfit_Description_WilzigsTravelwear,干净且做工精良。在废土上绝对引人注目。
Outfit_Description_SleekSuit,一套极度光鲜的西装，曾助力兜售未来。
Outfit_Description_CaitsCorset,时尚且出奇保暖。适合近身战斗和深夜派对。
Outfit_Description_ZekesJacketAndJeans,原子猫的制服。在捣鼓数百磅的动力装甲时也必须保持帅气。
Outfit_Description_MrHousesSuit,亚麻：在莫哈维沙漠里唯一能穿的西装，除非你想要腋下汗渍。
Outfit_Description_PaladinJacket,以时尚方式引领古老强大技术的回收行动。
Outfit_Description_MaximusJacket,红色色调掩盖血迹，军衔V形标记掩盖沉重的自我怀疑。
Outfit_Name_AbrahamSpecial,亚伯拉罕的休闲服
Outfit_Name_ActionWeddingDress,行动婚礼礼服
Outfit_Name_AlienSpaceSuit,外星太空服
Outfit_Name_AlistairSpecial,特佩尼的西装
Outfit_Name_AllNighware,睡衣
Outfit_Name_AllNighware_Lucky,幸运睡衣
Outfit_Name_AllNighware_Naughty,淘气睡衣
Outfit_Name_AmataSpecial,阿马塔的连体衣
Outfit_Name_ArgyleSweater,会计师服装
Outfit_Name_BaseballUniform,棒球衫
Outfit_Name_BattleArmor,战斗装甲
Outfit_Name_BattleArmor_Heavy,重型战斗装甲
Outfit_Name_BattleArmor_Sturdy,硬化战斗装甲
Outfit_Name_Bishop,牧师服装
Outfit_Name_BittercupSpecial,苦杯的服装
Outfit_Name_BOSUniform,钢铁兄弟会制服
Outfit_Name_BOSUniform_Advanced,高级钢铁兄弟会制服
Outfit_Name_BOSUniform_Expert,专家钢铁兄弟会制服
Outfit_Name_BOSCasual_Expert,钢铁兄弟会便服
Outfit_Name_BowlingShirt,赛车装
Outfit_Name_BusinessDress,大内密探
Outfit_Name_BusinessSuit,商务装
Outfit_Name_ButchSpecial,洞中蛇装
Outfit_Name_CheckeredShirt,春季服装
Outfit_Name_ColonelSpecial,秋上校的制服
Outfit_Name_CombatArmor,战斗装甲
Outfit_Name_CombatArmor_Heavy,重型战斗装甲
Outfit_Name_CombatArmor_Sturdy,坚固战斗装甲
Outfit_Name_ComedianSpecial,喜剧演员服装
Outfit_Name_costume_01,休闲款1
Outfit_Name_costume_02,休闲款2
Outfit_Name_costume_03,休闲款3
Outfit_Name_costume_04,休闲款4
Outfit_Name_costume_05,休闲款5
Outfit_Name_costume_06,休闲款6
Outfit_Name_costume_07,休闲款7
Outfit_Name_costume_08,休闲款8
Outfit_Name_costume_09,休闲款9
Outfit_Name_costume_10,休闲款10
Outfit_Name_CromwellSpecial,忏悔者克伦威尔的破布
Outfit_Name_DetectiveOutfit,侦探服装
Outfit_Name_DooWopOutfit,杜沃普歌手
Outfit_Name_DrLiSpecial,李医生制服
Outfit_Name_ElderLyonsSpecial,里昂长老的长袍
Outfit_Name_EmpressSpecial,共和长袍
Outfit_Name_EngineerSpecial,工程师服装
Outfit_Name_EulogyJonesSpecial,尤罗基·琼斯的服装
Outfit_Name_FarHarborSpecial,破烂长衫
Outfit_Name_FlightSuit,飞行服
Outfit_Name_FlightSuit_Advanced,高级飞行服
Outfit_Name_FlightSuit_Expert,专家飞行服
Outfit_Name_GamblerSuit,礼服
Outfit_Name_GamblerSuit_Fancy,花式礼服
Outfit_Name_GamblerSuit_Lucky,幸运礼服
Outfit_Name_GreaserSpecial,加油站工人服装
Outfit_Name_HandymanJumpsuit,杂工连体衣
Outfit_Name_HandymanJumpsuit_Advanced,高级连体衣
Outfit_Name_HandymanJumpsuit_Expert,专家连体衣
Outfit_Name_HarknessSpecial,哈克尼斯的保安制服
Outfit_Name_HazmatSuit,废土装
Outfit_Name_HazmatSuit_Heavy,重型废土装
Outfit_Name_HazmatSuit_Sturdy,坚固型废土装
Outfit_Name_Horseman_DeathJacket,死亡夹克
Outfit_Name_Horseman_FamineVestment,饥荒法衣
Outfit_Name_Horseman_PestilencePlating,瘟疫装甲
Outfit_Name_Horseman_WarArmor,战争装甲
Outfit_Name_HunterGear_Bounty,赏金猎人装
Outfit_Name_HunterGear_Mutant,变种猎人装
Outfit_Name_HunterGear_Treasure,宝藏猎人装
Outfit_Name_Incognito,伪装休闲服
Outfit_Name_InstituteJumper,学院套衫
Outfit_Name_InstituteJumper_Advanced,高级学院服装
Outfit_Name_InstituteJumper_Expert,专家学院服装
Outfit_Name_JacketTshirt,摩托夹克
Outfit_Name_JamesSpecial,爸爸的实验室制服
Outfit_Name_JerichoSpecial,耶利哥的皮甲
Outfit_Name_JobinsonsJersey,拉基·乔宾逊的运动衫
Outfit_Name_jump,避难所服装
Outfit_Name_King,中世纪统治者服装
Outfit_Name_KnightSpecial,骑士装甲
Outfit_Name_LabCoat,实验室外套
Outfit_Name_LabCoat_Advanced,高级实验室外套
Outfit_Name_LabCoat_Expert,专家实验室外套
Outfit_Name_LibrarianSpecial,图书管理员装
Outfit_Name_LifeguardOutfit,救生员装
Outfit_Name_LoungeShirt,保龄球运动衫
Outfit_Name_LucasSpecial,警长防尘衫
Outfit_Name_LucysVaultSuit,露西的避难所服装
Outfit_Name_MaJuneJacket,马琼夹克
Outfit_Name_MayorSpecial,市长装
Outfit_Name_MechanicJumpsuit,技工连体衣
Outfit_Name_MetalArmor,金属装甲
Outfit_Name_MetalArmor_Heavy,重型金属装甲
Outfit_Name_MetalArmor_Sturdy,坚固金属装甲
Outfit_Name_MilitaryJumpsuit,军人迷彩服
Outfit_Name_MilitaryJumpsuit_Commander,指挥迷彩服
Outfit_Name_MilitaryJumpsuit_Officer,军官迷彩服
Outfit_Name_MoiraSpecial,莫伊拉的罗布科连体衣
Outfit_Name_MojaveWastelandSurvivor,莫哈维废土幸存者
Outfit_Name_MoviefanSpecial,影迷服
Outfit_Name_MrBurkeSpecial,布克先生的商务装
Outfit_Name_NinjaSuit,忍者装
Outfit_Name_NCR_Ranger,NCR游骑兵装备
Outfit_Name_PiperSpecial,派普的服装
Outfit_Name_PolkaDotDress,圆点太阳裙
Outfit_Name_PowerArmor,T-45a 动力装甲
Outfit_Name_PowerArmor_51a,T-51a 动力装甲
Outfit_Name_PowerArmor_51d,T-51d 动力装甲
Outfit_Name_PowerArmor_51f,T-51f 动力装甲
Outfit_Name_PowerArmor_MkI,X-01 Mk I 动力装甲
Outfit_Name_PowerArmor_MkIV,X-01 Mk IV动力装甲
Outfit_Name_PowerArmor_MkVI,X-01 Mk VI 动力装甲
Outfit_Name_PowerArmor_T45d,T-45d 动力装甲
Outfit_Name_PowerArmor_T45f,T-45f 动力装甲
Outfit_Name_PowerArmor_T60a,T-60a 动力装甲
Outfit_Name_PowerArmor_T60d,T-60d 动力装甲
Outfit_Name_PowerArmor_T60f,T-60f 动力装甲
Outfit_Name_PrestonSpecial,义勇军制服
Outfit_Name_PrewarCowboy,战前牛仔装
Outfit_Name_PrinceSpecial,贵族服装
Outfit_Name_ProfessorSpecial,教授装
Outfit_Name_RadiationSuit,防辐射服
Outfit_Name_RadiationSuit_Advanced,高级防辐射服
Outfit_Name_RadiationSuit_Expert,专家防辐射服
Weapon_Name_RadiumRifle,镭步枪
Outfit_Name_RaiderArmor,掠夺者装甲
Outfit_Name_RaiderArmor_Heavy,重型掠夺者装甲
Outfit_Name_RaiderArmor_Sturdy,坚固掠夺者装甲
Outfit_Name_RiotGear,佣兵服
Outfit_Name_RiotGear_Heavy,重型佣兵服
Outfit_Name_RiotGear_Sturdy,坚固佣兵服
Outfit_Name_RobCoFactoryUniform,罗伯科工厂制服
Outfit_Name_RobCoRdSuit,罗伯科研发服
Outfit_Name_RobotArmor,机器人装甲
Outfit_Name_RothchildSpecial,罗切尔德学士的长袍
Outfit_Name_RottedDuster,尸鬼大衣
Outfit_Name_SantaSuit_Original,原版圣诞老人服装
Outfit_Name_SarahSpecial,里昂荣耀团动力装甲
Outfit_Name_ScarredPowerArmor_Expert,伤痕动力装甲
Outfit_Name_Scorched,焦化
Outfit_Name_ScorchedHeavy,焦化
Outfit_Name_ScientistScrubs,初级官员制服
Outfit_Name_ScientistScrubs_Commander,指挥官制服
Outfit_Name_ScientistScrubs_Officer,长官制服
Outfit_Name_ScifiSpecial,科幻迷制服
Outfit_Name_ScribeRobe,学士长袍
Outfit_Name_ScribeRobe_Elder,长老长袍
Outfit_Name_ScribeRobe_Initiate,新人长袍
Outfit_Name_SequinDress,避难所社交服装
Outfit_Name_SlasherSpecial,惊悚迷服装
Outfit_Name_SleazySuit,低俗西装
Outfit_Name_SodaFountainDress,饮料柜台员制服
Outfit_Name_SoldierSpecial,士兵制服
Outfit_Name_SpecialThemeHalloween,幽灵装
Outfit_Name_SpecialThemeHalloween2,骷髅服装
Outfit_Name_SpecialThemeThanksGiving,朝圣装
Outfit_Name_SpecialThemeXmas,圣诞老人服
Outfit_Name_SpecialThemeXmas2,精灵服装
Outfit_Name_SportsfanSpecial,运动迷服装
Outfit_Name_StarPaladinSpecial,克罗丝的动力装甲
Outfit_Name_SurgeonSpecial,外科医生服装
Outfit_Name_SurvivorSpecial,幸存者装甲
Outfit_Name_Suspenders,定制的服装
Outfit_Name_SweaterVest,战前服饰
Outfit_Name_Swimsuit,泳装
Outfit_Name_SwingDress,摇摆裙
Outfit_Name_SynthArmor,合成人装甲
Outfit_Name_SynthArmor_Heavy,重型合成人装甲
Outfit_Name_SynthArmor_Sturdy,坚固合成人装甲
Outfit_Name_Threedog,三狗的服装
Outfit_Name_TiedBlouse,乡村女孩
Outfit_Name_UtilityJumpsuit,装甲避难所服装
Outfit_Name_UtilityJumpsuit_Heavy,重型避难所服装
Outfit_Name_UtilityJumpsuit_Sturdy,坚固避难所服装
Outfit_Name_Vault33Suit,避难所33号服装
Outfit_Name_Vest,战后风流
Outfit_Name_WaitressUniform,女服务员制服
Outfit_Name_WandererArmor,皮革装甲
Outfit_Name_WandererArmor_Heavy,重型皮革装甲
Outfit_Name_WandererArmor_Sturdy,坚固皮革装甲
Outfit_Name_Wasteland_Doctor,废土医生
Outfit_Name_Wasteland_Medic,废土军医
Outfit_Name_Wasteland_Surgeon,废土外科医生
Outfit_Name_WeddingDress,婚纱
Outfit_Name_WorkDress,乡村女教师
Outfit_Name_WrestlerSpecial,摔跤手服装
Outfit_Name_MoldaversArmor,莫尔达弗的装甲
Outfit_Name_EnclaveSecurityOutfit,英克雷安保制服
Outfit_Name_VaultSecurityOutfit,避难所安保制服
Outfit_Name_WilzigsTravelwear,威尔齐格的旅行装
Outfit_Name_SleekSuit,时髦西装
Outfit_Name_CaitsCorset,凯特的束腰
Outfit_Name_ZekesJacketAndJeans,齐克的夹克与牛仔裤
Outfit_Name_MrHousesSuit,豪斯先生的西装
Outfit_Name_PaladinJacket,兄弟会圣骑士夹克
Outfit_Name_MaximusJacket,马克西姆斯的夹克
Overseer,监督者
Parent_Message,自豪的父母
Pet_Abyssinian,阿比尼西亚猫
Pet_Akita,秋田犬
Pet_AmericanShorthair,美国短毛猫
Pet_AustralianShepherd,澳大利亚牧羊犬
Pet_BlackLab,黑拉布拉多犬
Pet_Bloodhound,血猎犬
Pet_BlueYellowMacaw,避难所科技鹦鹉
Pet_Bombay,孟买猫
Pet_Boxer,拳师犬
Pet_BritishShorthair,英国短毛猫
Pet_Brittany,布列塔尼犬
Pet_Burmilla,波米拉猫
Pet_Carrier_PopUp_Btn1,领取
Pet_Carrier_PopUp_Btn2,不在该避难所
Pet_Carrier_PopUp_Footnote,*不保证皮毛状况。
Pet_Carrier_PopUp_Main,这是一个宠物笼子，您的宠物收集开始啦！打开并欢迎这个毛茸茸的*朋友来到你的避难所。
AlienDrone_GiveAway_Popup_Title,外星无人机宠物
AlienDrone_GiveAway_Popup_Main,这里有一个外星朋友来庆祝《辐射》25周年！但它从哪儿来的？
Pet_Carrier_PopUp_Title,免费宠物笼子
Pet_CattleDog,牧牛犬
Pet_Collie,柯利牧羊狗
Pet_Dalmatian,达尔马提亚狗
Pet_Description_abyssinian_b,柔滑、纤细、猫形态的典范。
Pet_Description_abyssinian_l,智慧，优雅……卓越。
Pet_Description_akita_b,这种狗比其它犬类更喜欢小朋友。
Pet_Description_akita_l,他总是认为自己才是主角，你需要以其他方式教他。
Pet_Description_akita_l2,这样的住宅，颇具避难所风格。
Pet_Description_Alien_b,动了几根电线就让你交到了一辈子的朋友！
Pet_Description_american_b,猫难道真的灭绝了吗？只不过是为了摆脱这些孩子罢了。
Pet_Description_american_l,美式饲养的光辉范例。
Pet_Description_australianshepherd_b,他一个球也抓不住。
Pet_Description_australianshepherd_l,不训练就会焦躁不安。“不安”的意思就是它会把你的鞋子吃掉。
Pet_Description_blacklab_b,在海滩边玩水或是蜷缩在你的脚边……典型的宠物狗。
Pet_Description_blacklab_l,它们被孩子们养大，被所有人喜爱，它们通常被养在后院。
Pet_Description_bloodhound_b,联邦最佳跟踪武器。
Pet_Description_bloodhound_l,闻到没？你闻不到是吧？不过这种狗狗能闻到！
Pet_Description_bloodhound_l2,有人失踪？那就让它来调查！
Pet_Description_bloodhound_l3,到处追寻鼹鼠和变异的鹿。
Pet_Description_blueyellowmacaw_b,由避难所科技制造的基因，专门用于实现你的海盗梦想。
Pet_Description_blueyellowmacaw_l,如果有鸟闯进来，他应该就是最好的鸟窝了！
Pet_Description_blueyellowmacaw_l2,这只大鸟不吃饼干-因为它就是饼干。
Pet_Description_blueyellowmacaw_l3,一说到演讲，他就斗志激昂了。
Pet_Description_bombay_b,那件“倒霉”事就是被他夸大的。
Pet_Description_bombay_l,是谁偷了你的甜面包？只能猜一次。
Pet_Description_boxer_b,调皮又对孩子们友好，还能把敌人的手咬断。不错。
Pet_Description_boxer_l,他可以在废土生存下去，但是只有在你身边，才算是真正地活着。
Pet_Description_british_b,全都听见看见了，去问问爱丽丝就知道了。
Pet_Description_british_l,一只老是想要跑到废土上去的猫，千万得把避难所的门关好。
Pet_Description_brittany_b,迅猛强悍，他可是鹰犬。
Pet_Description_brittany_l,宁静却指挥若定，能激发惊人的能力。
Pet_Description_burmilla_b,这只漂亮的小猫可以让废土居民中最颓废的人振作起来。
Pet_Description_burmilla_l,小懒猫女士。
Pet_Description_burmilla_l2,他挠你是因为他爱你。
Pet_Description_cattledog_b,小鬼、双头牛还有死亡爪，她都可以赶跑。
Pet_Description_cattledog_l,总是喜欢缠着林肯，或是绕着他留下来的东西打转。
Pet_Description_collie_b,掉井里了？她会想办法的！
Pet_Description_collie_l,被毛如此柔软，你可要宠下去啊。
Pet_Description_cx404_l,一名训练有素的前英克雷特工，专精于嗅探和吠叫。
Pet_Description_dalmatian_b,那个巨型垃圾的传言其实过分夸大了。
Pet_Description_dalmatian_l,他可能无法帮你救火，但他会给予你精神上的支持。
Pet_Description_dalmatian_l2,如果避难所失火了 - 肯定会着火 - 是他搞的鬼。
Pet_Description_doberman_b,好斗的？当然。有爱心且忠诚？你最好相信它。
Pet_Description_doberman_l,有胆量且危险，但真是太可爱了。
Pet_Description_englishmastiff_b,不要被他的大小迷惑了-他内心其实很温和。
Pet_Description_englishmastiff_l,我们要需要一个更大的狗窝了……
Pet_Description_germanpointer_b,经典的猎犬。现在能很好地适应地下生活了。
Pet_Description_germanpointer_l,打猎的日子结束了，但这条狗从来不会忘记自己的职责。
Pet_Description_germanpointer_l2,对巧克力零食有敏锐的嗅觉，但别让它吃任何一块。
Pet_Description_germanshepherd_b,“经典”二字
Pet_Description_germanshepherd_l,从丹恩城到钻石城，废土的传奇。
Pet_Description_goldenret_b,欢脱、有弹性，还是黄色的。
Pet_Description_goldenret_l,因为追球游戏出名……一次能带5个球。
Pet_Description_greyhound_b,这是废土最快的犬了。
Pet_Description_greyhound_l,别和他比快。
Pet_Description_havanabrown_b,你习惯说“你是怎么上去的？”这句话吗？
Pet_Description_havanabrown_l,会蜷缩在你的大腿上，并对你催眠。
Pet_Description_husky_b,她拉雪橇和拉你的心弦一样熟练。
Pet_Description_husky_l,为我们在安克雷奇的军队服务。现在他为避难所服务而感到自豪。
Pet_Description_laperm_b,喜欢像养动物一样养人。
Pet_Description_laperm_l,觉得老鼠就是用来给他消遣用的。
Pet_Description_laperm_l2,他看起来像刚从烘干机里出来。
Pet_Description_laperm_l3,他花俏的态度和他的外表一样。
Pet_Description_lykoi_b,它们的耳朵能听到一英里外你带猫粮回来的声音。
Pet_Description_lykoi_l,会悄悄地进攻……最起码你得看住你的脚趾。
Pet_Description_mainecoon_b,他只是看起来像个野孩子，实际上他是十分安静可爱的。
Pet_Description_mainecoon_l,他想出去活动活动，不过欲望并不是很强烈。
Pet_Description_manx_b,他能成为你最好的朋友，只要你有金枪鱼。
Pet_Description_manx_l,睡不睡午觉：这是个问题。
Pet_Description_manx_l2,它总是在绕圈，到底是在追什么啊？
Pet_Description_manx_l3,千万不要谈论他的尾巴……
Pet_Description_militarymacaw_b,可以歌颂美丽的美国……也可以怒喷监督者。
Pet_Description_militarymacaw_l,我是忠心的，只不过现在饿极了。很喜欢吃梳打饼，不过糖衣炮弹麦片也可以凑合一下。
Pet_Description_militarymacaw_l2,懂200多个字，不过只会说一句“洞中蛇才是一切！”
Pet_Description_ocicat_b,欧西猫已经和豹猫非常相似了，不过不会使左轮枪。
Pet_Description_ocicat_l,他身上的斑点比感觉上还要多得多，不过这并不影响你对他的爱。
Pet_Description_pallascat_b,有谣言说，这对毛皮下面藏着一只猫。
Pet_Description_pallascat_l,它老被误认为是鸡毛掸子。
Pet_Description_persian_b,它的长毛圆脸是人们想抱它的最大原因。
Pet_Description_persian_l,它是第一只来到这儿的猫，也会是最后一只离开你的猫。
Pet_Description_persian_l_2,废土女王。
Pet_Description_pitbullterrier_b,为了不被斗牛犬伤害到，你得停止靠近。
Pet_Description_pitbullterrier_l,别被他的坏名声蒙蔽了双眼 - 他其实可忠诚了！
Pet_Description_pitbullterrier_l2,在这坨肉下面，藏着一颗赤诚之心。
Pet_Description_pitbullterrier_l3,你的避难所再也找不到比它更好的看门狗了。
Pet_Description_poodle_b,别瞧不起他花俏的小腿 - 他其实不仅可爱，还非常聪明和顽强。
Pet_Description_poodle_l,想理个爆炸头，就像……这样。其实里面藏着一个英雄。
Pet_Description_rottweiler_b,又大又会闹腾，但是忠诚且听话。他会成为你生活上的好朋友。
Pet_Description_rottweiler_l,粗犷的身体里藏着一颗温柔的心。她就是爱与忠诚的化身。
Pet_Description_scarletmacaw_b,等等，伙计！他会在你擦地板的时候和你玩耍的。
Pet_Description_scarletmacaw_l,他会开心地坐在你的肩上，他是天使，还是恶魔呢？……没准两者都是。
Pet_Description_scottishfold_b,有时候我的耳朵会向后折，你别在意就行了。
Pet_Description_scottishfold_l,一个无忧无虑的小女孩，不过她对耳朵非常敏感。
Pet_Description_siamese_b,并不是自大……不过就是比你强一点。
Pet_Description_siamese_l,她是这星球上最美最能容忍的公主。
Pet_Description_somali_b,在里面的时候想出来，在外面的时候想进去。
Pet_Description_somali_l,只属于你的四腿小明星。
Pet_Description_sphynx_b,这样一只无毛猫，谁不想要呢？你说是不是？
Pet_Description_sphynx_l,你要觉得她是女神的话，那也没错。
Pet_Description_stbernard_b,如果你在山上走丢了，你可以盼望它来找你。
Pet_Description_stbernard_l,不包括核子可乐。
Pet_Description_toyger_b,比完整版的安全多了。
Pet_Description_toyger_l,其实他并不像看起来这么凶。
Pet_Description_turkishvan_b,认为每天都是猫节。
Pet_Description_turkishvan_l,一只真正的贵族猫。
Pet_Description_turkishvan_l2,沉溺于和猫尾巴草玩耍，但是还是非常的可爱。
Pet_Description_rollerbrain_b,一位朋友保存下来的心智，日常的整洁是其保持清醒的关键锚点。
Pet_DefaultFloatingDrone,外星无人机
Pet_Doberman,杜宾犬
Pet_EnglishMastiff,英国獒犬
Pet_GermanPointer,德国向导犬
Pet_GermanShepherd,德国牧羊犬
Pet_GoldenRetriever,金毛犬
Pet_Greyhound,灰猎犬
Pet_HavanaBrown,哈瓦那棕猫
Pet_Husky,哈士奇
Pet_LaPerm,达拉斯猫
Pet_Lykoi,狼猫
Pet_MaineCoon,缅因猫
Pet_Manx,曼克斯猫
Pet_MilitaryMacaw,受训鹦鹉
Pet_Ocicat,欧西猫
Pet_PallasCat,兔狲
Pet_Persian,波斯猫
Pet_PitBullTerrier,比特斗牛犬
Pet_Poodle,贵宾犬
Pet_Rottweiler,洛特维勒牧犬
Pet_ScarletMacaw,海盗鹦鹉
Pet_ScottishFold,苏格兰折耳猫
Pet_Siamese,暹罗猫
Pet_Somali,索马里猫
Pet_Sphynx,加拿大无毛猫
Pet_StBernard,圣伯纳犬
Pet_Toyger,玩具虎猫
Pet_TurkishVan,土耳其梵猫
Pet_YoungBlackBrahmin,年轻的黑双头牛
Pet_YoungBrownBrahmin,年轻的棕双头牛
Pet_YoungWhiteBrahmin,年轻的白双头牛
Pet_Rollerbrain,滚筒脑
Pet_DefaultRollerbrain,滚筒脑
PetCarrier_campaign_Btn_1,领取
PetCarrier_campaign_Btn_2,不在该避难所
PetCarrier_campaign_Header,为了让你获得更加舒适的体验，避难所科技工程师们修改了一些新特性！
PetCarrier_campaign_Main1,"宠物来到了辐射避难所
这里有一个免费的宠物笼！
打开它然后迎接一个毛茸茸的*朋友吧。"
PetCarrier_campaign_Main2,"居民驱逐
为了向这些只吃饭不干活的家伙表达一下敬意，你可以把他们踢出去！"
PetCarrier_campaign_Main3,"大甩卖啦！
一次出售整个库存，还有探险家们的常用物品。"
PetCarrier_campaign_Title,有什么消息吗？
PetCarrier_ContentLine1,1只普通、稀有或传奇宠物！
PetCarrier_ContentLine2,宠物可以分配给居民，并且为他们提供额外的加成！
PetCarrier_ContentOdds,"常见宠物 (45%)
稀有宠物 (35%)
传说宠物 (20%)"
PetCarrier_ContentRedeemTitle1,宠物笼
PetCarrier_ContentRedeemTitle2,5个宠物载具捆绑包
PetCarrier_ContentRedeemTitle3,15个宠物载具捆绑包
PetCarrier_ContentRedeemTitle4,40个宠物载具捆绑包
PetCarrier_ContentTitle,每个宠物笼里包含：
Piper_campaign_Btn,现在不行
Piper_campaign_Text,一个来自《辐射4》的访客想要加入你的避难所。
Piper_campaign_Title,派普
AlienDrone_campaign_Btn,现在不行
AlienDrone_campaign_Text,避难所科技感谢所有监督者，并以此免费的外星无人机宠物向您致谢！
AlienDrone_campaign_ClaimedText,您的新宠物可以在您的库存中找到。感谢您游玩《辐射：避难所》。
AlienDrone_campaign_Title,避难所科技感谢所有监督者，并想用这只免费的外星无人机宠物感谢你！
Placeholder_WeeklyQuest,每周任务 PLACEHOLDER
PreTutorial_Start,很好！你建造了一个新的避难所。你的任务就是让居民开心地生活。祝你好运！
PreTutorial_VaultName,现在你必须确定一个避难所的编号。请慎重考虑，一旦你下决定，以后将无法改变。
Privacy_ButtonText,隐私
PrivacyFull_ButtonText,完整隐私政策
Privacy_Legal_Link,https://documents.bethesda.net/en/privacy-policy
PrivacyPolicy_Contact,"
[212F21]联系我们/查看或删除您的已收集信息"
PrivacyPolicy_Email_Text,[365136][u]privacy@support.zenimax.com[/u]
PrivacyPolicy_Email_Link,mailto:privacy@support.zenimax.com
PrivacyPolicy_InfoCollected,"
[212F21]可能收集哪些信息[365136]
• 注册和个人资料信息（例如联系方式和登录信息）
• 来自第三方账户的信息，如 Steam、Twitch 和 Facebook（例如好友和公开资料信息）
• 支付信息（例如购买历史）
• 技术信息（例如设备 ID、IP 地址和广告标签）
• 人口统计信息（例如国家和年龄）
• 使用信息（例如游戏内消息、统计和使用数据）
"
PrivacyPolicy_OptOut,"
[212F21]退出定向广告"
PrivacyPolicy_Title,[365136]生效日期：2025 年 9 月 15 日
PrivacyPolicy_WhoItsSharedWith,"[212F21]与谁共享[365136]
• 服务提供商和处理器，例如 CloudFront
• ZeniMax 关联公司和子公司
• 第三方合作伙伴，例如 Apple 和 Google"
PrivacyPolicy_Unity_Text,[365136]• 第三方广告公司，例如 AppsFlyer、DoubleClick、King、MessageGears、Meta、[u]Unity[/u] 和 X
PrivacyPolicy_Unity_Link,https://unity.com/legal/privacy-policy
PrivacyPolicy_WhyItsCollected,"[212F21]收集原因[365136]
• 为履行与您的协议（例如：举办竞赛、应用内购买、改进游戏等）
• 出于我们合法的商业利益（例如：分析、改进游戏、促进更新、发送或展示定向营销、提供定制化服务和支持等）
"
PrivacySettings_Title,[212F21]隐私设置
PrivacyUS_ButtonText,请勿出售或分享我的个人信息
QUEST_1_ANWSER_1,好吧，你已经决定好了。
QUEST_1_ANWSER_2,你希望对掠夺者毫不留情！
QUEST_1_ANWSER_3,不，我们想要你的工具，或是别的。
QUEST_1_ANWSER_4,为什么我们要相信那些该死的掠夺者？
QUEST_1_FOLLOWUP_1,只要上到顶部就行了。
QUEST_1_FOLLOWUP_2,抓住他们！
QUEST_1_FOLLOWUP_3,好吧好吧，不需要这么轻易地去做这些事情，拿着。
QUEST_1_FOLLOWUP_4,我忍不了这种侮辱。干掉他们！
Quest_Button_CompleteQuest,完成任务
Quest_Button_ContinueQuest,继续
Quest_Button_GiveUpQuest,放弃
Quest_Button_ReturnToVaultQuest,返回避难所
Quest_Dialog_1_1,这里有什么？避难所居民吗？
Quest_Dialog_1_2,你肯定是在找Boss。
Quest_Dialog_1_3,我们可没有爱戴他。
Quest_Dialog_1_4,别管我们，我们就告诉你他在哪儿。
Quest_OptionalObjective,（可选）
QuestList_ActiveQuest,激活！
QuestList_ArrivedQuest,已到达！
QuestList_AssembleTeam,集合你的队伍
QuestList_AvailableTime,{0}
QuestList_Button_Next,开始！
QuestList_DailyQuest,每日任务
QuestList_LimitedTime,时限
QuestList_Progress,进程
QuestList_Quests,任务
QuestList_Requirements,要求
QuestList_ReturnedFromQuest,已返回！
QuestList_Rewards,奖励
QuestList_Team,队伍
QuestList_TeamEquipment,队伍装备
QuestList_TVShow,33
QuestList_WeeklyQuest,每周任务
QuestLoc_12PointBuck_QuestLongDescription,“我曾经让一只死亡爪钻到了我的睡衣里，他究竟是怎么钻进来的我大概是这辈子都不会知道了。”
QuestLoc_12PointBuck_QuestName,凸缘猎刀
QuestLoc_12PointBuck_QuestObjective_1,杀死阿尔法死亡爪。
QuestLoc_12PointBuck_QuestShortDescription,杀死阿尔法死亡爪。
QuestLoc_ACryforHelp_Conversation_1_NPCEnd_1,既然这样，算我一个！
QuestLoc_ACryforHelp_Conversation_1_NPCStart_1,谢天谢地，你在这里！我一个人孤立无援，而且物资都快消耗完了。
QuestLoc_ACryforHelp_Conversation_1_Team_1,你的麻烦解决了，避难所里有你一切所需要的。
QuestLoc_ACryforHelp_QuestLongDescription,一位废土探险者听到红火箭燃料站里有呼救声，赶紧去援救吧！
QuestLoc_ACryforHelp_QuestName,呼救声
QuestLoc_ACryforHelp_QuestObjective_1,调查红火箭卡车停靠站。
QuestLoc_ACryforHelp_QuestShortDescription,有人在红火箭卡车停靠站发出求救。
QuestLoc_ADeliciousTrailofDanger_Conversation_1_NPCEnd_1,好吧，希望其它居民能够了解你在做什么。
QuestLoc_ADeliciousTrailofDanger_Conversation_1_NPCEnd_2,来救我！
QuestLoc_ADeliciousTrailofDanger_Conversation_1_NPCEnd_3,好吧，但是这不会帮到你的。
QuestLoc_ADeliciousTrailofDanger_Conversation_1_NPCStart_1,白痴，格布勒是无法阻止的！它杀死了我们这里所有的人。
QuestLoc_ADeliciousTrailofDanger_Conversation_1_NPCStart_2,它就是个杀人机器！
QuestLoc_ADeliciousTrailofDanger_Conversation_1_NPCStart_3,我上次看到的时候，它正在啃一块索尔斯伯利牛肉饼，肉汁溅得到处都是……
QuestLoc_ADeliciousTrailofDanger_Conversation_1_NPCStart_4,你想要找到格布勒？跟着肉汁的痕迹就行了！
QuestLoc_ADeliciousTrailofDanger_Conversation_1_Team_1,把武器给我们，我们要把格布勒干掉！
QuestLoc_ADeliciousTrailofDanger_Conversation_1_Team_2,感谢款待，现在，去死吧，你这个侵略者！
QuestLoc_ADeliciousTrailofDanger_Conversation_1_Team_3,如果要对抗格布勒，我们就需要你这里最好的护甲！
QuestLoc_ADeliciousTrailofDanger_Conversation_2_NPCEnd_1,不知道有没有用，但是最好拿着这个！
QuestLoc_ADeliciousTrailofDanger_Conversation_2_NPCEnd_2,谢谢你，我会老老实实地做一个避难所居民的，我发誓！
QuestLoc_ADeliciousTrailofDanger_Conversation_2_NPCEnd_3,也许这能保护你的安全？
QuestLoc_ADeliciousTrailofDanger_Conversation_2_NPCStart_1,格布勒在这儿！
QuestLoc_ADeliciousTrailofDanger_Conversation_2_NPCStart_2,在杀死了一大堆侵略者之后，我跳进了一堆红莓酱汁里！
QuestLoc_ADeliciousTrailofDanger_Conversation_2_NPCStart_3,一堆红莓酱……还有一堆血……
QuestLoc_ADeliciousTrailofDanger_Conversation_2_NPCStart_4,你想要追查下去？好吧，我想你应该知道该做些什么的……
QuestLoc_ADeliciousTrailofDanger_Conversation_2_Team_1,你有什么武器能够帮上我们的忙的吗？
QuestLoc_ADeliciousTrailofDanger_Conversation_2_Team_2,你已经失去了一切，为什么不来我们的避难所重新开始呢？
QuestLoc_ADeliciousTrailofDanger_Conversation_2_Team_3,给我们来一些护甲帮助我们打败格布勒怎么样？
QuestLoc_ADeliciousTrailofDanger_QuestLongDescription,我们追踪格布勒的踪迹到了布拉姆可工场。
QuestLoc_ADeliciousTrailofDanger_QuestName,美味而又危险的踪迹！
QuestLoc_ADeliciousTrailofDanger_QuestObjective_1,继续追踪格布勒。
QuestLoc_ADeliciousTrailofDanger_QuestShortDescription,追踪格布勒的踪迹前往布拉姆可工场。
QuestLoc_AgainstTheOdds_Conversation_1_NPCStart_1,你也许能够走到这一步，但是现在，你完了！
QuestLoc_AgainstTheOdds_Conversation_1_NPCStart_2,等我把你收拾了，我就去组建一个全新的、更棒的帮派！
QuestLoc_AgainstTheOdds_Conversation_1_NPCStart_3,也许“幻想55”……算了，不管怎么样，你已经死了！
QuestLoc_AgainstTheOdds_QuestLongDescription,好的，77 或许有点夸张，但他们人多势众，而你只有一个人。你准备好应对了吗？
QuestLoc_AgainstTheOdds_QuestName,逆势而上
QuestLoc_AgainstTheOdds_QuestObjective_1,杀死77疯子的头领。
QuestLoc_AgainstTheOdds_QuestShortDescription,歼灭77疯子。
QuestLoc_AgainstTheOdds_RaiderLine_1,你永远别想打败我们所有人！
QuestLoc_AgainstTheOdds_RaiderLine_2,我们帮派势不可挡！
QuestLoc_AGatheringofGhouls_QuestLongDescription,一个可怕的发光种在离避难所太近的地方安了家，像飞蛾扑火一样吸引着尸鬼。趁这场鬼怪聚会规模扩大之前，熄灭那闪耀的信标！
QuestLoc_AGatheringofGhouls_QuestName,尸鬼聚集
QuestLoc_AGatheringofGhouls_QuestObjective_1,消灭发光种。
QuestLoc_AGatheringofGhouls_QuestShortDescription,对抗一个发光种及其尸鬼爪牙。
QuestLoc_AimfortheHead_QuestLongDescription,是时候去追踪一些机灵的家伙了：狂尸鬼！既然是机灵鬼，你就得穿着实验服去了！
QuestLoc_AimfortheHead_QuestName,瞄准头领！
QuestLoc_AimfortheHead_QuestObjective_1,杀死发光者。
QuestLoc_AimfortheHead_QuestShortDescription,杀死发光者。
QuestLoc_ALaborofLove_Conversation_1_NPCEnd_1,随你们便，居民们！
QuestLoc_ALaborofLove_Conversation_1_NPCEnd_2,好吧，我得问问我的上司，但我想这是可以安排的。
QuestLoc_ALaborofLove_Conversation_1_NPCEnd_3,我说了，离开(注:搬离)...啊，开枪打死他们！
QuestLoc_ALaborofLove_Conversation_1_NPCStart_1,站在那里别动！
QuestLoc_ALaborofLove_Conversation_1_NPCStart_2,这个洞穴是属于钢铁兄弟会的领地。
QuestLoc_ALaborofLove_Conversation_1_NPCStart_3,我们很快就会把它改造成一个新的掩体。
QuestLoc_ALaborofLove_Conversation_1_NPCStart_4,立刻离开(注:搬离)这里，否则！
QuestLoc_ALaborofLove_Conversation_1_Team_1,我们选择“否则”。
QuestLoc_ALaborofLove_Conversation_1_Team_2,我们只是想在这里举行婚礼... 介意主持一下吗？
QuestLoc_ALaborofLove_Conversation_1_Team_3,抱歉，我脑子里的笑声太大，听不清。
QuestLoc_ALaborofLove_Conversation_2_NPCEnd_1,那太不幸了，我想我们得杀了你。
QuestLoc_ALaborofLove_Conversation_2_NPCEnd_2,有吗？我们要离开这里... 来吧，伙计们，我们继续前进！
QuestLoc_ALaborofLove_Conversation_2_NPCEnd_3,愚弄我一次，你应该感到羞耻。愚弄我两次... 不会再被愚弄了!
QuestLoc_ALaborofLove_Conversation_2_NPCStart_1,欢迎来到我们简陋的住所。
QuestLoc_ALaborofLove_Conversation_2_NPCStart_2,我们能为你提供什么吗？饼干？放射性奶昔？
QuestLoc_ALaborofLove_Conversation_2_NPCStart_3,对皮肤有奇效。
QuestLoc_ALaborofLove_Conversation_2_Team_1,恐怕你们得离开(注:搬离)这里了。
QuestLoc_ALaborofLove_Conversation_2_Team_2,你知道在北边几英里有一个废弃的避难所，对吧？
QuestLoc_ALaborofLove_Conversation_2_Team_3,当然，但也许你想先看看这把枪的枪管内部？
QuestLoc_ALaborofLove_QuestLongDescription,大日子就快到了。我们的想法是在自然环境中举行婚礼，但是因为外面太危险了，我们会用附近的山洞来代替。我们只需要消毒一下。
QuestLoc_ALaborofLove_QuestName,爱的劳动(注:为了快乐即便没报酬)
QuestLoc_ALaborofLove_QuestObjective_1,消灭鼹鼠的繁殖母体.
QuestLoc_ALaborofLove_QuestShortDescription,清理洞穴，为婚礼做准备。
QuestLoc_ALaborofLove_RaiderLine_1,这个山洞不够大，对我们两个人来说！
QuestLoc_AllSalesFinal_Conversation_1_NPCEnd_1,现在有*你*出现了!
QuestLoc_AllSalesFinal_Conversation_1_NPCEnd_2,好吧，首先，这很粗鲁。其次，这里已经几个月没有任何食物了。
QuestLoc_AllSalesFinal_Conversation_1_NPCEnd_3,对不起，这里没有食物了，我们只有这些了。
QuestLoc_AllSalesFinal_Conversation_1_NPCStart_1,欢迎来到超级大卖场！
QuestLoc_AllSalesFinal_Conversation_1_NPCStart_2,我们今天能帮上什么忙吗？
QuestLoc_AllSalesFinal_Conversation_1_Team_1,所以，这里到底还有没有吃的？
QuestLoc_AllSalesFinal_Conversation_1_Team_2,只要把你的食物给我们。
QuestLoc_AllSalesFinal_Conversation_1_Team_3,抱歉打扰你了。我们正在找这些原料。
QuestLoc_AllSalesFinal_QuestLongDescription,我们的新厨师有一些大胆的想法来改善我们的日常饮食，他列出了他需要的具体食材清单。我们应该去附近一家废弃的超级大卖场看看能不能找到它们。
QuestLoc_AllSalesFinal_QuestName,所有销售的最终决定
QuestLoc_AllSalesFinal_QuestObjective_1,在超级大卖场中搜索配料。
QuestLoc_AllSalesFinal_QuestShortDescription,从(动物、害虫)等大批出没的超级大卖场中取回原料。
QuestLoc_AllSalesFinal_RaiderLine_1,我觉得这里已经没有食物了...
QuestLoc_AllSalesFinal_RaiderLine_2,这是个坏主意。
QuestLoc_AllsFairinLoveandNuclearWar_Conversation_1_NPCEnd_1,不，但节食并不意味着我不能看菜单！
QuestLoc_AllsFairinLoveandNuclearWar_Conversation_1_NPCEnd_2,好主意! 你应该去告诉他们。拿着这个壮壮胆
QuestLoc_AllsFairinLoveandNuclearWar_Conversation_1_NPCEnd_3,我觉得还有一个藏在避难所的某个房间里
QuestLoc_AllsFairinLoveandNuclearWar_Conversation_1_NPCStart_1,所以，你是来参加单身之夜的，对吗？
QuestLoc_AllsFairinLoveandNuclearWar_Conversation_1_NPCStart_2,别抱太大希望，没剩多少了。
QuestLoc_AllsFairinLoveandNuclearWar_Conversation_1_NPCStart_3,另外，还有一群居民在恐吓潜在的追求者。
QuestLoc_AllsFairinLoveandNuclearWar_Conversation_1_NPCStart_4,我也不确定他们是不是真的居民。
QuestLoc_AllsFairinLoveandNuclearWar_Conversation_1_Team_1,你是单身吗？
QuestLoc_AllsFairinLoveandNuclearWar_Conversation_1_Team_2,也许应该让那些捣乱的居民离开。
QuestLoc_AllsFairinLoveandNuclearWar_Conversation_1_Team_3,这里有单身人士吗？
QuestLoc_AllsFairinLoveandNuclearWar_Conversation_2_NPCEnd_1,没人能嘲笑我的魔力！
QuestLoc_AllsFairinLoveandNuclearWar_Conversation_2_NPCEnd_2,我可以，我做到了，现在我要杀了你。
QuestLoc_AllsFairinLoveandNuclearWar_Conversation_2_NPCEnd_3,是吗? 好了，孩子们，我们离开这里，拿着这个，记住我是怎么让你们活下来的。
QuestLoc_AllsFairinLoveandNuclearWar_Conversation_2_NPCEnd_4,好吧，对着你的脸开枪肯定会让我的精神振奋！
QuestLoc_AllsFairinLoveandNuclearWar_Conversation_2_NPCStart_1,对不起，伙计，你大老远跑到这里来是白跑了。
QuestLoc_AllsFairinLoveandNuclearWar_Conversation_2_NPCStart_2,这里只剩下一个单身的了，而且我已经预定了。
QuestLoc_AllsFairinLoveandNuclearWar_Conversation_2_NPCStart_3,所以，是的，离开这里，这样我就可以回归我的最佳状态。
QuestLoc_AllsFairinLoveandNuclearWar_Conversation_2_Team_1,如果你的生活依赖于它，你就不可能达到最佳状态。
QuestLoc_AllsFairinLoveandNuclearWar_Conversation_2_Team_2,你不能随便追求一个人.
QuestLoc_AllsFairinLoveandNuclearWar_Conversation_2_Team_3,"噗, 在332号避难所还有更多单身人士。就像是, 成吨的."
QuestLoc_AllsFairinLoveandNuclearWar_Conversation_2_Team_4,你有没有试过先朝自己脸上开枪？也许能增加你的机会。
QuestLoc_AllsFairinLoveandNuclearWar_Conversation_3_NPCEnd_1,我一直在等你，而现在你来了。
QuestLoc_AllsFairinLoveandNuclearWar_Conversation_3_NPCEnd_2,没关系，但出门前一定要戴上帽子。外面很冷。
QuestLoc_AllsFairinLoveandNuclearWar_Conversation_3_NPCStart_1,*更多的*追求者？这越来越荒唐了。
QuestLoc_AllsFairinLoveandNuclearWar_Conversation_3_NPCStart_2,不过，我不得不说...你的眼睛看起来很甜美。
QuestLoc_AllsFairinLoveandNuclearWar_Conversation_3_NPCStart_3,嗯...是我的问题，还是这里越来越热了？
QuestLoc_AllsFairinLoveandNuclearWar_Conversation_3_Team_1,"我探索了废土寻找你, 而你就在这里。"
QuestLoc_AllsFairinLoveandNuclearWar_Conversation_3_Team_2,我很抱歉，这行不通。你看起来太像我母亲了。
QuestLoc_AllsFairinLoveandNuclearWar_QuestLongDescription,我们收到消息说，附近的一个避难所将为情人节举办单身之夜，他们邀请我们参加！
QuestLoc_AllsFairinLoveandNuclearWar_QuestName,在爱情和核战争中的一切都是“公平”的
QuestLoc_AllsFairinLoveandNuclearWar_QuestObjective_1,遇到那个特别的人。
QuestLoc_AllsFairinLoveandNuclearWar_QuestObjective_2,劝阻竞争对手的追求者.
QuestLoc_AllsFairinLoveandNuclearWar_QuestShortDescription,到附近的避难所去寻找一个潜在的伴侣。
QuestLoc_AllsFairinLoveandNuclearWar_RaiderLine_1,Phew(注:表示解脱)! 我还担心我得跳舞呢。
QuestLoc_AllsFairinLoveandNuclearWar_RaiderLine_2,这一切进展得和我预期的一样好。
QuestLoc_AllWorkandNoPlay_Conversation_1_NPCStart_1,我的天呐！真是可怕的灾难！
QuestLoc_AllWorkandNoPlay_Conversation_1_NPCStart_2,鲁巴布的掠夺者来到这里，开始大肆破坏！
QuestLoc_AllWorkandNoPlay_Conversation_1_NPCStart_3,它们当中有一个带着可怕的古龙香水的味道……
QuestLoc_AllWorkandNoPlay_Conversation_1_NPCStart_4,这吸引来了一只死亡爪！
QuestLoc_AllWorkandNoPlay_Conversation_2_NPCEnd_1,酷。
QuestLoc_AllWorkandNoPlay_Conversation_2_NPCEnd_2,别说我们没给过你机会！
QuestLoc_AllWorkandNoPlay_Conversation_2_NPCEnd_3,就在那儿，不过你得小心！因为，你也知道的……死亡爪。
QuestLoc_AllWorkandNoPlay_Conversation_2_NPCEnd_4,好吧，拿上这个，它也许能保护你，当然，也有可能没用。
QuestLoc_AllWorkandNoPlay_Conversation_2_NPCStart_1,哇哦哇哦哇哦！别开枪！
QuestLoc_AllWorkandNoPlay_Conversation_2_NPCStart_2,我们不希望惹麻烦！
QuestLoc_AllWorkandNoPlay_Conversation_2_NPCStart_3,鲁巴布送我们来了这里，但是死亡爪来了，然后……
QuestLoc_AllWorkandNoPlay_Conversation_2_NPCStart_4,听着，我们只是想活着出去，冷静下来了吗？
QuestLoc_AllWorkandNoPlay_Conversation_2_Team_1,酷。
QuestLoc_AllWorkandNoPlay_Conversation_2_Team_2,不，完全没有冷静。
QuestLoc_AllWorkandNoPlay_Conversation_2_Team_3,好吧，但是程监督者在哪儿？
QuestLoc_AllWorkandNoPlay_Conversation_2_Team_4,你们这群胆小鬼！就不能帮下忙吗？
QuestLoc_AllWorkandNoPlay_Conversation_3_NPCStart_1,先是掠夺者，然后是死亡爪。我想是时候辞职了。
QuestLoc_AllWorkandNoPlay_QuestLongDescription,鲁巴布又发现了一个有待解放的避难所，是时候冲出去从侵略者手里救出程监督者了！
QuestLoc_AllWorkandNoPlay_QuestName,只工作，不娱乐
QuestLoc_AllWorkandNoPlay_QuestObjective_1,拯救程监督者。
QuestLoc_AllWorkandNoPlay_QuestShortDescription,从鲁巴布侵略者手里救出程监督者。
QuestLoc_AlmostHuman_QuestlineName,似人非人
QuestLoc_AMaptotheStars_Conversation_1_NPCEnd_1,我们去了120号避难所……他们是《新波士顿号角报》最新一期的明星……
QuestLoc_AMaptotheStars_Conversation_1_NPCEnd_2,我不知道，我只是一个餐厅打工的，也许120号避难所的监督者会知道也说不定呢？
QuestLoc_AMaptotheStars_Conversation_1_NPCStart_1,谢天谢地！你从那些肮脏的掠夺者手中救了我们！
QuestLoc_AMaptotheStars_Conversation_1_NPCStart_2,我们竭尽全力，但他们找到了我们，还带来了大军！
QuestLoc_AMaptotheStars_Conversation_1_NPCStart_3,我从没见过像这样的东西……
QuestLoc_AMaptotheStars_Conversation_1_NPCStart_4,监督者……她死了！她带领防御，第一个被砍倒。
QuestLoc_AMaptotheStars_Conversation_1_Team_1,你现在打算怎么办？
QuestLoc_AMaptotheStars_Conversation_1_Team_2,你知道是谁在出版《号角报》吗？
QuestLoc_AMaptotheStars_QuestLongDescription,404避难所的监督者似乎有办法联系上《新波士顿号角报》的出版商。她是我们成名的门票！
QuestLoc_AMaptotheStars_QuestName,一份地图
QuestLoc_AMaptotheStars_QuestObjective_1,与404号避难所的监督者交谈。
QuestLoc_AMaptotheStars_QuestShortDescription,与404避难所的监督者谈谈《新号角报》。
QuestLoc_ANiceGhoulLikeYou_Conversation_1_NPCEnd_1,错了。它们声音很大，而且通常不会治疗你。
QuestLoc_ANiceGhoulLikeYou_Conversation_1_NPCEnd_2,没错！甜蜜的辐射。来，这是你应得的。
QuestLoc_ANiceGhoulLikeYou_Conversation_1_NPCEnd_3,不。他出现时总会伴随着那诡异的小音乐，还记得吗？
QuestLoc_ANiceGhoulLikeYou_Conversation_1_NPCEnd_4,哦，好吧，也许下次吧！
QuestLoc_ANiceGhoulLikeYou_Conversation_1_NPCStart_1,哦，你好。你是来找零件的吗？
QuestLoc_ANiceGhoulLikeYou_Conversation_1_NPCStart_2,我们有些零件愿意让出去……如果你能答出这个谜语的话！
QuestLoc_ANiceGhoulLikeYou_Conversation_1_NPCStart_3,“有人怕我，有人寻我。我能改变你，也能治愈你。”
QuestLoc_ANiceGhoulLikeYou_Conversation_1_NPCStart_4,“我总在身边，却无声无息。我是谁？”
QuestLoc_ANiceGhoulLikeYou_Conversation_1_Team_1,钢铁兄弟会？
QuestLoc_ANiceGhoulLikeYou_Conversation_1_Team_2,电离辐射？
QuestLoc_ANiceGhoulLikeYou_Conversation_1_Team_3,神秘陌生人？
QuestLoc_ANiceGhoulLikeYou_Conversation_1_Team_4,我不知道，也不在乎。
QuestLoc_ANiceGhoulLikeYou_QuestLongDescription,你的一名居民发现了一座相对完好的红火箭。里面或许有些有价值的垃圾！
QuestLoc_ANiceGhoulLikeYou_QuestName,像你这样的好尸鬼
QuestLoc_ANiceGhoulLikeYou_QuestObjective_1,应付一群暴躁的尸鬼。
QuestLoc_ANiceGhoulLikeYou_QuestShortDescription,去一座红火箭加油站找零件。
QuestLoc_AnimalRescue_QuestLongDescription,你不会放着那些可爱的动物被困在那栋建筑里不管的，是吗？
QuestLoc_AnimalRescue_QuestName,动物援救
QuestLoc_AnimalRescue_QuestObjective_1,修复宠物笼。
QuestLoc_AnimalRescue_QuestShortDescription,寻找迷失的动物。
QuestLoc_AnybodyHome_QuestLongDescription,你在探索废土的时候无意中发现了一件小屋，也许你应该看看里面有什么。
QuestLoc_AnybodyHome_QuestName,有人在里面吗？
QuestLoc_AnybodyHome_QuestObjective_1,探索小屋。
QuestLoc_AnybodyHome_QuestShortDescription,你在废土找到了一间小屋。
QuestLoc_APaleImitation_Conversation_1_NPCStart_1,我怎么感觉这里并不像是避难所，你确定来对地方了吗？
QuestLoc_APaleImitation_Conversation_2_NPCEnd_1,哦，好吧，抓住他们！
QuestLoc_APaleImitation_Conversation_2_NPCEnd_2,这更像是这个！
QuestLoc_APaleImitation_Conversation_2_NPCEnd_3,真的吗？也许这之后你应该和监督者聊聊。
QuestLoc_APaleImitation_Conversation_2_NPCEnd_4,听着，监督者确实说过要和这些外来者先谈谈，他就在大厅里。
QuestLoc_APaleImitation_Conversation_2_NPCStart_1,想要见监督者，就必须先通过我！
QuestLoc_APaleImitation_Conversation_2_NPCStart_2,我是说，不像是文字那种的，呃……你也明白的……
QuestLoc_APaleImitation_Conversation_2_NPCStart_3,上帝啊，想要创造文明还真是困难！也许避难所并不是为了我而存在的？
QuestLoc_APaleImitation_Conversation_2_Team_1,带上那个！我准备好战斗了！
QuestLoc_APaleImitation_Conversation_2_Team_2,我已经打败你们当中的大部分人了，再多来一个两个又有什么问题呢？
QuestLoc_APaleImitation_Conversation_2_Team_3,我是从真正的避难所来的！你们都弄错了！
QuestLoc_APaleImitation_Conversation_2_Team_4,等等，也许我们可以不通过武力来解决这件事呢。
QuestLoc_APaleImitation_Conversation_3_NPCEnd_1,哦，太好了！还有……我们就不能把这里当做没有存在过一样吗？
QuestLoc_APaleImitation_Conversation_3_NPCEnd_2,哦……我想我应该到处逛逛了，也许能遇上什么好事也说不定呢，别担心！再也不见！
QuestLoc_APaleImitation_Conversation_3_NPCStart_1,嘿，一个货真价实的避难所居民！我当真觉得这里避难所相关的事情的是靠谱的。
QuestLoc_APaleImitation_Conversation_3_NPCStart_2,不过我觉得没准会被别的东西盯上。
QuestLoc_APaleImitation_Conversation_3_NPCStart_3,而且这里也并不完完全全像是个避难所，不是吗？
QuestLoc_APaleImitation_Conversation_3_NPCStart_4,我能加入你们的避难所吗？
QuestLoc_APaleImitation_Conversation_3_Team_1,当然！欢迎你的加入！
QuestLoc_APaleImitation_Conversation_3_Team_2,别想了！你惹的麻烦还不够多吗！
QuestLoc_APaleImitation_QuestLongDescription,废土上出现了一座新避难所，而且它由掠夺者管辖！避难所科技早已不复存在，那么是谁建造了避难所R41D？该去调查一下……
QuestLoc_APaleImitation_QuestName,失败的模仿
QuestLoc_APaleImitation_QuestObjective_1,遭遇监督者。
QuestLoc_APaleImitation_QuestObjective_2,直面避难所R41D的掠夺者首领。
QuestLoc_APaleImitation_QuestShortDescription,调查一个神秘且崭新的避难所。
QuestLoc_APaleImitation_RaiderLine_1,嘿！有人找到了避难所，而且也不可能弄到邀请函不是吗！
QuestLoc_APaleImitation_RaiderLine_2,老大说了，在我们准备好打开避难所之前不许收新人。宰了他们！
QuestLoc_APaleImitation_RaiderLine_3,听着，我其实不是掠夺者，但要是我想留在这儿，就必须干掉你。所以……去死吧！
QuestLoc_APaleImitation_RaiderLine_4,这是我们的避难所！这里不欢迎你们！
QuestLoc_APoorlyThoughtOutPlan_QuestLongDescription,掠夺者抓住了一只死亡爪并试图驯化它。结果并不顺利。他们全都得死。
QuestLoc_APoorlyThoughtOutPlan_QuestName,一个缺乏考虑的计划
QuestLoc_APoorlyThoughtOutPlan_QuestObjective_1,消灭掠夺者头领。
QuestLoc_APoorlyThoughtOutPlan_QuestObjective_2,消灭死亡爪。
QuestLoc_APoorlyThoughtOutPlan_QuestShortDescription,消灭掠夺者和他们的死亡爪。
QuestLoc_APoorlyThoughtOutPlan_RaiderLine_1,驯养死亡爪可不是什么好主意！
QuestLoc_APoorlyThoughtOutPlan_RaiderLine_2,先是死亡爪，现在又是居民？今天真不走运。
QuestLoc_AquaNukaCola_Conversation_1_NPCStart_1,你是为避难所科技办公室那些脑子进水的疯子工作的吗？
QuestLoc_AquaNukaCola_Conversation_1_NPCStart_2,要是你和他们一样软弱，那可就易如反掌了！
QuestLoc_AquaNukaCola_QuestLongDescription,要想了解更多关于水巫师的信息，我们必须清剿这个掠夺者营地。应该轻松搞定！
QuestLoc_AquaNukaCola_QuestName,清水核子可乐
QuestLoc_AquaNukaCola_QuestObjective_1,清剿掠夺者营地。
QuestLoc_AquaNukaCola_QuestShortDescription,为避难所科技办公室的定居者清剿掠夺者营地。
QuestLoc_Aquaschema_Conversation_1_NPCEnd_1,他以前的助理躲在前边的超级杜佩超市里。他肯定知道。
QuestLoc_Aquaschema_Conversation_1_NPCStart_1,你们干掉了碎骨博尼兹和他的团伙，是吧？我猜他们再也不会叫我们“疯子”了……
QuestLoc_Aquaschema_Conversation_1_NPCStart_2,我们之前见过那位巫师。很会推销，而且那水的味道棒极了。
QuestLoc_Aquaschema_Conversation_1_NPCStart_3,我们有足够证据表明，那些所谓的功效全在用户自己脑子里，纯属巧合。
QuestLoc_Aquaschema_Conversation_1_NPCStart_4,这*确实*是好喝的水，但他坑人钱财，必须阻止他。
QuestLoc_Aquaschema_Conversation_1_Team_1,你知道我们在哪儿能找到他吗？
QuestLoc_Aquaschema_QuestLongDescription,我们完成了避难所科技办公室的委托。现在该要一个说法了！
QuestLoc_Aquaschema_QuestName,水瓶蓝图
QuestLoc_Aquaschema_QuestObjective_1,返回避难所科技办公室。
QuestLoc_Aquaschema_QuestShortDescription,返回避难所科技办公室。
QuestLoc_ARefreshingRescue_Conversation_1_NPCStart_1,那么，你就是那个想要把事情搞定的家伙。
QuestLoc_ARefreshingRescue_Conversation_1_NPCStart_2,你唯一能够得到瓶瓶和盖盖的办法就是先解决我！
QuestLoc_ARefreshingRescue_Conversation_2_NPCStart_1,噢，我们就希望你能出现呢！那些掠夺者真是太可怕了。
QuestLoc_ARefreshingRescue_Conversation_2_NPCStart_2,感谢你能够救我们，我们稍后回来拜访你们的避难所并且为你们带来一些好东西的。
QuestLoc_ARefreshingRescue_Conversation_2_NPCStart_3,嘿，我等不及了！待会儿见了！
QuestLoc_ARefreshingRescue_QuestLongDescription,一个从罗布科大楼来的陌生人告诉我掠夺者拿走了瓶瓶和盖盖并且带到了核子可乐工厂。我有预感这次我能追上他们。
QuestLoc_ARefreshingRescue_QuestName,振奋式营救
QuestLoc_ARefreshingRescue_QuestObjective_1,从掠夺者手上夺回瓶瓶和盖盖！
QuestLoc_ARefreshingRescue_QuestShortDescription,从核子可乐工厂夺回瓶瓶和盖盖。
QuestLoc_ArghMatey_Conversation_1_NPCStart_1,死人是不会说话的。
QuestLoc_ArghMatey_Conversation_1_NPCStart_2,我们把这些丢去喂鱼吧！
QuestLoc_ArghMatey_QuestLongDescription,爷爷想要玩海岛游戏，但是他得先弄到一只鹦鹉。
QuestLoc_ArghMatey_QuestName,啊，伙计！
QuestLoc_ArghMatey_QuestObjective_1,寻找鹦鹉。
QuestLoc_ArghMatey_QuestShortDescription,寻找一只鹦鹉。
QuestLoc_ArghMatey_RaiderLine_1,吓老子一跳，这是一个陆地上的傻大个。
QuestLoc_ArghMatey_RaiderLine_2,我们会让你走跳板的。
QuestLoc_ArghMatey_RaiderLine_3,把他们拴在杆子上！
QuestLoc_ArmsRace_Conversation_1_NPCEnd_1,当然！
QuestLoc_ArmsRace_Conversation_1_NPCEnd_2,当然！
QuestLoc_ArmsRace_Conversation_1_NPCStart_1,很接近了！我想你受到了我的信息，是吗？
QuestLoc_ArmsRace_Conversation_1_NPCStart_2,那么，按照约定的，我们给你带来了一件武器。
QuestLoc_ArmsRace_Conversation_1_NPCStart_3,还是说，你宁可要瓶盖？
QuestLoc_ArmsRace_Conversation_1_Team_1,要武器。
QuestLoc_ArmsRace_Conversation_1_Team_2,瓶盖就好了。
QuestLoc_ArmsRace_QuestLongDescription,枪械匠从无线电里发来了求救。“狂尸鬼！救命！谁愿意救我出去，我可以把我最好的武器给他！”如果你想要获得奖励的话，最好动作快点！
QuestLoc_ArmsRace_QuestName,军备惊魂
QuestLoc_ArmsRace_QuestObjective_1,消灭狂尸鬼。
QuestLoc_ArmsRace_QuestObjective_2,获得你的奖励。
QuestLoc_ArmsRace_QuestShortDescription,从狂尸鬼手里救出枪械匠。
QuestLoc_ASettlerNeedsYourHelp_Conversation_1_NPCEnd_1,在这附近我见到过一个发光者，你得小心点。
QuestLoc_ASettlerNeedsYourHelp_Conversation_1_NPCEnd_2,在经理办公室有一大堆物资，如果你还没有去那里找过的话，也许那里会有些有用的东西。
QuestLoc_ASettlerNeedsYourHelp_Conversation_1_NPCEnd_3,“争分夺秒保护人们。”这就是那个办法。
QuestLoc_ASettlerNeedsYourHelp_Conversation_1_NPCStart_1,伙计，我不知道你是谁，但是你来的真是时候。
QuestLoc_ASettlerNeedsYourHelp_Conversation_1_NPCStart_2,普雷斯顿·嘉维，共和国义勇军。
QuestLoc_ASettlerNeedsYourHelp_Conversation_1_NPCStart_3,我来这里是为了搜寻物资，结果这些尸鬼却先我一步。
QuestLoc_ASettlerNeedsYourHelp_Conversation_1_NPCStart_4,我打算跟着你了！
QuestLoc_ASettlerNeedsYourHelp_Conversation_1_Team_1,这附近有什么坏家伙需要提防的吗？
QuestLoc_ASettlerNeedsYourHelp_Conversation_1_Team_2,在这里有找到什么有用的东西吗？
QuestLoc_ASettlerNeedsYourHelp_Conversation_1_Team_3,义勇军？
QuestLoc_ASettlerNeedsYourHelp_QuestlineName,一个定居的人需要你的帮助。
QuestLoc_ASettlerNeedsYourHelp_QuestLongDescription,义勇军普雷斯顿·嘉维被困在肯德尔医院了，他身边全是狂尸鬼，还有一些鬼才知道的东西，赶紧去救他！
QuestLoc_ASettlerNeedsYourHelp_QuestName,一个定居的人需要你的帮助。
QuestLoc_ASettlerNeedsYourHelp_QuestObjective_1,在肯德尔医院找到普雷斯顿·嘉维。
QuestLoc_ASettlerNeedsYourHelp_QuestObjective_2,杀死发光者。
QuestLoc_ASettlerNeedsYourHelp_QuestObjective_3,搜刮经理办公室。
QuestLoc_ASettlerNeedsYourHelp_QuestShortDescription,在肯德尔医院找到普雷斯顿·嘉维。
QuestLoc_ASpecialBrand_Conversation_1_NPCEnd_1,能拿来换杰克的东西？和柯兰特谈谈吧，他手里有你要的。
QuestLoc_ASpecialBrand_Conversation_1_NPCStart_1,哈！我想起来了，但是我打赌你肯定还没记起我！
QuestLoc_ASpecialBrand_Conversation_1_NPCStart_2,你曾经是在一颗外星星球上，那么你现在还是外星人的神明吗？不管怎么样，你们这些家伙真是会闹腾。
QuestLoc_ASpecialBrand_Conversation_1_NPCStart_3,格伦达赤手空拳地去挑战辐射蝎死了吗？她可是个大喇叭。
QuestLoc_ASpecialBrand_Conversation_1_NPCStart_4,我想你们来这里是为了你们的宠物吧？
QuestLoc_ASpecialBrand_Conversation_1_Team_1,我们的宠物？
QuestLoc_ASpecialBrand_Conversation_2_NPCEnd_1,哦，他还活着，而且还和凯拉结婚了呢。她的小队就在这东边的一个山洞里。
QuestLoc_ASpecialBrand_Conversation_2_NPCStart_1,我找到了你们的宠物，不过我觉得你们的运气不怎么样。
QuestLoc_ASpecialBrand_Conversation_2_NPCStart_2,杰克今早醒来的时候貌似不怎么开心。
QuestLoc_ASpecialBrand_Conversation_2_NPCStart_3,我们掠夺者可不会交换结婚戒指什么的……新人互相留下印记就可以了。
QuestLoc_ASpecialBrand_Conversation_2_NPCStart_4,不错的疤，看上去恢复得很好。
QuestLoc_ASpecialBrand_Conversation_2_Team_1,杰克还活着？那么我们也许能活下去了……
QuestLoc_ASpecialBrand_QuestLongDescription,昨晚，我们闯入了位于一间旧仓库里的掠夺者聚会。我们得去那里调查一下杰克的下落，毕竟他是监督者的儿子。如果我们没找到他，那么肯定会被赶出避难所的……没准会更糟！
QuestLoc_ASpecialBrand_QuestName,特殊的印记
QuestLoc_ASpecialBrand_QuestObjective_1,调查一下，看看掠夺者是不是知道一些在杰克身上发生的事情。
QuestLoc_ASpecialBrand_QuestShortDescription,我们进入了一个旧仓库！也许那里会有线索……
QuestLoc_Astronomical_QuestName,天文台冲突
QuestLoc_Astronomical_QuestLongDescription,兄弟会正在进攻格里菲斯天文台，要从新加州共和国手中夺回一件致命武器。我们不知道那是什么，但无论落在谁手里都可能造成灾难。为了大家的安全，去解决这件事。
QuestLoc_Astronomical_QuestShortDescription,阻止新加州共和国领队使用那件武器。
QuestLoc_Astronomical_QuestObjective,阻止新加州共和国领袖。
QuestLoc_Astronomical_Conversation1_NPC01,你们不是钢铁兄弟会的士兵。你们在这里做什么？
QuestLoc_Astronomical_Conversation1_Answer_PC01,我们是来帮忙的！请让我们过去！你们的领袖正在犯大错！
QuestLoc_Astronomical_Conversation1_Answer_PC02,我们是来阻止你和你们那疯狂的领袖的！
QuestLoc_Astronomical_Conversation1_Answer_NPC01,她最近看起来有点奇怪。如果你们是来帮忙的，那就去帮吧。
QuestLoc_Astronomical_Conversation1_Answer_NPC02,开火！
QuestLoc_Astronomical_Conversation2_NPC01,避难所居民？你们居然活着通过了！
QuestLoc_Astronomical_Conversation2_Answer_PC01,我们知道那个武器的事。我们是来帮忙的！
QuestLoc_Astronomical_Conversation2_Answer_NPC01,那就走吧。前面应该安全了。我们会守住这里。哦！我们发现了这个。或许你能在避难所用上它。
QuestLoc_Astronomical_Conversation3_NPC01,站住！别再靠近了！你们会毁掉一切的！
QuestLoc_Astronomical_Conversation3_NPC02,兄弟会陈旧的理想和偏执阻止不了我。
QuestLoc_Astronomical_Conversation3_NPC03,它们阻止不了我们重建。
QuestLoc_Astronomical_Conversation3_Answer_PC01,重建？你就要造成无法挽回的损失了。
QuestLoc_Astronomical_Conversation3_Answer_NPC01,这是重返美好的唯一途径。我不会让任何人阻止它。
QuestLoc_Astronomical_Conversation3_Answer_PC02,随便了，我们要打倒你！
QuestLoc_Astronomical_Conversation4_NPC01,再靠近，我们就送你们上轨道！
QuestLoc_Astronomical_Conversation4_Answer_PC01,我们不想让任何人受伤！我们只需要和你们的首领讲道理！
QuestLoc_Astronomical_Conversation4_Answer_PC02,那就放马过来吧！我就喜欢痛痛快快打一场！
QuestLoc_Astronomical_Conversation4_Answer_NPC01,她不需要听你们任何话！
QuestLoc_Astronomical_Conversation4_Answer_NPC02,你们自找的！
QuestLoc_AtDeathsDoor_Conversation_1_NPCEnd_1,我们发誓！不再惹麻烦。不再有手册。谢谢！
QuestLoc_AtDeathsDoor_Conversation_1_NPCEnd_2,我们明白。但我们宁愿和你一起碰碰运气，也不愿面对死亡！
QuestLoc_AtDeathsDoor_Conversation_1_NPCStart_1,快逃命吧！
QuestLoc_AtDeathsDoor_Conversation_1_NPCStart_2,死亡苏醒了，正在屠杀所有人！
QuestLoc_AtDeathsDoor_Conversation_1_NPCStart_3,谁也没料到会这样！
QuestLoc_AtDeathsDoor_Conversation_1_Team_1,走！离开这里！但如果你们再惹麻烦……
QuestLoc_AtDeathsDoor_Conversation_1_Team_2,鉴于你们所做的一切，我们不能放你们走。
QuestLoc_AtDeathsDoor_Conversation_2_NPCStart_1,不知怎的，我觉得那只死爪阿尔法并不是死亡。直觉告诉我的。
QuestLoc_AtDeathsDoor_Conversation_2_NPCStart_2,真正的那个一定在隔壁房间。
QuestLoc_AtDeathsDoor_Conversation_2_NPCStart_3,就是现在，各位。该和死亡共舞了。
QuestLoc_AtDeathsDoor_Conversation_2_NPCStart_4,为了监督！为了废土！
QuestLoc_AtDeathsDoor_QuestLongDescription,已经干掉了三个，还剩一个。多亏了三狗，我们知道死亡洞穴的位置。但他会醒着吗？只有一种方法能知道！
QuestLoc_AtDeathsDoor_QuestName,死亡之门
QuestLoc_AtDeathsDoor_QuestObjective_1,杀死死亡。
QuestLoc_AtDeathsDoor_QuestShortDescription,杀死死亡，最后一位天启骑士。
QuestLoc_AtDeathsDoor_RaiderLine_1,哦，天哪！死亡*不是*个早起的人！
QuestLoc_AtDeathsDoor_RaiderLine_2,手册可从没说过死亡会试图杀死我们！
QuestLoc_AtDeathsDoor_RaiderLine_3,快逃！下面等着你的只有开膛破肚！
QuestLoc_AtDeathsDoor_RaiderLine_4,是死亡！让他自食其果吧！
QuestLoc_AtDeathsDoor_RaiderLine_5,死亡是一只鼹鼠？！搞什么啊……
QuestLoc_AThirstforAdventure_Conversation_1_NPCEnd_1,哦，当然！那些怪物把她拽走了，拖到了某幢废弃的大楼里。
QuestLoc_AThirstforAdventure_Conversation_1_NPCStart_1,咻！你们救了我的命！那些尸鬼可不是闹着玩的！
QuestLoc_AThirstforAdventure_Conversation_1_NPCStart_2,我叫阿蒂，阿蒂·摩尔。是一个探险家，身边都是一些神奇的家伙。
QuestLoc_AThirstforAdventure_Conversation_1_Team_1,你有见到保拉·普朗布金吗？
QuestLoc_AThirstforAdventure_QuestLongDescription,保拉·普朗布金没在730号避难所，不过有一个掠夺者告诉过你她去那个旧的核子可乐工厂了，赶紧去追她吧！
QuestLoc_AThirstforAdventure_QuestName,冒险的渴望
QuestLoc_AThirstforAdventure_QuestObjective_1,探索旧核子可乐工厂。
QuestLoc_AThirstforAdventure_QuestShortDescription,跟随保拉·普朗布金前往旧核子可乐工厂的踪迹。
QuestLoc_AWastelandTail_QuestlineName,废土踪迹
QuestLoc_AWinningSeason_Conversation_1_NPCStart_1,地上又有一张便条！让我猜猜看：应该是来自……
QuestLoc_AWinningSeason_Conversation_1_NPCStart_2,“好吧，我得给你们居民一些信息。
QuestLoc_AWinningSeason_Conversation_1_NPCStart_3,废土把一切都丢给了你们，并且还持续地向你们施压！
QuestLoc_AWinningSeason_Conversation_1_NPCStart_4,但是你们还是没有去找乔宾逊的运动衫！ - 教练”
QuestLoc_AWinningSeason_QuestLongDescription,我们得到情报说凶猛的阿尔法死亡爪盘踞在一幢老旧的办公大楼，也许它杀死了教练！真是敢想，对吗？
QuestLoc_AWinningSeason_QuestName,胜利的季节
QuestLoc_AWinningSeason_QuestObjective_1,寻找拉基·乔宾逊的棒球运动衫。
QuestLoc_AWinningSeason_QuestShortDescription,阿尔法死亡爪杀死了教练？
QuestLoc_BacktotheOutfield_Conversation_1_NPCStart_1,我们又得从头开始了！万恶的教练！
QuestLoc_BacktotheOutfield_QuestLongDescription,我们发现了一个名叫教练的家伙留下来的信息，声称自己拥有拉基·乔宾逊的运动衫！也许他正躲在428号避难所的废墟里……
QuestLoc_BacktotheOutfield_QuestName,回到外场
QuestLoc_BacktotheOutfield_QuestObjective_1,寻找拉基·乔宾逊的棒球运动衫。
QuestLoc_BacktotheOutfield_QuestShortDescription,在428号避难所寻找教练。
QuestLoc_BeanballtotheFace_Conversation_1_NPCStart_1,哇哦！又是一张便条！上面写着……
QuestLoc_BeanballtotheFace_Conversation_1_NPCStart_2,“我听说你们在寻找拉基·乔宾逊的运动衫。
QuestLoc_BeanballtotheFace_Conversation_1_NPCStart_3,我叫汉丽埃塔，我也许可以帮助你们。
QuestLoc_BeanballtotheFace_Conversation_1_NPCStart_4,请来232号避难所找我。”
QuestLoc_BeanballtotheFace_QuestLongDescription,该死的教练并没有运动服，有情报证明拉基·乔宾逊曾经在旧勒·皮埃尔酒店待过。我们得去那里调查一下！
QuestLoc_BeanballtotheFace_QuestName,用脸接球！
QuestLoc_BeanballtotheFace_QuestObjective_1,寻找拉基·乔宾逊的棒球运动衫。
QuestLoc_BeanballtotheFace_QuestShortDescription,找到Rackie Jobinson的棒球衫。
QuestLoc_BeatReporting_Conversation_1_NPCEnd_1,好消息，谢谢！如果你想继续帮忙，就进去跟我的人谈谈。
QuestLoc_BeatReporting_Conversation_1_NPCStart_1,你好，欢迎来到《每周博览》！
QuestLoc_BeatReporting_Conversation_1_NPCStart_2,我马上就来。让我先把这个灯罩挂好……
QuestLoc_BeatReporting_Conversation_1_NPCStart_3,好了，这样看起来不错。
QuestLoc_BeatReporting_Conversation_1_NPCStart_4,我是这家报社的主编。有什么可以帮你的？
QuestLoc_BeatReporting_Conversation_1_Team_1,你的一名记者发现“瘟疫”是一只发光辐射蝎。
QuestLoc_BeatReporting_Conversation_2_NPCEnd_1,他存在的时间已经够长，无论对孩子还是老兵来说都成了传奇。
QuestLoc_BeatReporting_Conversation_2_NPCEnd_2,也许饥饿感是随着年龄增长而来的？已知的发光种都没有这么老。
QuestLoc_BeatReporting_Conversation_2_NPCEnd_3,没错。非狂化的那些为整个族群做决定。
QuestLoc_BeatReporting_Conversation_2_NPCEnd_4,是的。他可能不知道自己已经聚集了这么多追随者。
QuestLoc_BeatReporting_Conversation_2_NPCStart_1,嗨！我写关于饥饿者的报道。我们在他们中间安插了多名卧底尸鬼。
QuestLoc_BeatReporting_Conversation_2_NPCStart_2,你知道吗，饥荒是一个古老的发光者，有着无法满足的食欲？
QuestLoc_BeatReporting_Conversation_2_NPCStart_3,饥饿部落只是跟随着他，被他的辐射光环所迷住。
QuestLoc_BeatReporting_Conversation_2_NPCStart_4,这治愈了他们，但不知何故也让他们比平时更饥饿。
QuestLoc_BeatReporting_Conversation_2_Team_1,你说“古老”是什么意思？
QuestLoc_BeatReporting_Conversation_2_Team_2,为什么饥荒这么饿？
QuestLoc_BeatReporting_Conversation_2_Team_3,饥饿部落完全由尸鬼组成吗？
QuestLoc_BeatReporting_Conversation_2_Team_4,饥荒是野性的吗？
QuestLoc_BeatReporting_Conversation_3_NPCEnd_1,他试图成为人们期望的战争狂人，但似乎并不擅长。
QuestLoc_BeatReporting_Conversation_3_NPCEnd_2,比如说，徒手杀了六只死亡爪，但那是传说！真相早已湮没。
QuestLoc_BeatReporting_Conversation_3_NPCEnd_3,征服。至少谁都可以加入战争崇拜者，但不加入的人就会遭到攻击。
QuestLoc_BeatReporting_Conversation_3_NPCEnd_4,问得好，但没人知道。其他天启骑士也一样。这不可能是巧合……
QuestLoc_BeatReporting_Conversation_3_NPCStart_1,你好，我根据卧底记者发来的材料撰写战争和战争崇拜者的报道。
QuestLoc_BeatReporting_Conversation_3_NPCStart_2,战争本人不过是个力不从心的掠夺者头目，我想。
QuestLoc_BeatReporting_Conversation_3_NPCStart_3,一夜豪饮催生了一些关于神迹壮举的夸夸其谈。
QuestLoc_BeatReporting_Conversation_3_NPCStart_4,而现在他突然发现自己有了狂热的追随者，还扛起了天启骑士的名号。
QuestLoc_BeatReporting_Conversation_3_Team_1,你为什么觉得他力不从心？
QuestLoc_BeatReporting_Conversation_3_Team_2,流言说他完成了哪些壮举？
QuestLoc_BeatReporting_Conversation_3_Team_3,战争想要什么？
QuestLoc_BeatReporting_Conversation_3_Team_4,他们最初为什么开始叫他“战争”？
QuestLoc_BeatReporting_Conversation_4_NPCEnd_1,他们会提到核子可乐。如果你回答“鹰”，他们就会知道你是朋友。
QuestLoc_BeatReporting_Conversation_4_NPCStart_1,嗯？我是所有卧底记者的联系人。
QuestLoc_BeatReporting_Conversation_4_NPCStart_2,我尽量保证他们的安全。情况太危险时就召回他们。
QuestLoc_BeatReporting_Conversation_4_NPCStart_3,你想要什么？我正在忙这个拼图，快点说。
QuestLoc_BeatReporting_Conversation_4_NPCStart_4,看？我快拼好一张小猫玩毛线的可爱图片了。
QuestLoc_BeatReporting_Conversation_4_Team_1,我们是避难所居民，想要帮忙。有什么办法能辨认你的记者吗？
QuestLoc_BeatReporting_Conversation_5_NPCStart_1,我？我只是个实习生！我收听银河新闻电台来获取警报和报道。
QuestLoc_BeatReporting_Conversation_5_NPCStart_2,嘘……听！三狗要播报突发新闻了。
QuestLoc_BeatReporting_Conversation_5_NPCStart_3,哦不！一个定居点夹在了害虫和饥饿者之间！
QuestLoc_BeatReporting_Conversation_5_NPCStart_4,有人需要帮帮他们！
QuestLoc_BeatReporting_QuestLongDescription,《每周博览》报社的一名记者伪装成“瘟疫”成员，向我们透露了瘟疫的信息，并让我们给编辑传话。他还说“饥饿”和“崇拜者”当中也藏有记者，所以咱们去《博览》报社的办公室看看他们知道些什么吧！
QuestLoc_BeatReporting_QuestName,独家报道
QuestLoc_BeatReporting_QuestObjective_1,前往《每周博览》报社的办公室。
QuestLoc_BeatReporting_QuestObjective_2,和编辑谈谈。
QuestLoc_BeatReporting_QuestShortDescription,前往《每周博览》报社的办公室。
QuestLoc_BewareofOverdog_Conversation_1_NPCEnd_1,很明显，他是最有资格的，那是什么，监督者？你想要和他们一起走？我觉得在你走了之后，也许我就可以做一些事情了……
QuestLoc_BewareofOverdog_Conversation_1_NPCEnd_2,等等！我觉得我们的监督者想要和你一起走。他说这有利于促进我们两个避难所之间的外交关系。
QuestLoc_BewareofOverdog_Conversation_1_NPCEnd_3,不！我没有疯！告诉他们我没有疯，监督者！那是什么？哦，你想要和他们一起走？我想这应该不错……
QuestLoc_BewareofOverdog_Conversation_1_NPCStart_1,850号避难所安全了！
QuestLoc_BewareofOverdog_Conversation_1_NPCStart_2,我？监督者？不，我们的避难所全靠这条狗。
QuestLoc_BewareofOverdog_Conversation_1_NPCStart_3,他是一个好孩子！他会发出呼救信号！
QuestLoc_BewareofOverdog_Conversation_1_Team_1,一条狗是怎么做监督者的？
QuestLoc_BewareofOverdog_Conversation_1_Team_2,这个嘛，我们很乐意帮忙……
QuestLoc_BewareofOverdog_Conversation_1_Team_3,我们几乎100%确定你就是疯了。
QuestLoc_BewareofOverdog_QuestLongDescription,850号避难所的监督者向我们发出了呼救信号！重点是，那里的监督者很明显是条狗……
QuestLoc_BewareofOverdog_QuestName,小心监督狗！
QuestLoc_BewareofOverdog_QuestObjective_1,寻找850号避难所的监督者。
QuestLoc_BewareofOverdog_QuestShortDescription,前往850号避难所找到监督者。
QuestLoc_BigTrouble_QuestLongDescription,真是聪明的阿尔法死亡爪，躲藏在红火箭燃料站埋伏那些毫无防备的旅行者。只有一个办法可以解决像这样的事情。
QuestLoc_BigTrouble_QuestName,大麻烦
QuestLoc_BigTrouble_QuestObjective_1,消灭阿尔法死亡爪。
QuestLoc_BigTrouble_QuestShortDescription,消灭潜伏在红火箭燃料站阿尔法死亡爪。
QuestLoc_BigTrouble_RaiderLine_1,那东西是怎么穿过门的？
QuestLoc_Blackout_Conversation_1_NPCEnd_1,在我们的仓库里那会儿，你一直说自己是外星人。
QuestLoc_Blackout_Conversation_1_NPCStart_1,你们！你们这些白痴！你们把我丢在这里，让一群蝎子包围了！
QuestLoc_Blackout_Conversation_1_NPCStart_2,我们让你加入是因为我们觉得你挺酷的……
QuestLoc_Blackout_Conversation_1_NPCStart_3,但是你却抛下了我！真的是……
QuestLoc_Blackout_Conversation_1_NPCStart_4,和辐射蝎过家家可是消磨时间的好办法！
QuestLoc_Blackout_Conversation_1_Team_1,我们和掠夺者搅一块儿了？我们都不……记得……这些事情了。到底是在哪里？
QuestLoc_Blackout_QuestLongDescription,今天是元旦节……昨晚避难所开了一个难得的晚会。但是监督者的儿子，杰克，却失踪了！我们必须找到他！在12点之前，他一直都与我们待在一起，但是之后就没有印象了。我们都穿上了防辐射服，我们必须去汽车工场里调查一下……
QuestLoc_Blackout_QuestName,断电
QuestLoc_Blackout_QuestObjective_1,在汽车工场寻找杰克的线索。
QuestLoc_Blackout_QuestShortDescription,在一场新年晚会后，监督者的儿子，杰克失踪了！
QuestLoc_BoogieWoogieBugleBoy_Conversation_1_NPCEnd_1,我……那个……攻击！！！
QuestLoc_BoogieWoogieBugleBoy_Conversation_1_NPCStart_1,你们人类就是不懂得接受暗示，不是吗？立即给我离开，不然你们就看着办吧……
QuestLoc_BoogieWoogieBugleBoy_Conversation_1_NPCStart_2,烧光杀光抢光，你的避难所完了！当然！
QuestLoc_BoogieWoogieBugleBoy_Conversation_1_NPCStart_3,至于编辑……你是永远不可能找到他的！
QuestLoc_BoogieWoogieBugleBoy_Conversation_1_Team_1,不可能？据说新波士顿号角报就在这个核子可乐仓库里。
QuestLoc_BoogieWoogieBugleBoy_QuestLongDescription,结果《新波士顿号角报》只是一个骗局 - 我们唯一的领导就是吹号员，他一直就躲在大无敌超市里。是时候去追踪他然后询问一些信息了！
QuestLoc_BoogieWoogieBugleBoy_QuestName,迷人的跳舞吹号员
QuestLoc_BoogieWoogieBugleBoy_QuestObjective_1,找到吹号员。
QuestLoc_BoogieWoogieBugleBoy_QuestShortDescription,找到吹号员。
QuestLoc_BottlecapBlues_Conversation_1_NPCEnd_1,是的……他们带走了瓶瓶和盖盖，带到了177号避难所，小心。
QuestLoc_BottlecapBlues_Conversation_1_NPCStart_1,谢谢！我觉得那些老鼠八成会吃了我的。
QuestLoc_BottlecapBlues_Conversation_1_NPCStart_2,总比和那些核世界出来的掠夺者们待在一起的要好。
QuestLoc_BottlecapBlues_Conversation_1_NPCStart_3,我在他们离开之前就偷偷地溜开了。
QuestLoc_BottlecapBlues_Conversation_1_Team_1,掠夺者们手上有瓶瓶和盖盖吗？
QuestLoc_BottlecapBlues_QuestLongDescription,瓶瓶和盖盖被来自核世界的掠夺者们绑架了！最近有人在一个废弃的工厂里见到过他们，请前往那里进行援救。
QuestLoc_BottlecapBlues_QuestName,瓶盖忧郁
QuestLoc_BottlecapBlues_QuestObjective_1,在废弃的工厂里找到瓶瓶和盖盖的踪迹。
QuestLoc_BottlecapBlues_QuestShortDescription,追踪瓶瓶和盖盖的绑架犯。
QuestLoc_BountyBash_Conversation_1_NPCStart_1,那么，你就是那个要去打倒巴什的人，对吗？
QuestLoc_BountyBash_Conversation_1_NPCStart_2,那个掠夺者不是很聪明，但是还是相当的危险。
QuestLoc_BountyBash_Conversation_1_NPCStart_3,你对他开枪的话，他会发了疯地朝你冲过来。
QuestLoc_BountyBash_Conversation_1_NPCStart_4,你必须空手白刃将他打败！
QuestLoc_BountyBash_QuestLongDescription,大名鼎鼎的掠夺者头领“巴什”树立了太多敌人，请用他的项上人头来换取悬赏！
QuestLoc_BountyBash_QuestName,悬赏：巴什
QuestLoc_BountyBash_QuestObjective_1,杀死巴什。
QuestLoc_BountyBash_QuestShortDescription,打败掠夺者头目巴什然后去拿你的奖励！
QuestLoc_BountyBash_RaiderLine_1,你！你竟然敢打巴什！巴什要把你揍个稀巴烂！
QuestLoc_BountyButcher_Conversation_1_NPCStart_1,等等，你们是来这里解决“屠夫”的吗？真的？
QuestLoc_BountyButcher_Conversation_1_NPCStart_2,呃，那祝你好运了，如果你能回来的话，赏金就是你的了。
QuestLoc_BountyButcher_Conversation_1_NPCStart_3,如果你没有回……好吧，你应该会没事的。
QuestLoc_BountyButcher_Conversation_1_NPCStart_4,很高兴认识你。
QuestLoc_BountyButcher_QuestLongDescription,有一份著名阿尔法死亡爪“屠夫”的悬赏，别担心，我保证这只是个昵称，你把她打倒了，你就可以获得大量的悬赏。
QuestLoc_BountyButcher_QuestName,悬赏：屠夫
QuestLoc_BountyButcher_QuestObjective_1,杀死“屠夫”。
QuestLoc_BountyButcher_QuestShortDescription,消灭阿尔法死亡爪“屠夫”，赢得你的奖励！
QuestLoc_BountyOlOneEye_Conversation_1_NPCStart_1,呃，你来这里是为了赏金？
QuestLoc_BountyOlOneEye_Conversation_1_NPCStart_2,那么，独眼就是你见过最让人头疼的蛮子了。
QuestLoc_BountyOlOneEye_Conversation_1_NPCStart_3,老怪物吃了我最喜欢的一双袜子！
QuestLoc_BountyOlOneEye_Conversation_1_NPCStart_4,你干掉他，就可以拿到奖励。
QuestLoc_BountyOlOneEye_QuestLongDescription,有人发布了一个安管闲事的蛮子：独眼的悬赏，把那家伙干掉，然后来获取你的奖励！
QuestLoc_BountyOlOneEye_QuestName,悬赏：独眼
QuestLoc_BountyOlOneEye_QuestObjective_1,杀死独眼。
QuestLoc_BountyOlOneEye_QuestShortDescription,让独眼解脱，然后去拿你的奖励！
QuestLoc_BountyShiner_Conversation_1_NPCStart_1,噢，不错，你一定可以成为打败他的家伙。
QuestLoc_BountyShiner_Conversation_1_NPCStart_2,你也应该知道吧，那个尸鬼的皮可不是一般的硬。
QuestLoc_BountyShiner_Conversation_1_NPCStart_3,能量武器估计是唯一能够穿透他皮肤的武器了吧。
QuestLoc_BountyShiner_Conversation_1_NPCStart_4,祝你好运。
QuestLoc_BountyShiner_QuestLongDescription,被称为“闪亮”的发光者最后一次惹麻烦了。把他干掉，然后回去拿你的奖励。
QuestLoc_BountyShiner_QuestName,悬赏：闪亮
QuestLoc_BountyShiner_QuestObjective_1,杀死闪亮。
QuestLoc_BountyShiner_QuestShortDescription,打倒发光者闪亮然后去赢得你的奖励！
QuestLoc_BountySnips_Conversation_1_NPCStart_1,你是来这里揭“铁剪”的榜的吗？
QuestLoc_BountySnips_Conversation_1_NPCStart_2,好吧，你应该知道，辐射蝎的皮肤和避难所的门有的一拼。
QuestLoc_BountySnips_Conversation_1_NPCStart_3,我当然希望你带了大家伙来解决这只辐射蝎。
QuestLoc_BountySnips_Conversation_1_NPCStart_4,你解决掉他，就可以获得应得的奖励。
QuestLoc_BountySnips_QuestLongDescription,有一份辐射蝎“铁剪”的悬赏，一只发光的辐射蝎，把它搞定之后你就可以获得一大笔悬赏。
QuestLoc_BountySnips_QuestName,悬赏：铁剪
QuestLoc_BountySnips_QuestObjective_1,消灭“铁剪”。
QuestLoc_BountySnips_QuestShortDescription,消灭发光的辐射蝎“铁剪”，赢得你的奖励！
QuestLoc_BountyYak_Conversation_1_NPCStart_1,谢天谢地你来了！
QuestLoc_BountyYak_Conversation_1_NPCStart_2,牦牛一直在偷我们的食物，而且还臭的要命！
QuestLoc_BountyYak_Conversation_1_NPCStart_3,你不会想要接近她的。
QuestLoc_BountyYak_Conversation_1_NPCStart_4,务必用好点的来复枪，不然估计遭殃的就是你自己了！
QuestLoc_BountyYak_QuestLongDescription,鼹鼠妈妈“牦牛”失去了它最后的甜点！教训一下牦牛，然后回去拿你的奖励。
QuestLoc_BountyYak_QuestName,悬赏：牦牛
QuestLoc_BountyYak_QuestObjective_1,打倒牦牛。
QuestLoc_BountyYak_QuestShortDescription,干掉鼹鼠妈妈牦牛，然后获取你的奖励！
QuestLoc_BreakingalltheRecords_Conversation_1_NPCStart_1,我可以发誓就是那个，我倒希望不是。
QuestLoc_BreakingalltheRecords_QuestLongDescription,这里有一个旧威尔逊玩具厂，我们一直都没有去调查过，也许教练和拉基·乔宾逊的运动衫……就在那儿……
QuestLoc_BreakingalltheRecords_QuestName,打破所有记录
QuestLoc_BreakingalltheRecords_QuestObjective_1,寻找拉基·乔宾逊的棒球运动衫。
QuestLoc_BreakingalltheRecords_QuestShortDescription,找到拉奇·乔宾森的棒球衫。
QuestLoc_Broadsides_Conversation_1_NPCEnd_1,我们从819号避难所回来了，不过我们在那里只找到了一份写着“一只尸鬼，两只尸鬼……”的信。
QuestLoc_Broadsides_Conversation_1_NPCEnd_2,没错！我们就是要出去找几个掠夺者练练手 - 我注定要成为大英雄！819号避难所的人，你们要小心了！
QuestLoc_Broadsides_Conversation_1_NPCStart_1,谢谢你帮我们解决了这里的问题！
QuestLoc_Broadsides_Conversation_1_NPCStart_2,我们靠谱的任务人手急缺。
QuestLoc_Broadsides_Conversation_1_NPCStart_3,没有人能做清理工作！
QuestLoc_Broadsides_Conversation_1_Team_1,你是怎么弄到《新波士顿号角报》的文件的？
QuestLoc_Broadsides_Conversation_1_Team_2,那么就是说，你可以进入新波士顿号角报内部获得名单吗？
QuestLoc_Broadsides_QuestLongDescription,《新波士顿号角报》是什么？对于我们来说，它是一次与世界搭接的桥梁！名誉！财富！瓶盖！
QuestLoc_Broadsides_QuestName,放眼天下
QuestLoc_Broadsides_QuestObjective_1,调查关于《新波士顿号角报》的事情。
QuestLoc_Broadsides_QuestShortDescription,寻找关于《新波士顿号角报》的线索。
QuestLoc_BugHunt_QuestLongDescription,猎人比格·维斯向勇者们提供了一系列的挑战，其中第一个就是打倒一只发光的辐射蟑螂，是时候让子弹上膛了！
QuestLoc_BugHunt_QuestName,蟑螂狩猎
QuestLoc_BugHunt_QuestObjective_1,杀死发光的辐射蟑螂。
QuestLoc_BugHunt_QuestShortDescription,在工厂里杀死发光的辐射蟑螂。
QuestLoc_Burnout_QuestLongDescription,鼹鼠！还有比这更加恶心的生物吗？赶紧拿个喷火器消灭它们吧。
QuestLoc_Burnout_QuestName,烧烧烧！
QuestLoc_Burnout_QuestObjective_1,清剿鼹鼠的巢穴。
QuestLoc_Burnout_QuestShortDescription,把该死的鼹鼠放到火把上烤。
QuestLoc_ByHookorbyCook_Conversation_1_NPCEnd_1,这依然表明这是一家高品质餐厅！
QuestLoc_ByHookorbyCook_Conversation_1_NPCEnd_2,那可是勃艮第炖牛肉，美味绝伦！
QuestLoc_ByHookorbyCook_Conversation_1_NPCEnd_3,没有杏仁，你倒是做点杏仁糖试试！
QuestLoc_ByHookorbyCook_Conversation_1_NPCStart_1,哎呀！居民找到我们了！
QuestLoc_ByHookorbyCook_Conversation_1_NPCStart_2,哼，你们或许能挺过我的烹饪……
QuestLoc_ByHookorbyCook_Conversation_1_NPCStart_3,但休想在我的枪下活命！
QuestLoc_ByHookorbyCook_Conversation_1_Team_1,食物难吃，服务差劲……我给这里打一星。
QuestLoc_ByHookorbyCook_Conversation_1_Team_2,你做完最后一餐了，大厨。
QuestLoc_ByHookorbyCook_Conversation_1_Team_3,你所有蛋糕都用翻糖，必须为此付出代价！
QuestLoc_ByHookorbyCook_QuestLongDescription,事实证明，那个厨师*真*的想害死我们所有人。他似乎和一帮一直觊觎我们避难所的掠夺者是一伙的。他一暴露就逃走了，但据我们所知，他打算在废弃的红火箭加油站与其他掠夺者碰头。
QuestLoc_ByHookorbyCook_QuestName,不择‘厨’段
QuestLoc_ByHookorbyCook_QuestObjective_1,杀死厨师。
QuestLoc_ByHookorbyCook_QuestShortDescription,杀死叛逃厨师。
QuestLoc_CabinFever_Conversation_1_NPCEnd_1,接敌！接敌！
QuestLoc_CabinFever_Conversation_1_NPCEnd_2,哎呀。
QuestLoc_CabinFever_Conversation_1_NPCEnd_3,隐形力场起作用了！
QuestLoc_CabinFever_Conversation_1_NPCStart_1,哦看，一个地面居民……
QuestLoc_CabinFever_Conversation_1_NPCStart_2,还好咱们的实验性隐形力场开着。
QuestLoc_CabinFever_Conversation_1_NPCStart_3,这样就能在它自然栖息地里研究它，还不被发现。
QuestLoc_CabinFever_Conversation_1_NPCStart_4,嘘，它正朝我们这边来……
QuestLoc_CabinFever_Conversation_1_Team_1,你们知道我看得见你们，对吧？
QuestLoc_CabinFever_Conversation_1_Team_2,我突然有股冲动，想朝那边那片空地开一枪。
QuestLoc_CabinFever_Conversation_1_Team_3,我就当没看见也没听见好了。
QuestLoc_CabinFever_QuestLongDescription,你的一个居民听到一间废弃的小屋中传来哭喊声。他们应该去调查一下，看看是否有人需要帮助。
QuestLoc_CabinFever_QuestName,小屋热
QuestLoc_CabinFever_QuestObjective_1,调查从小屋传来的噪音。
QuestLoc_CabinFever_QuestShortDescription,调查从一间废弃小屋传来的奇怪声音。
QuestLoc_CabinWithoutTheWoods_QuestLongDescription,在探索废土时，你的一个居民发现了一间偏僻阴森的小屋。应该没有闹鬼……大概吧。
QuestLoc_CabinWithoutTheWoods_QuestName,旷野小屋
QuestLoc_CabinWithoutTheWoods_QuestObjective_1,消灭尸鬼。
QuestLoc_CabinWithoutTheWoods_QuestShortDescription,在废弃的小屋中消灭尸鬼。
QuestLoc_CanineRecovery_Conversation_1_NPCEnd_1,那个露宿用的睡袋被别人偷走了，也许被带到了199号避难所，那里将会是我们了解的地方！
QuestLoc_CanineRecovery_Conversation_1_NPCStart_1,入侵者！你一定是让我们的囚犯逃跑的那个人。
QuestLoc_CanineRecovery_Conversation_1_NPCStart_2,我们可没时间把他们绑起来还要照顾他们的吃喝拉撒，就是让他们自个儿逃跑！
QuestLoc_CanineRecovery_Conversation_1_NPCStart_3,现在可不是赞扬那些追捕逃犯的人的时代了！
QuestLoc_CanineRecovery_Conversation_1_Team_1,那么，大斯派已经不在这里了？
QuestLoc_CanineRecovery_QuestLongDescription,我得去搜查一间旧仓库，然后找到大斯派。掠夺者们经常会利用这些地方作为藏匿点，所以我必须小心。
QuestLoc_CanineRecovery_QuestName,找回大狗
QuestLoc_CanineRecovery_QuestObjective_1,找到大斯派。
QuestLoc_CanineRecovery_QuestShortDescription,在旧仓库寻找大斯派。
QuestLoc_CantStopTheSignal_Conversation_1_NPCStart_1,你知道我花了多少时间才把这里搞定吗？
QuestLoc_CantStopTheSignal_Conversation_1_NPCStart_2,我打算训练一支辐射蟑螂大军。
QuestLoc_CantStopTheSignal_Conversation_1_NPCStart_3,而现在，你毁了一切！
QuestLoc_CantStopTheSignal_Conversation_1_NPCStart_4,你必须为此付出代价！
QuestLoc_CantStopTheSignal_QuestLongDescription,一个奇怪、尖利的声音从无线电中传来，信号似乎是从一幢老旧的废弃大楼里传来的。
QuestLoc_CantStopTheSignal_QuestName,无法阻挡的信号
QuestLoc_CantStopTheSignal_QuestObjective_1,找到信号源。
QuestLoc_CantStopTheSignal_QuestShortDescription,调查一个奇怪的无线电信号。
QuestLoc_CapsRun_QuestLongDescription,在废土，有一个大型瓶盖隐藏点，上面写着你的名字。
QuestLoc_CapsRun_QuestName,瓶盖竞争
QuestLoc_CapsRun_QuestObjective_1,找到主瓶盖藏匿点。
QuestLoc_CapsRun_QuestObjective_2,找到更多的瓶盖藏匿点。
QuestLoc_CapsRun_QuestObjective_3,找到更多的瓶盖藏匿点。
QuestLoc_CapsRun_QuestShortDescription,找到隐藏的瓶盖藏匿点。
QuestLoc_CapturedCritter_QuestLongDescription,有一头可怜兮兮的动物迷路了，它原本想要来你的避难所的，更加糟糕的是一些饥肠辘辘的尸鬼发现了它。
QuestLoc_CapturedCritter_QuestName,困境中的宠物
QuestLoc_CapturedCritter_QuestObjective_1,从饥肠辘辘的尸鬼手中救出宠物。
QuestLoc_CapturedCritter_QuestShortDescription,从饥肠辘辘的尸鬼手中救出迷路的宠物。
QuestLoc_CheapBeerintheBleacherSeats_Conversation_1_NPCStart_1,并没有看到运动衫，不过我肯定我看到了一件不错的便装。
QuestLoc_CheapBeerintheBleacherSeats_QuestLongDescription,如果教练曾经在莱克维尔图书馆的话，那他也肯定离开很久了，也许他去了法隆百货商店买能配上那件运动衫的裤子了……
QuestLoc_CheapBeerintheBleacherSeats_QuestName,露天座位的廉价啤酒
QuestLoc_CheapBeerintheBleacherSeats_QuestObjective_1,寻找拉基·乔宾逊的棒球运动衫。
QuestLoc_CheapBeerintheBleacherSeats_QuestShortDescription,找到Rackie Jobinson的棒球衫。
QuestLoc_CheerfortheGhouls_Conversation_1_NPCEnd_1,快快快！拿着，我们一直藏着这个，想要送给你！
QuestLoc_CheerfortheGhouls_Conversation_1_NPCEnd_2,我们走着瞧，光皮肤！滚出去。
QuestLoc_CheerfortheGhouls_Conversation_1_NPCStart_1,找到你了！圣诞老人可不会忘了我们。
QuestLoc_CheerfortheGhouls_Conversation_1_NPCStart_2,我们这一整年都在做一只安分的尸鬼！
QuestLoc_CheerfortheGhouls_Conversation_1_NPCStart_3,你会告诉圣诞老人的，对吗？
QuestLoc_CheerfortheGhouls_Conversation_1_Team_1,当然！他很快就会来的，哈哈！
QuestLoc_CheerfortheGhouls_Conversation_1_Team_2,对不起，尸鬼今年全上了捣蛋鬼名单，你们什么都别想收到了。
QuestLoc_CheerfortheGhouls_Conversation_2_NPCEnd_1,呃，好吧，那么请告诉圣诞老人，我们明年一定会乖乖的！
QuestLoc_CheerfortheGhouls_Conversation_2_NPCEnd_2,去死吧，光皮肤！
QuestLoc_CheerfortheGhouls_Conversation_2_NPCStart_1,你是圣诞老人的助手，对吗？
QuestLoc_CheerfortheGhouls_Conversation_2_NPCStart_2,我们觉得这一年不止是“庆祝”就够了的。
QuestLoc_CheerfortheGhouls_Conversation_2_NPCStart_3,杀了你，然后把你的东西抢走要容易的多！
QuestLoc_CheerfortheGhouls_Conversation_2_Team_1,你们不能杀了我们！圣诞老人会怎么想？也许你们这辈子都下不了淘气鬼名单了。
QuestLoc_CheerfortheGhouls_Conversation_2_Team_2,没有人能在今年的圣诞节行窃！全员戒备！
QuestLoc_CheerfortheGhouls_Conversation_3_NPCEnd_1,我猜我们有一些你们感兴趣的东西。
QuestLoc_CheerfortheGhouls_Conversation_3_NPCEnd_2,给你。
QuestLoc_CheerfortheGhouls_Conversation_3_NPCEnd_3,嘿，你是对的。
QuestLoc_CheerfortheGhouls_Conversation_3_NPCEnd_4,好吧，也许假期还没完呢！
QuestLoc_CheerfortheGhouls_Conversation_3_NPCStart_1,嘿，你们好，光皮肤。我的名字是吉姆，这里的管事。
QuestLoc_CheerfortheGhouls_Conversation_3_NPCStart_2,谢谢你们能来替我们庆祝。
QuestLoc_CheerfortheGhouls_Conversation_3_NPCStart_3,毕竟是过节嘛，我可以送你回家，再捎上一份礼物。
QuestLoc_CheerfortheGhouls_Conversation_3_NPCStart_4,所以，你想要些什么圣诞礼物，光皮肤？
QuestLoc_CheerfortheGhouls_Conversation_3_Team_1,枪，大量的枪。
QuestLoc_CheerfortheGhouls_Conversation_3_Team_2,我们可是潮流一族，给我们一些新的服装吧，谢谢！
QuestLoc_CheerfortheGhouls_Conversation_3_Team_3,要点瓶盖总没错吧。
QuestLoc_CheerfortheGhouls_Conversation_3_Team_4,什么都不要，我们是自愿来庆祝的！
QuestLoc_CheerfortheGhouls_QuestLongDescription,没有人记得那些可怜的尸鬼也是需要过节的！
QuestLoc_CheerfortheGhouls_QuestName,替尸鬼过节
QuestLoc_CheerfortheGhouls_QuestObjective_1,与尸鬼头目交谈。
QuestLoc_CheerfortheGhouls_QuestObjective_2,与尸鬼们交谈。
QuestLoc_CheerfortheGhouls_QuestObjective_3,与尸鬼们交谈。
QuestLoc_CheerfortheGhouls_QuestShortDescription,庆祝圣诞节！
QuestLoc_CheesePlease_Conversation_1_NPCEnd_1,真的吗？谢谢！我们正发愁怎么处理掉它。我们甚至试过这个！
QuestLoc_CheesePlease_Conversation_1_NPCEnd_2,好吧，随你便！
QuestLoc_CheesePlease_Conversation_1_NPCEnd_3,你们真吃那玩意儿？我们可以杀了你们，但听起来这个更惨……
QuestLoc_CheesePlease_Conversation_1_NPCStart_1,你们想干什么，居民们？
QuestLoc_CheesePlease_Conversation_1_NPCStart_2,这个地方没有什么值钱的东西，只有垃圾。
QuestLoc_CheesePlease_Conversation_1_NPCStart_3,你应该掉头离开。
QuestLoc_CheesePlease_Conversation_1_Team_1,我们只是来清理机器上的灰色粘液。
QuestLoc_CheesePlease_Conversation_1_Team_2,得先拿到我们要的东西才行。
QuestLoc_CheesePlease_Conversation_1_Team_3,我们的厨师要我们带加工奶酪回去，我们一定做到。
QuestLoc_CheesePlease_QuestLongDescription,厨师很高兴——也很惊讶——你居然能毫发无损地回来！他现在需要加工奶酪，也就是灰色黄金，那种能经受时间流逝和核战争的奇迹食物。旧奶酪工厂里可能还剩下一些。
QuestLoc_CheesePlease_QuestName,奶酪，拜托！
QuestLoc_CheesePlease_QuestObjective_1,从工厂取回奶酪酱。
QuestLoc_CheesePlease_QuestObjective_2,杀死发光者。
QuestLoc_CheesePlease_QuestShortDescription,从废弃工厂获取加工奶酪。
QuestLoc_CheesePlease_RaiderLine_1,我们满怀期待来到这里。
QuestLoc_CheesePlease_RaiderLine_2,这地方似乎没有被奶酪污染……
QuestLoc_CheesePlease_RaiderLine_3,尸鬼喜欢高达奶酪吗？
QuestLoc_ChooChoo_Conversation_1_NPCStart_1,你就是痛苦列车？别逗我笑了！
QuestLoc_ChooChoo_Conversation_1_NPCStart_2,你别想糊弄我们！
QuestLoc_ChooChoo_QuestLongDescription,你的一名居民不停地自称“痛苦列车”。咱们就让这个绰号成真吧……
QuestLoc_ChooChoo_QuestName,呜~~~呜！
QuestLoc_ChooChoo_QuestObjective_1,杀死掠夺者Boss。
QuestLoc_ChooChoo_QuestShortDescription,派一个避难所居民使用射钉步枪进行大肆破坏！
QuestLoc_ChristmasattheRaiderCamp_Conversation_1_NPCEnd_1,他会给我们免费的东西？好吧，你们这些居民可以通过了。
QuestLoc_ChristmasattheRaiderCamp_Conversation_1_NPCEnd_2,你死定了，跟着完蛋的就是北极那个圣诞老人！
QuestLoc_ChristmasattheRaiderCamp_Conversation_1_NPCStart_1,哦，是的，这是圣诞老人的小助手们！
QuestLoc_ChristmasattheRaiderCamp_Conversation_1_NPCStart_2,赶紧，我们有定居点可以抢了！
QuestLoc_ChristmasattheRaiderCamp_Conversation_1_Team_1,圣诞老人在看着你们呢，表现得乖乖的，才有礼物拿！
QuestLoc_ChristmasattheRaiderCamp_Conversation_1_Team_2,圣诞老人送来的礼物是……死亡！你们去死吧！
QuestLoc_ChristmasattheRaiderCamp_Conversation_2_NPCEnd_1,什么？为什么不呢？“一闪一闪亮晶晶……”
QuestLoc_ChristmasattheRaiderCamp_Conversation_2_NPCEnd_2,是时候造反了！
QuestLoc_ChristmasattheRaiderCamp_Conversation_2_NPCStart_1,圣诞老人的助手，对吗？
QuestLoc_ChristmasattheRaiderCamp_Conversation_2_NPCStart_2,好吧，我们今年确实很淘气。
QuestLoc_ChristmasattheRaiderCamp_Conversation_2_NPCStart_3,不过现在，把你们的东西都交出来！
QuestLoc_ChristmasattheRaiderCamp_Conversation_2_Team_1,我们能做的就只有庆祝节日！开始唱节日歌吧！
QuestLoc_ChristmasattheRaiderCamp_Conversation_2_Team_2,我们来这里能给你们的就只有糊在脸上的拳头！
QuestLoc_ChristmasattheRaiderCamp_Conversation_3_NPCEnd_1,搞定！
QuestLoc_ChristmasattheRaiderCamp_Conversation_3_NPCEnd_2,哈！就是这样。
QuestLoc_ChristmasattheRaiderCamp_Conversation_3_NPCEnd_3,圣诞节取消！
QuestLoc_ChristmasattheRaiderCamp_Conversation_3_NPCStart_1,我是吝啬鬼老大，我原本很讨厌圣诞节。
QuestLoc_ChristmasattheRaiderCamp_Conversation_3_NPCStart_2,但是你们居民来替我们过节，我改变了想法！
QuestLoc_ChristmasattheRaiderCamp_Conversation_3_NPCStart_3,请让我们送你们一些礼物吧！
QuestLoc_ChristmasattheRaiderCamp_Conversation_3_Team_1,来点新潮的衣服怎么样？
QuestLoc_ChristmasattheRaiderCamp_Conversation_3_Team_2,来些瓶盖？大量的瓶盖。
QuestLoc_ChristmasattheRaiderCamp_Conversation_3_Team_3,你还在淘气鬼名单上嗯，吝啬鬼，见鬼去吧！
QuestLoc_ChristmasattheRaiderCamp_QuestLongDescription,哪怕是掠夺者也是想要过节的！
QuestLoc_ChristmasattheRaiderCamp_QuestName,掠夺者营地的圣诞节
QuestLoc_ChristmasattheRaiderCamp_QuestObjective_1,与吝啬鬼老大交谈。
QuestLoc_ChristmasattheRaiderCamp_QuestObjective_2,与掠夺者们交谈。
QuestLoc_ChristmasattheRaiderCamp_QuestObjective_3,与掠夺者们交谈。
QuestLoc_ChristmasattheRaiderCamp_QuestShortDescription,庆祝圣诞节！
QuestLoc_ChristmasattheRaiderCamp_RaiderLine_1,看起来我们肯定上了淘气鬼名单！
QuestLoc_ChristmasattheRaiderCamp_RaiderLine_2,你，你脑袋上要有个洞了！
QuestLoc_ChristmasattheRaiderCamp_RaiderLine_3,请替我向圣诞老人问好！
QuestLoc_CleanUpOnAisleFive_QuestLongDescription,一队掠夺者盘踞在大无敌超市，并且以掠夺当地居民为生，是时候把他们的头头干掉了！
QuestLoc_CleanUpOnAisleFive_QuestName,清理五号通道
QuestLoc_CleanUpOnAisleFive_QuestObjective_1,在大无敌超市杀死掠夺者Boss。
QuestLoc_CleanUpOnAisleFive_QuestShortDescription,在大无敌超市杀死掠夺者Boss。
QuestLoc_CleanUpOnAisleFive_RaiderLine_1,想要什么样的棺材，纸做的还是塑料的？！
QuestLoc_CleanUpOnAisleFive_RaiderLine_2,是时候大闹一场了，清理五号通道！
QuestLoc_ClearingAPath_Conversation_1_NPCEnd_1,把840号避难所的那些恶心的尸鬼清理掉怎么样？祝你们好运，士兵们！
QuestLoc_ClearingAPath_Conversation_1_NPCStart_1,谢谢你们替我把那些恶心的东西清理掉。
QuestLoc_ClearingAPath_Conversation_1_NPCStart_2,你知道，你自己会成为一个相当好的士兵。
QuestLoc_ClearingAPath_Conversation_1_NPCStart_3,事成之后，我们会给你个钢铁兄弟会荣誉成员的头衔的！
QuestLoc_ClearingAPath_Conversation_1_Team_1,谢谢，我还能帮上什么忙吗？
QuestLoc_ClearingAPath_QuestLongDescription,有一群名为“钢铁兄弟会”的士兵，坚持认为避难所可以作为十分理想的哨站！根据他们的情况，我们得去提供一些火力支援。我们得从附近的机械零件工厂开始。
QuestLoc_ClearingAPath_QuestName,清理一条道路
QuestLoc_ClearingAPath_QuestObjective_1,替钢铁兄弟会在工厂清理出一条道路。
QuestLoc_ClearingAPath_QuestShortDescription,在机械零件工厂提供火力支援。
QuestLoc_ClimbingtheRanks_QuestlineName,晋级上位
QuestLoc_CollateralMurder_Conversation_1_NPCEnd_1,哦，是的，我们一直都在观察着他，等待正确的时机发动进攻。试试北边离这儿不远的旧大无敌超市吧。
QuestLoc_CollateralMurder_Conversation_1_NPCStart_1,我是唯一留下来的，我建议你用那个对抗暴徒和黄色新闻记者。
QuestLoc_CollateralMurder_Conversation_1_NPCStart_2,那个可笑的“吹号员”还有他的编辑……我见到他们就可以看出来他们只是一群卑鄙的推销员，我可不会买账！
QuestLoc_CollateralMurder_Conversation_1_NPCStart_3,“随便你！”那个“吹号员”说道。然后有史以来最凶残的掠夺者攻击就发生了，那可真是一场大屠杀。
QuestLoc_CollateralMurder_Conversation_1_NPCStart_4,我的叔叔都比他可靠，真是搞不懂为什么有那么多人会上当。人们真是喜欢一些虚假的希望。
QuestLoc_CollateralMurder_Conversation_1_Team_1,你知道他在哪儿吗？
QuestLoc_CollateralMurder_QuestLongDescription,似乎只要你被《新波士顿号角报》提到，你就会遭到掠夺者无情的攻击。现在我们必须想想办法阻止这该死的新闻！
QuestLoc_CollateralMurder_QuestName,旁系杀手
QuestLoc_CollateralMurder_QuestObjective_1,见见在机器人工厂的居民们。
QuestLoc_CollateralMurder_QuestShortDescription,找到第一批遭到掠夺者袭击的居民。
QuestLoc_CollectorsEdition_Conversation_1_NPCEnd_1,我们的味觉很粗糙！
QuestLoc_CollectorsEdition_Conversation_1_NPCEnd_2,还没，但等杀了你我们就干！
QuestLoc_CollectorsEdition_Conversation_1_NPCEnd_3,是啊，但*那*会有多好玩呢？
QuestLoc_CollectorsEdition_Conversation_1_NPCStart_1,你们应该待在避难所里，居民们！
QuestLoc_CollectorsEdition_Conversation_1_NPCStart_2,首先我们要杀了你……
QuestLoc_CollectorsEdition_Conversation_1_NPCStart_3,……然后我们会让那个巧手先生把你烤得香喷喷的！
QuestLoc_CollectorsEdition_Conversation_1_Team_1,你不应该。巧手先生机器人做饭难吃极了。
QuestLoc_CollectorsEdition_Conversation_1_Team_2,这么说你已经把它从盒子里拿出来了？
QuestLoc_CollectorsEdition_Conversation_1_Team_3,……或者你也可以直接投降，把巧手先生交给我们。
QuestLoc_CollectorsEdition_Conversation_2_NPCEnd_1,让我先看看有没有零钱。
QuestLoc_CollectorsEdition_Conversation_2_NPCEnd_2,嗯，我懂了——你知道，*在你过度解释之前*。
QuestLoc_CollectorsEdition_Conversation_2_NPCEnd_3,很诱人……但是不要。
QuestLoc_CollectorsEdition_Conversation_2_NPCStart_1,啊，你一定是买家。
QuestLoc_CollectorsEdition_Conversation_2_NPCStart_2,别担心，还是全新的。
QuestLoc_CollectorsEdition_Conversation_2_NPCStart_3,我差点就想拆盒了，但还是忍住了。
QuestLoc_CollectorsEdition_Conversation_2_NPCStart_4,你打算怎么付款？
QuestLoc_CollectorsEdition_Conversation_2_Team_1,你带铅吗？
QuestLoc_CollectorsEdition_Conversation_2_Team_2,要付出代价的是你！用你的性命！因为我们会杀了你！
QuestLoc_CollectorsEdition_Conversation_2_Team_3,把盒子给我们，你就能活命。
QuestLoc_CollectorsEdition_QuestLongDescription,我们听说本地掠夺者在一栋废弃工业建筑里找到了一个全新的巧手先生，还装在原装盒子里。我们得赶在那些掠夺者把它弄坏之前拿到这件收藏品。
QuestLoc_CollectorsEdition_QuestName,收藏版
QuestLoc_CollectorsEdition_QuestObjective_1,取回巧手先生盒子。
QuestLoc_CollectorsEdition_QuestShortDescription,从掠夺者手中夺回一个全新的巧手先生。
QuestLoc_CollectorsEdition_RaiderLine_1,把巧手先生留在盒子里有什么用？
QuestLoc_CollectorsEdition_RaiderLine_2,说不定是限量版巧手先生，还增强了讽刺模块……
QuestLoc_CollectorsEdition_RaiderLine_3,话说回来，掠夺者要巧手先生干嘛？
QuestLoc_ConferenceontheMound_Conversation_1_NPCStart_1,惊天大新闻 - 拉基·乔宾逊的运动衫并不在这儿。
QuestLoc_ConferenceontheMound_QuestLongDescription,在通用原子工厂也没有收获，但是还有一个废弃的616号避难所。
QuestLoc_ConferenceontheMound_QuestName,高岗会议
QuestLoc_ConferenceontheMound_QuestObjective_1,寻找拉基·乔宾逊的棒球运动衫。
QuestLoc_ConferenceontheMound_QuestShortDescription,找到Rackie Jobinson的棒球衫。
QuestLoc_CoveringAlltheBases_Conversation_1_NPCStart_1,又是什么都没有，啊啊啊！
QuestLoc_CoveringAlltheBases_QuestLongDescription,还是没有教练的踪迹，拉基·乔宾逊的运动衫也是毫无头绪，是时候去探索一下更深的地方了，不入虎穴焉得虎子！
QuestLoc_CoveringAlltheBases_QuestName,扫荡全部基地
QuestLoc_CoveringAlltheBases_QuestObjective_1,寻找拉基·乔宾逊的棒球运动衫。
QuestLoc_CoveringAlltheBases_QuestShortDescription,深入调查教练和运动衫的线索。
QuestLoc_CoveWatch_Conversation_1_NPCStart_1,所有人都想成名 - 好吧，我就和你说说这个故事吧！
QuestLoc_CoveWatch_QuestLongDescription,避难所收到了一份电视商业广告的通知，这很明显是个陷阱，但是我们还是得把身材最好的居民送过去试一试。
QuestLoc_CoveWatch_QuestName,看守！
QuestLoc_CoveWatch_QuestObjective_1,探索大楼。
QuestLoc_CoveWatch_QuestShortDescription,电视节目排演，还是说是陷阱？也许是陷阱吧。
QuestLoc_CoveWatch_RaiderLine_1,你上当了？这附近压根就没有水！
QuestLoc_CoveWatch_RaiderLine_2,又有该死的东西来了……把它们干掉！
QuestLoc_CrimeSceneInvestigation_Conversation_1_NPCEnd_1,我说过“让我们的饥饿吞噬你”！
QuestLoc_CrimeSceneInvestigation_Conversation_1_NPCStart_1,美味的肉感居民也踏上了死亡之路。美味。
QuestLoc_CrimeSceneInvestigation_Conversation_1_NPCStart_2,但他们足够饥饿吗？像饥饿者一样饥饿？我不这么认为。
QuestLoc_CrimeSceneInvestigation_Conversation_1_NPCStart_3,仅凭‘饥饿’就能饱餐死亡，并享用那些美味的骑士卡路里。
QuestLoc_CrimeSceneInvestigation_Conversation_1_NPCStart_4,让我们的饥饿吞噬你！
QuestLoc_CrimeSceneInvestigation_Conversation_1_Team_1,等等！我们能不能谈谈这个——
QuestLoc_CrimeSceneInvestigation_Conversation_2_NPCEnd_1,你的谎言在我们不配的声音中根本听不见！
QuestLoc_CrimeSceneInvestigation_Conversation_2_NPCStart_1,就像苍蝇扑向尸体，每个人都来看死亡留下了什么。
QuestLoc_CrimeSceneInvestigation_Conversation_2_NPCStart_2,第四位骑士难以捉摸，但‘害虫’们将会找到他。
QuestLoc_CrimeSceneInvestigation_Conversation_2_NPCStart_3,而当瘟疫成为最后的骑士时，我们便不再卑微。
QuestLoc_CrimeSceneInvestigation_Conversation_2_NPCStart_4,受辐射者蒙福！
QuestLoc_CrimeSceneInvestigation_Conversation_2_Team_1,但你的整个哲学都毫无意义！“害虫”是个蠢名字！
QuestLoc_CrimeSceneInvestigation_Conversation_3_NPCEnd_1,我们很了解死亡。事实上，我们的监督者或许能帮你。我们会保持联系……
QuestLoc_CrimeSceneInvestigation_Conversation_3_NPCStart_1,谁在那里？其他避难所居民！很高兴见到你们。
QuestLoc_CrimeSceneInvestigation_Conversation_3_NPCStart_2,我们来自避难所144。我们曾与避难所672有贸易往来。
QuestLoc_CrimeSceneInvestigation_Conversation_3_NPCStart_3,我们已经好几周没收到他们的消息了，所以过来看看。
QuestLoc_CrimeSceneInvestigation_Conversation_3_NPCStart_4,如你们所见，他们似乎遭到了袭击，无人生还！你们知道是谁干的吗？
QuestLoc_CrimeSceneInvestigation_Conversation_3_Team_1,你们听说过天启四骑士吗？我们被告知是死亡邪教徒所为，所以正在寻找线索。
QuestLoc_CrimeSceneInvestigation_QuestLongDescription,好极了！我们现已与战争达成休战，直到其他骑士被解决为止！为此，战争声称死亡的仆从袭击了避难所672。所以我们要去调查，寻找他们可能留下的任何线索……
QuestLoc_CrimeSceneInvestigation_QuestName,犯罪现场调查
QuestLoc_CrimeSceneInvestigation_QuestObjective_1,寻找关于死亡的线索。
QuestLoc_CrimeSceneInvestigation_QuestShortDescription,在避难所672号中寻找关于死亡的线索。
QuestLoc_CrossingPaths_Conversation_1_NPCEnd_1,那真是太糟糕了，好吧，最起码让我补偿一下你。
QuestLoc_CrossingPaths_Conversation_1_NPCEnd_2,穿好装备，行了，让我补偿一下你。
QuestLoc_CrossingPaths_Conversation_1_NPCEnd_3,你可以糊弄我，好了，最起码让我补偿一下你。
QuestLoc_CrossingPaths_Conversation_1_NPCEnd_4,抱歉让你有了那样的感受，好吧，最起码让我补偿一下你。
QuestLoc_CrossingPaths_Conversation_1_NPCStart_1,那可真是好作品啊，市民。
QuestLoc_CrossingPaths_Conversation_1_NPCStart_2,你有想过加入钢铁兄弟会吗？
QuestLoc_CrossingPaths_Conversation_1_Team_1,也许有一天会的吧，但是我不觉得我现在已经准备好了。
QuestLoc_CrossingPaths_Conversation_1_Team_2,见鬼！我宁可待在避难所。
QuestLoc_CrossingPaths_Conversation_1_Team_3,我永远不会去做士兵的。
QuestLoc_CrossingPaths_Conversation_1_Team_4,没门！就是士兵引发了这场灾难。
QuestLoc_CrossingPaths_QuestLongDescription,星骑士克罗斯在大无敌超市搜集技术，但是却遇上了死亡爪，请去帮他一下。
QuestLoc_CrossingPaths_QuestName,十字路口
QuestLoc_CrossingPaths_QuestObjective_1,为星骑士克罗斯提供火力援助。
QuestLoc_CrossingPaths_QuestShortDescription,为星骑士克罗斯提供火力援助。
QuestLoc_DartofHarkness_Conversation_1_NPCEnd_1,然后扔掉那些瓶盖？我可不会这么干！
QuestLoc_DartofHarkness_Conversation_1_NPCEnd_2,好吧，这简直是在侮辱人。
QuestLoc_DartofHarkness_Conversation_1_NPCEnd_3,不会吧？我们还以为这就是重点呢。算了，去他的！
QuestLoc_DartofHarkness_Conversation_1_NPCStart_1,你不该来这儿，光皮人！
QuestLoc_DartofHarkness_Conversation_1_NPCStart_2,那个安保头子是我们的。我们拿了他脑袋的一大笔钱！
QuestLoc_DartofHarkness_Conversation_1_Team_1,哈克尼斯是我们避难所的朋友。我劝你现在就离开。
QuestLoc_DartofHarkness_Conversation_1_Team_2,准备受死吧，丧尸渣滓！
QuestLoc_DartofHarkness_Conversation_1_Team_3,你知道“一大笔钱”其实不会让你变帅，对吧？
QuestLoc_DartofHarkness_Conversation_2_NPCEnd_1,你可以拿走这把武器。我叫它“飞镖”，因为它总能正中靶心。
QuestLoc_DartofHarkness_Conversation_2_NPCEnd_2,用这把武器！我叫它“飞镖”。别问为什么。
QuestLoc_DartofHarkness_Conversation_2_NPCEnd_3,我不是什么大人物，只是尽职尽责罢了。给你，这是你的。
QuestLoc_DartofHarkness_Conversation_2_NPCStart_1,你终于来了。我开始担心了。
QuestLoc_DartofHarkness_Conversation_2_NPCStart_2,那些尸鬼紧追着我。我相信他们是来杀我的。
QuestLoc_DartofHarkness_Conversation_2_NPCStart_3,他们很可能是那些想毁掉你避难所的人雇来的。
QuestLoc_DartofHarkness_Conversation_2_NPCStart_4,给，把这些文件交给你的监督者。他们知道该怎么做。
QuestLoc_DartofHarkness_Conversation_2_Team_1,太好了。还有别的事吗？
QuestLoc_DartofHarkness_Conversation_2_Team_2,要是那些尸鬼跟着我回到避难所怎么办？
QuestLoc_DartofHarkness_Conversation_2_Team_3,所以，像你这样的大人物怎么会被一群尸鬼给收拾了？
QuestLoc_DartofHarkness_QuestLongDescription,我们收到了铆钉城安全主管哈克尼斯的通讯，他说有重要信息要当面告诉我们。穿上你最好的衣服，到避难所以北那家废弃的超级杜珀超市和他碰头。
QuestLoc_DartofHarkness_QuestName,哈克尼斯的飞镖
QuestLoc_DartofHarkness_QuestObjective_1,与哈克尼斯交谈。
QuestLoc_DartofHarkness_QuestShortDescription,与安全主管哈克尼斯会面。
QuestLoc_DartofHarkness_RaiderLine_1,一号过道需要清理。
QuestLoc_DartofHarkness_RaiderLine_2,我能和经理谈谈吗？
QuestLoc_DaysGoneBye_Conversation_1_NPCEnd_1,呃，也许你可以用幽灵装扮把他们吓跑，附近的旧服装厂应该就有！
QuestLoc_DaysGoneBye_Conversation_1_NPCStart_1,哇哦，你能在这里真是太好了，那些掠夺者差点就抓到我了！
QuestLoc_DaysGoneBye_Conversation_1_NPCStart_2,他们会追赶那些想要靠近31号避难所的人。
QuestLoc_DaysGoneBye_Conversation_1_NPCStart_3,并不是真的闹鬼，我觉得他们只是为了让人们远离那里。
QuestLoc_DaysGoneBye_Conversation_1_Team_1,那么，是时候扭转局势了。
QuestLoc_DaysGoneBye_QuestLongDescription,赫伯·韦斯特告诉我那些去了31号避难所的人们最后都消失了，我要去避难所科技办公室调查一下这个避难所的过去。
QuestLoc_DaysGoneBye_QuestName,逝去的时日
QuestLoc_DaysGoneBye_QuestObjective_1,寻找有关31号避难所过去的信息。
QuestLoc_DaysGoneBye_QuestShortDescription,在避难所科技搜查关于31号避难所的信息。
QuestLoc_DeathandDenial_Conversation_1_NPCStart_1,奇怪，我们进来之前还是晴天……
QuestLoc_DeathandDenial_Conversation_1_NPCStart_2,……现在外面却黑了，远处还有隆隆雷声。
QuestLoc_DeathandDenial_Conversation_1_NPCStart_3,很不祥的兆头。
QuestLoc_DeathandDenial_Conversation_2_NPCEnd_1,好吧，但得告诉你，我们这儿习惯用公制。
QuestLoc_DeathandDenial_Conversation_2_NPCEnd_2,在闺房里吃罐头。如果你要看，我还留着那些罐头盒。
QuestLoc_DeathandDenial_Conversation_2_NPCEnd_3,不，先生，我不这么认为。
QuestLoc_DeathandDenial_Conversation_2_NPCStart_1,我说，我们都开始担心了！我是Reginald，管家总管。
QuestLoc_DeathandDenial_Conversation_2_NPCStart_2,事情就发生在主人和客人们就寝之后。
QuestLoc_DeathandDenial_Conversation_2_NPCStart_3,他们正在隔壁房间等着你去审问。
QuestLoc_DeathandDenial_Conversation_2_Team_1,游戏开始了！我们行动吧！
QuestLoc_DeathandDenial_Conversation_2_Team_2,别急。谋杀案那晚，*你*在哪里？
QuestLoc_DeathandDenial_Conversation_2_Team_3,"Reginald, Reginald……是叫Dutch吗？"
QuestLoc_DeathandDenial_Conversation_3_NPCEnd_1,我们主要是收集旧垃圾然后转卖……不过我们干得挺勤奋的！
QuestLoc_DeathandDenial_Conversation_3_NPCEnd_2,巧得很，我正在想方设法谋杀皮博迪先生。
QuestLoc_DeathandDenial_Conversation_3_NPCEnd_3,别想打什么歪主意！皮博迪试图勾引我妻子已经够糟了……
QuestLoc_DeathandDenial_Conversation_3_NPCStart_1,你不能把我们关在这里，知道吗？我们有权自由！
QuestLoc_DeathandDenial_Conversation_3_NPCStart_2,我是罗德·墨菲，粗俗的有钱实业家，这位是我的花瓶妻子普莉希拉。
QuestLoc_DeathandDenial_Conversation_3_NPCStart_3,我们没做任何坏事。我们当然没有*杀*人！
QuestLoc_DeathandDenial_Conversation_3_NPCStart_4,至少从我们到这里以后没有……
QuestLoc_DeathandDenial_Conversation_3_Team_1,实业家？在这个年头？
QuestLoc_DeathandDenial_Conversation_3_Team_2,皮博迪先生被谋杀时你在做什么？
QuestLoc_DeathandDenial_Conversation_3_Team_3,我以前有只猫叫普莉希拉。
QuestLoc_DeathandDenial_Conversation_4_NPCEnd_1,让她儿子沉迷石头剪刀布，然后总出石头把他榨干了。
QuestLoc_DeathandDenial_Conversation_4_NPCEnd_2,哦，她不是尸鬼，她只是非常非常老。
QuestLoc_DeathandDenial_Conversation_4_NPCEnd_3,在沃辛顿夫人试图咬一口蓝莓司康饼后给她做心肺复苏。
QuestLoc_DeathandDenial_Conversation_4_NPCStart_1,你好！这位是伊丽莎白·沃辛顿夫人，我是她的侍从阿加莎。
QuestLoc_DeathandDenial_Conversation_4_NPCStart_2,唉，夫人听力不太好，所以你得向我提问。
QuestLoc_DeathandDenial_Conversation_4_NPCStart_3,夫人非常尊敬皮博迪先生，她认识他多年了。
QuestLoc_DeathandDenial_Conversation_4_NPCStart_4,她甚至不怨恨他害得她家破人亡。
QuestLoc_DeathandDenial_Conversation_4_Team_1,他是怎么害得她家破人亡的？
QuestLoc_DeathandDenial_Conversation_4_Team_2,那是在她变成尸鬼之前还是之后？
QuestLoc_DeathandDenial_Conversation_4_Team_3,谋杀发生时你在做什么？
QuestLoc_DeathandDenial_Conversation_5_NPCEnd_1,我想这取决于他要先承受多少痛苦。
QuestLoc_DeathandDenial_Conversation_5_NPCEnd_2,六十四次，如果我没记错的话。
QuestLoc_DeathandDenial_Conversation_5_NPCEnd_3,抱歉，我侄女记性不好。我敢说她连昨晚的事都记不清了。
QuestLoc_DeathandDenial_Conversation_5_NPCStart_1,啊，侦探！我是特拉梅尔准将，这位是我侄女维姬。
QuestLoc_DeathandDenial_Conversation_5_NPCStart_2,所以终于有人把老皮博迪干掉了，是吧？好吧，我一点也不意外。
QuestLoc_DeathandDenial_Conversation_5_NPCStart_3,那家伙仇家可多了！比土耳其弯刀还歪。
QuestLoc_DeathandDenial_Conversation_5_NPCStart_4,要我说，凶手值得一枚勋章。正好能配得上我这一排。
QuestLoc_DeathandDenial_Conversation_5_Team_1,你是说你想让他死？
QuestLoc_DeathandDenial_Conversation_5_Team_2,土耳其刀，是吗？你知道皮博迪是被捅死的吗？
QuestLoc_DeathandDenial_Conversation_5_Team_3,那你呢，维姬？你看到什么了吗？
QuestLoc_DeathandDenial_Conversation_6_NPCEnd_1,只有在我狂暴的时候才会，所以……大概每隔一周一次？
QuestLoc_DeathandDenial_Conversation_6_NPCEnd_2,当然啦！他会跟我断绝关系，我就拿尖东西捅他……老样子了。
QuestLoc_DeathandDenial_Conversation_6_NPCEnd_3,我的兄弟姐妹都死得很惨，通常是在悬崖边玩的时候。
QuestLoc_DeathandDenial_Conversation_6_NPCEnd_4,下次我狂暴大开杀戒时会记住这一点的。
QuestLoc_DeathandDenial_Conversation_6_NPCStart_1,你好！我是阿尔文·皮博迪，家父棒球卡遗产的唯一继承人。
QuestLoc_DeathandDenial_Conversation_6_NPCStart_2,恐怕我帮不上什么忙，我对昨晚的事毫无印象。
QuestLoc_DeathandDenial_Conversation_6_NPCStart_3,我只知道今早醒来时手里拿着一把血淋淋的匕首。
QuestLoc_DeathandDenial_Conversation_6_NPCStart_4,父亲应该知道，我隐约记得他喊过我的名字。
QuestLoc_DeathandDenial_Conversation_6_Team_1,你经常这样记忆缺失吗？
QuestLoc_DeathandDenial_Conversation_6_Team_2,你和你父亲关系好吗？
QuestLoc_DeathandDenial_Conversation_6_Team_3,你是唯一的继承人？
QuestLoc_DeathandDenial_Conversation_6_Team_4,我必须说，我很欣赏你的坦诚。
QuestLoc_DeathandDenial_Conversation_7_NPCEnd_1,不意外，你永远不能相信那些“暴发户”。
QuestLoc_DeathandDenial_Conversation_7_NPCEnd_2,呵。谁知道那副厚厚的书呆子眼镜后面藏着这样一个怪物？
QuestLoc_DeathandDenial_Conversation_7_NPCEnd_3,我想一切都说得通了。给你，皮博迪先生应该会希望你能收下这个。
QuestLoc_DeathandDenial_Conversation_7_NPCEnd_4,说来也怪，是他派人去找你的。看来他没想清楚。
QuestLoc_DeathandDenial_Conversation_7_NPCStart_1,那么，你查出是谁干的了吗？
QuestLoc_DeathandDenial_Conversation_7_NPCStart_2,是那个嫉妒的实业家，还是那个破产的女族长？
QuestLoc_DeathandDenial_Conversation_7_NPCStart_3,也许是那个退伍军人，或者是皮博迪那个精神病儿子？
QuestLoc_DeathandDenial_Conversation_7_NPCStart_4,请告诉我们吧，我们都下了注。
QuestLoc_DeathandDenial_Conversation_7_Team_1,是实业家罗德·墨菲。
QuestLoc_DeathandDenial_Conversation_7_Team_2,沃辛顿夫人的随从阿加莎干的。
QuestLoc_DeathandDenial_Conversation_7_Team_3,准将就是凶手。
QuestLoc_DeathandDenial_Conversation_7_Team_4,明显是他儿子。这不用我说吧。
QuestLoc_DeathandDenial_QuestLongDescription,天哪！我们刚收到消息，威廉·皮博迪三世先生被发现死于他的卧室。我们必须派出最聪明的侦探和他忠实的助手去破解这个可怕的谜团！
QuestLoc_DeathandDenial_QuestName,死亡与否认
QuestLoc_DeathandDenial_QuestObjective_1,破解威廉·皮博迪谋杀案。
QuestLoc_DeathandDenial_QuestObjective_2,审问第一批嫌疑人。
QuestLoc_DeathandDenial_QuestObjective_3,审问第二批嫌疑人。
QuestLoc_DeathandDenial_QuestShortDescription,破解一桩谋杀谜案。
QuestLoc_DeathandDenial_RaiderLine_1,这座“庄园”也曾风光过……
QuestLoc_DeathandDenial_RaiderLine_2,如今想找个好的帮手可真难啊。
QuestLoc_DeathRevealed_Conversation_1_NPCStart_1,嗯，监督者去哪儿了？
QuestLoc_DeathRevealed_Conversation_1_NPCStart_2,她肯定在上面的某一层等着我们。
QuestLoc_DeathRevealed_Conversation_2_NPCStart_1,听！三狗开播了。
QuestLoc_DeathRevealed_Conversation_2_NPCStart_2,他正告诉大家所有邪教的位置，这样居民就能避开它们！
QuestLoc_DeathRevealed_Conversation_2_NPCStart_3,坚持战斗吧，三狗。
QuestLoc_DeathRevealed_Conversation_2_NPCStart_4,但如果我们不能阻止骑士们，那都没用。我们去找这个监督者吧！
QuestLoc_DeathRevealed_Conversation_3_NPCEnd_1,我们是死亡的警钟！
QuestLoc_DeathRevealed_Conversation_3_NPCEnd_2,我们是死亡的警钟！
QuestLoc_DeathRevealed_Conversation_3_NPCEnd_3,我们是死亡的警钟！
QuestLoc_DeathRevealed_Conversation_3_NPCEnd_4,不，一点也不。我本来想说……呃……哦，随便了。我们就是死亡之唤醒号角！
QuestLoc_DeathRevealed_Conversation_3_NPCStart_1,死亡之阴影，根据第8条c款的定义，已笼罩于你！
QuestLoc_DeathRevealed_Conversation_3_NPCStart_2,当配额达成之时，死亡便会苏醒。手册里全写着呢。
QuestLoc_DeathRevealed_Conversation_3_NPCStart_3,所以今天我们放你的血并非出于恶意，而是为了帮助达成配额。
QuestLoc_DeathRevealed_Conversation_3_NPCStart_4,我们希望你的最后时刻能达到手册规定的最低幸福度要求。
QuestLoc_DeathRevealed_Conversation_3_Team_1,死亡邪教徒是144号避难所的居民？这我可没想到。
QuestLoc_DeathRevealed_Conversation_3_Team_2,你至少能先告诉我们死亡在哪里吗？你知道我们迟早会查出来的。
QuestLoc_DeathRevealed_Conversation_3_Team_3,所以死亡在睡觉，而你们在杀人以唤醒他。这一点也不疯狂。
QuestLoc_DeathRevealed_Conversation_3_Team_4,你该不会要喊出你们的邪教口号了吧？
QuestLoc_DeathRevealed_QuestLongDescription,在672号避难所，我们遇到了来自144号避难所的居民，他们熟悉那神秘的第四名骑士——死亡。按照约定，他们的监督者联系了我们并安排了一场会面，她会告诉我们她所能说的！但她不想透露她所在避难所的位置，所以我们将在一栋废弃建筑里与她碰面……
QuestLoc_DeathRevealed_QuestName,死亡揭晓？
QuestLoc_DeathRevealed_QuestObjective_1,与避难所144的监督者对话。
QuestLoc_DeathRevealed_QuestObjective_2,收听三狗的广播。
QuestLoc_DeathRevealed_QuestShortDescription,从避难所144的监督者那里了解死亡的真相！
QuestLoc_DenofThieves_Conversation_1_NPCEnd_1,搞定！
QuestLoc_DenofThieves_Conversation_1_NPCEnd_2,你想要粗暴点来吗？那么出发吧！
QuestLoc_DenofThieves_Conversation_1_NPCStart_1,好吧好吧！别开枪！
QuestLoc_DenofThieves_Conversation_1_NPCStart_2,给你，这些是我找到的瓶盖。
QuestLoc_DenofThieves_Conversation_1_NPCStart_3,如果你能让我走的话，这些都是你的了！
QuestLoc_DenofThieves_Conversation_1_Team_1,交出那些瓶盖，你就可以走了。
QuestLoc_DenofThieves_Conversation_1_Team_2,别想了，你要为自己的所作所为付出代价。
QuestLoc_DenofThieves_QuestLongDescription,雷德·拉切尔是一个残暴的掠夺者头目，她还偷走了你的物资。去把原本属于你的东西夺回来，然后教教她该怎么做人吧！
QuestLoc_DenofThieves_QuestName,盗贼巢穴
QuestLoc_DenofThieves_QuestObjective_1,夺回你丢失的物资。
QuestLoc_DenofThieves_QuestObjective_2,遭遇掠夺者头目。
QuestLoc_DenofThieves_QuestShortDescription,从掠夺者手中夺回你被偷走的物资。
QuestLoc_DetectiveCaseFiles_QuestlineName,探案文件
QuestLoc_DibsattheRedRocket_Conversation_1_NPCEnd_1,哦好吧。我试着警告过你……
QuestLoc_DibsattheRedRocket_Conversation_1_NPCEnd_2,收下这个，作为我们感激的象征。
QuestLoc_DibsattheRedRocket_Conversation_1_NPCEnd_3,好吧，我想你可以拿走那个。我们其实并不需要它。
QuestLoc_DibsattheRedRocket_Conversation_1_NPCStart_1,站住，居民。
QuestLoc_DibsattheRedRocket_Conversation_1_NPCStart_2,钢铁兄弟会正在征用此地的所有科技。
QuestLoc_DibsattheRedRocket_Conversation_1_NPCStart_3,为了你的安全，请撤离这个区域。
QuestLoc_DibsattheRedRocket_Conversation_1_Team_1,不，我想我就待在这儿，拿走我想要的东西。
QuestLoc_DibsattheRedRocket_Conversation_1_Team_2,好吧，那我自己出去就是了。
QuestLoc_DibsattheRedRocket_Conversation_1_Team_3,得了吧，你们就不能在这儿分享点东西吗？
QuestLoc_DibsattheRedRocket_QuestLongDescription,你的一个居民发现了一个废弃的红色火箭卡车停靠站！也许里面有些有价值的垃圾……
QuestLoc_DibsattheRedRocket_QuestName,红色火箭里的好货
QuestLoc_DibsattheRedRocket_QuestObjective_1,寻找有价值的垃圾。
QuestLoc_DibsattheRedRocket_QuestShortDescription,在红色火箭里搜寻有用的垃圾。
QuestLoc_DiplomaticMission_Conversation_1_NPCEnd_1,很好，这些就是我们目前所拥有的了！
QuestLoc_DiplomaticMission_Conversation_1_NPCEnd_2,我觉得我们可以节省一些厄运金属。
QuestLoc_DiplomaticMission_Conversation_1_NPCEnd_3,我觉得我们拥有一些你感兴趣的东西！
QuestLoc_DiplomaticMission_Conversation_1_NPCStart_1,是来自避难所的外交官！
QuestLoc_DiplomaticMission_Conversation_1_NPCStart_2,我们为你准备里一件礼物，不过只能送你一件。
QuestLoc_DiplomaticMission_Conversation_1_NPCStart_3,你想要什么？
QuestLoc_DiplomaticMission_Conversation_1_Team_1,瓶盖，珍贵的瓶盖。
QuestLoc_DiplomaticMission_Conversation_1_Team_2,我们要你们的武器。
QuestLoc_DiplomaticMission_Conversation_1_Team_3,我们避难所的时尚感十足，我们需要更多的服装。
QuestLoc_DiplomaticMission_QuestLongDescription,一个当地的据点想要和我们的避难所取得联系！我们应该派遣一些外交官前往交涉！
QuestLoc_DiplomaticMission_QuestName,外交任务！
QuestLoc_DiplomaticMission_QuestObjective_1,与定居者交谈。
QuestLoc_DiplomaticMission_QuestShortDescription,派遣一些着装正式的人前去定居点交涉。
QuestLoc_DivideandConquer_Conversation_1_NPCEnd_1,那就是 *点* 22。来，我给你看看。
QuestLoc_DivideandConquer_Conversation_1_NPCEnd_2,……或者说5的极小值。好吧，你可以过去了。
QuestLoc_DivideandConquer_Conversation_1_NPCEnd_3,好吧，也许这有点*太*简单了……
QuestLoc_DivideandConquer_Conversation_1_NPCStart_1,给我站住，你们这些废物！
QuestLoc_DivideandConquer_Conversation_1_NPCStart_2,想要继续，就必须证明你的数学能力。
QuestLoc_DivideandConquer_Conversation_1_NPCStart_3,既然你们看起来不太聪明，我们就从简单的开始。
QuestLoc_DivideandConquer_Conversation_1_NPCStart_4,2 + 2 等于 5 吗？
QuestLoc_DivideandConquer_Conversation_1_Team_1,不，2 + 2 是 22，就像口径一样。
QuestLoc_DivideandConquer_Conversation_1_Team_2,只有在 2 的数值非常大的时候才成立。
QuestLoc_DivideandConquer_Conversation_1_Team_3,二加二等于四。
QuestLoc_DivideandConquer_Conversation_2_NPCEnd_1,错，这两个二被视为等值！杀了他们！
QuestLoc_DivideandConquer_Conversation_2_NPCEnd_2,没错，正是如此！这是你的奖励。
QuestLoc_DivideandConquer_Conversation_2_NPCEnd_3,我想我会做一个散点图……用你的脑浆！
QuestLoc_DivideandConquer_Conversation_2_NPCStart_1,你们来得正好，帮我解决一个争论。
QuestLoc_DivideandConquer_Conversation_2_NPCStart_2,能告诉我们1和0.999……是否相等吗？
QuestLoc_DivideandConquer_Conversation_2_NPCStart_3,也就是0.9后面跟无限循环小数。
QuestLoc_DivideandConquer_Conversation_2_Team_1,不，1比0.999……大。
QuestLoc_DivideandConquer_Conversation_2_Team_2,是的，1等于0.999……
QuestLoc_DivideandConquer_Conversation_2_Team_3,来，看看我的无限循环枪。
QuestLoc_DivideandConquer_Conversation_3_NPCEnd_1,通常我会同意你，但今天我感觉很消极。
QuestLoc_DivideandConquer_Conversation_3_NPCEnd_2,也许以前是这样，但现在已经不是了。
QuestLoc_DivideandConquer_Conversation_3_NPCEnd_3,我没什么可补充的，你公平地赢了。
QuestLoc_DivideandConquer_Conversation_3_NPCEnd_4,听起来很合理。
QuestLoc_DivideandConquer_Conversation_3_NPCStart_1,所以，你竟然走到了这一步……令人印象深刻！
QuestLoc_DivideandConquer_Conversation_3_NPCStart_2,如果你能通过这个简单的测试，我们就转移到另一个象限。
QuestLoc_DivideandConquer_Conversation_3_NPCStart_3,注意：尝试解答这个问题的人中有90%都答错了！
QuestLoc_DivideandConquer_Conversation_3_NPCStart_4,6÷2(1+2)等于几？
QuestLoc_DivideandConquer_Conversation_3_Team_1,6÷2(1+2) = 9。最终答案。
QuestLoc_DivideandConquer_Conversation_3_Team_2,简单：6÷2(1+2)等于1。
QuestLoc_DivideandConquer_Conversation_3_Team_3,这个方程有歧义，目的是迷惑人。
QuestLoc_DivideandConquer_Conversation_3_Team_4,让我用枪声数出答案。
QuestLoc_DivideandConquer_QuestLongDescription,一个新的掠夺者帮派“欧拉天使”正在恐吓废土的边界！不要岔开话题，我们需要派出最聪明的居民来消除这些激进分子构成的威胁，并解决这个尖锐的情况。
QuestLoc_DivideandConquer_QuestName,分而治之
QuestLoc_DivideandConquer_QuestObjective_1,打败掠夺者Boss。
QuestLoc_DivideandConquer_QuestObjective_2,击败掠夺者。
QuestLoc_DivideandConquer_QuestObjective_3,击败掠夺者。
QuestLoc_DivideandConquer_QuestShortDescription,击败欧拉天使帮。
QuestLoc_DivideandConquer_RaiderLine_1,这是万恶的平方根。
QuestLoc_DivideandConquer_RaiderLine_2,“要生养众多，”他们说道……
QuestLoc_Dog_QuestName,代号：狗
QuestLoc_Dog_QuestLongDescription,在返回小马镇的途中，你经过一座破旧的加油服务站，并听到里面有奇怪的声音。会是什么呢？你不去看看是不会知道的！
QuestLoc_Dog_QuestShortDescription,调查红火箭的奇怪声响。
QuestLoc_Dog_QuestObjective,寻找新朋友……
QuestLoc_Dog_Conversation01_NPC01,快点，我们得找到那条狗，威尔齐格可能不够！
QuestLoc_Dog_Conversation01_NPC02,什么？你看什么看？离开这儿，不然有你好看！
QuestLoc_Dog_Answer01_PC01,我觉得我们会留下来。你们看起来不像能当好宠物主人。
QuestLoc_Dog_Answer01_PC02,没那个必要。我们可以帮你找……是什么来着，狗？
QuestLoc_Dog_Answer01_NPC01,看来我们得纠正一下你的行为！
QuestLoc_Dog_Answer01_NPC02,兄弟会派你来的，对吧？那杂种狗是我们的！他们别想得到它！
QuestLoc_DogGone_Conversation_1_NPCEnd_1,我们不是这么打算的！
QuestLoc_DogGone_Conversation_1_NPCStart_1,你是从那个避难所来的？带我们想要的东西来了吗？
QuestLoc_DogGone_Conversation_1_Team_1,呃，我们没带瓶盖和吃的……就带了枪！
QuestLoc_DogGone_Conversation_2_NPCEnd_1,等我们杀了你，就知道你身上带着什么了！
QuestLoc_DogGone_Conversation_2_NPCEnd_2,真要命，我真的想弄点好吃的！
QuestLoc_DogGone_Conversation_2_NPCEnd_3,呃，那么我们得写张更加像样的勒索信！成交！
QuestLoc_DogGone_Conversation_2_NPCEnd_4,不是吗？那么开枪啊，开枪之后就能见到了不是吗。他真是会吃。
QuestLoc_DogGone_Conversation_2_NPCStart_1,你肯定是那条狗的主人了吧！
QuestLoc_DogGone_Conversation_2_NPCStart_2,把枪，瓶盖还有吃的交出来！
QuestLoc_DogGone_Conversation_2_NPCStart_3,我不想在小狗的面前开枪，它可是很敏感的。
QuestLoc_DogGone_Conversation_2_Team_1,我们什么都没带，蠢驴，赶紧把小狗交出来！
QuestLoc_DogGone_Conversation_2_Team_2,我把枪给你们带来了！
QuestLoc_DogGone_Conversation_2_Team_3,我们带来了更好的东西：名为礼物的知识。把小狗交出来，我们就教你怎么写字。
QuestLoc_DogGone_Conversation_2_Team_4,你真是要笑死人了，那根本不是我们的狗。
QuestLoc_DogGone_QuestLongDescription,一张十分潦草而且完全不通语法的便条被丢在了避难所门外：“如果你们还想见到自己的小狗的话，带上瓶盖和好吃的。”这肯定是某个白痴掠夺者留下的，但是如果那些掠夺者真的绑架了的话，我们还是需要前去援救的。
QuestLoc_DogGone_QuestName,失踪的小狗
QuestLoc_DogGone_QuestObjective_1,教教那些掠夺者做人，然后夺回小狗。
QuestLoc_DogGone_QuestShortDescription,从掠夺者的手里救回小狗。
QuestLoc_DogShelter_Conversation_1_NPCEnd_1,哈！踏过我们的尸体。
QuestLoc_DogShelter_Conversation_1_NPCEnd_2,我一直告诉他们，让他们温和点。
QuestLoc_DogShelter_Conversation_1_NPCEnd_3,他们拥有不会吃了我的礼物的。
QuestLoc_DogShelter_Conversation_1_NPCStart_1,我的尸鬼们太寂寞了，所以我给它们带来了一只宠物。
QuestLoc_DogShelter_Conversation_1_Team_1,我们是来这里救菲多的！
QuestLoc_DogShelter_Conversation_1_Team_2,尸鬼可以照顾宠物？
QuestLoc_DogShelter_Conversation_1_Team_3,你是说你给它们带了吃的吧。
QuestLoc_DogShelter_QuestLongDescription,有人放走了菲多，我想你也许得去把他找回来了。
QuestLoc_DogShelter_QuestName,狗窝
QuestLoc_DogShelter_QuestObjective_1,拯救菲多。
QuestLoc_DogShelter_QuestShortDescription,从尸鬼手中救出菲多。
QuestLoc_DogsofWar_Conversation_1_NPCStart_1,这里有台能用的收音机，听起来是三狗在广播。
QuestLoc_DogsofWar_Conversation_1_NPCStart_2,“你好啊，孩子们！加入战争崇拜者，侍奉战争，最强大的天启骑士！”
QuestLoc_DogsofWar_Conversation_1_NPCStart_3,什么？！这些战争崇拜者一定是强迫他散布宣传。
QuestLoc_DogsofWar_Conversation_1_NPCStart_4,我们得救他！
QuestLoc_DogsofWar_Conversation_2_NPCEnd_1,你们穿着那身可爱的蓝色小制服，还真是 *吓人* 呢，对吧？
QuestLoc_DogsofWar_Conversation_2_NPCEnd_2,哦不！害虫们来抢我们的服装了！我吓得脚都在抖。才怪。
QuestLoc_DogsofWar_Conversation_2_NPCEnd_3,你看起来可一点都不饿。那些尸鬼肯定是在把你养肥了再吃。
QuestLoc_DogsofWar_Conversation_2_NPCEnd_4,死神终于出手了，结果决定派 *你* 来？这也太虎头蛇尾了吧。
QuestLoc_DogsofWar_Conversation_2_NPCStart_1,瞧瞧，有人闯过了那群菜鸟的防线。怎么，你觉得你能搞定我们？
QuestLoc_DogsofWar_Conversation_2_NPCStart_2,无所谓。消息已经传出去了。“你阻止不了信号。”
QuestLoc_DogsofWar_Conversation_2_NPCStart_3,掠夺者们会从各地赶来为“战争”效力。否则就得面对他的怒火……还有他的口臭。
QuestLoc_DogsofWar_Conversation_2_NPCStart_4,在我们让你见识见识武器之前，先告诉我。你是哪个骑士派来的？
QuestLoc_DogsofWar_Conversation_2_Team_1,哪个都不是。我们是避难所居民，我们会阻止四骑士。
QuestLoc_DogsofWar_Conversation_2_Team_2,瘟疫。愿受辐射者得福！
QuestLoc_DogsofWar_Conversation_2_Team_3,饥荒。让我们的饥饿吞噬你！
QuestLoc_DogsofWar_Conversation_2_Team_4,死亡。但我们还没选好口号。
QuestLoc_DogsofWar_Conversation_3_NPCEnd_1,没。但害虫们对防护装备很贪婪。你可以用一些来引诱他们进入陷阱……
QuestLoc_DogsofWar_Conversation_3_NPCStart_1,你们这些孩子真懂得好好战斗！真是该死的英雄。谢谢！
QuestLoc_DogsofWar_Conversation_3_NPCStart_2,来找我打听消息？嗯，外面正酝酿一场邪教战争，定居者夹在中间遭殃。
QuestLoc_DogsofWar_Conversation_3_NPCStart_3,战争、饥荒和瘟疫，不管他们是谁，都在争权夺利。
QuestLoc_DogsofWar_Conversation_3_NPCStart_4,但死亡还没现身。目前只是核风中的传闻。
QuestLoc_DogsofWar_Conversation_3_Team_1,你知道我们在哪里能找到天启骑士的邪教吗？
QuestLoc_DogsofWar_QuestLongDescription,饥荒和瘟疫就在外面，不管他们是谁，手下信徒众多。战争和死亡是另外两位臭名昭著的天启骑士。他们也在废土上肆虐吗？如果有人知道，那就是银河新闻电台的三狗。我们去跟他谈谈。
QuestLoc_DogsofWar_QuestName,战争之犬
QuestLoc_DogsofWar_QuestObjective_1,与三狗交谈。
QuestLoc_DogsofWar_QuestObjective_2,收听三狗的广播。
QuestLoc_DogsofWar_QuestObjective_3,消灭战争崇拜者。
QuestLoc_DogsofWar_QuestShortDescription,与三狗谈谈天启四骑士的事。
QuestLoc_DogsofWar_RaiderLine_1,要战争，不要爱情！
QuestLoc_DogsofWar_RaiderLine_2,战争万岁！
QuestLoc_DogsofWar_RaiderLine_3,安息于战争！
QuestLoc_DoitfortheBatBoy_Conversation_1_NPCStart_1,就在那儿！那是……等等……不！那是被撕烂的球衣。
QuestLoc_DoitfortheBatBoy_Conversation_1_NPCStart_2,不过更近了，不是吗？！
QuestLoc_DoitfortheBatBoy_QuestLongDescription,如果我是教练的话，我应该会在哪儿呢？也许在哈莉特·塔布曼高校的体育馆里？也许值得去……
QuestLoc_DoitfortheBatBoy_QuestName,为了击球员！
QuestLoc_DoitfortheBatBoy_QuestObjective_1,寻找拉基·乔宾逊的棒球运动衫。
QuestLoc_DoitfortheBatBoy_QuestShortDescription,找到拉奇·乔宾森的棒球衫。
QuestLoc_DrivingtheSnakesOut_Conversation_1_NPCStart_1,嘿，瞧瞧这是谁！
QuestLoc_DrivingtheSnakesOut_Conversation_1_NPCStart_2,看来我们这儿来了些姜饼爱好者！
QuestLoc_DrivingtheSnakesOut_Conversation_1_NPCStart_3,绝不留情！
QuestLoc_DrivingtheSnakesOut_Conversation_2_NPCEnd_1,我觉得这不应该是字面意思……
QuestLoc_DrivingtheSnakesOut_Conversation_2_NPCEnd_2,哼，思考是蠢货、失败者和红毛才会做的事！
QuestLoc_DrivingtheSnakesOut_Conversation_2_NPCEnd_3,这可是找揍的话！进攻！
QuestLoc_DrivingtheSnakesOut_Conversation_2_NPCStart_1,你知道红毛都没有灵魂吗？
QuestLoc_DrivingtheSnakesOut_Conversation_2_NPCStart_2,死也比当红发强！
QuestLoc_DrivingtheSnakesOut_Conversation_2_NPCStart_3,你们说对吧，居民们？
QuestLoc_DrivingtheSnakesOut_Conversation_2_Team_1,我看你马上就能如愿了。
QuestLoc_DrivingtheSnakesOut_Conversation_2_Team_2,你真这么想吗，小子？
QuestLoc_DrivingtheSnakesOut_Conversation_2_Team_3,看来我们只能求同存异了。
QuestLoc_DrivingtheSnakesOut_Conversation_3_NPCEnd_1,一位美丽的姑娘曾伤透了我的心，我实在无法释怀。
QuestLoc_DrivingtheSnakesOut_Conversation_3_NPCEnd_2,这正是一个红发爱好者会说的话！
QuestLoc_DrivingtheSnakesOut_Conversation_3_NPCEnd_3,爱尔兰没有蛇，那是上一个冰河时期的事了！
QuestLoc_DrivingtheSnakesOut_Conversation_3_NPCStart_1,你们好啊，居民们。
QuestLoc_DrivingtheSnakesOut_Conversation_3_NPCStart_2,是来加入我们对抗*真正*的红色威胁吗？
QuestLoc_DrivingtheSnakesOut_Conversation_3_NPCStart_3,我们必须阻止那些红毛怪！
QuestLoc_DrivingtheSnakesOut_Conversation_3_NPCStart_4,你们需要点什么？
QuestLoc_DrivingtheSnakesOut_Conversation_3_Team_1,为什么这么恨红发的人？
QuestLoc_DrivingtheSnakesOut_Conversation_3_Team_2,我说你们对头发颜色也太在意了吧。
QuestLoc_DrivingtheSnakesOut_Conversation_3_Team_3,我说是时候让你们这些“蛇”尝尝圣帕特里克节的味道了！
QuestLoc_DrivingtheSnakesOut_QuestLongDescription,一伙名为“蛇帮”的掠夺者专门针对红发定居者下手，称他们为“姜黄头”并声称他们是劣等生物。我们必须把这些蛇驱逐出去，一劳永逸！
QuestLoc_DrivingtheSnakesOut_QuestName,驱蛇行动
QuestLoc_DrivingtheSnakesOut_QuestObjective_1,打败掠夺者Boss。
QuestLoc_DrivingtheSnakesOut_QuestObjective_2,击败掠夺者。
QuestLoc_DrivingtheSnakesOut_QuestObjective_3,击败掠夺者。
QuestLoc_DrivingtheSnakesOut_QuestShortDescription,击败一群仇视红发人的掠夺者。
QuestLoc_DuoofDestructionAlphaDeathclaws_Conversation_1_NPCStart_1,你知道么，有人告诉我阿尔法死亡爪是一种濒危物种……
QuestLoc_DuoofDestructionAlphaDeathclaws_Conversation_1_NPCStart_2,听着，如果你不把那些东西干掉，我们就变成濒危物种了！
QuestLoc_DuoofDestructionAlphaDeathclaws_QuestLongDescription,两只阿尔法死亡爪决定在旧格罗顿仓库盘踞，该死！是时候用你的大家伙教训教训它们了！
QuestLoc_DuoofDestructionAlphaDeathclaws_QuestName,双重毁灭：阿尔法死亡爪
QuestLoc_DuoofDestructionAlphaDeathclaws_QuestObjective_1,杀死第一只阿尔法死亡爪。
QuestLoc_DuoofDestructionAlphaDeathclaws_QuestObjective_2,杀死第二只阿尔法死亡爪。
QuestLoc_DuoofDestructionAlphaDeathclaws_QuestShortDescription,干掉两只愤怒的阿尔法死亡爪！
QuestLoc_DuoofDestructionGlowingOnex2_Conversation_1_NPCStart_1,哦，我还没到那儿呢，就看到发光了，祝你好运。
QuestLoc_DuoofDestructionGlowingOnex2_QuestLongDescription,两个发光者占领了核融合核心工厂，让那两只尸鬼见鬼去吧！
QuestLoc_DuoofDestructionGlowingOnex2_QuestName,双重毁灭：发光者X2
QuestLoc_DuoofDestructionGlowingOnex2_QuestObjective_1,消灭第一个发光者。
QuestLoc_DuoofDestructionGlowingOnex2_QuestObjective_2,消灭第二个发光者。
QuestLoc_DuoofDestructionGlowingOnex2_QuestShortDescription,在旧聚变反应堆工厂干掉两只发光者！
QuestLoc_DuoofDestructionGlowingRadroaches_Conversation_1_NPCStart_1,那些蟑螂都要毁了我们的家了！求求你！把它们解决掉！
QuestLoc_DuoofDestructionGlowingRadroaches_QuestLongDescription,两只发光的辐射蟑螂把“核武器公寓”的居民们赶出了自己的家园，是时候让它们付出代价了。
QuestLoc_DuoofDestructionGlowingRadroaches_QuestName,双重毁灭：发光的辐射蟑螂
QuestLoc_DuoofDestructionGlowingRadroaches_QuestObjective_1,消灭第一只发光的辐射蟑螂。
QuestLoc_DuoofDestructionGlowingRadroaches_QuestObjective_2,消灭第二只发光的辐射蟑螂。
QuestLoc_DuoofDestructionGlowingRadroaches_QuestShortDescription,消灭盘踞在核武器公寓的发光辐射蟑螂！
QuestLoc_DuoofDestructionGlowingRadscorpions_Conversation_1_NPCStart_1,谢天谢地你来了！我们对这些带壳的家伙真是一点办法都没有！你能帮我们解决掉它们吗？求求你行吗？
QuestLoc_DuoofDestructionGlowingRadscorpions_QuestLongDescription,两只发光的辐射蝎在512号避难所造成了极大的破坏！让这些虫子尝尝什么叫教训！
QuestLoc_DuoofDestructionGlowingRadscorpions_QuestName,双重毁灭：发光的辐射蝎
QuestLoc_DuoofDestructionGlowingRadscorpions_QuestObjective_1,消灭第一只发光的辐射蝎。
QuestLoc_DuoofDestructionGlowingRadscorpions_QuestObjective_2,消灭第二只发光的辐射蝎。
QuestLoc_DuoofDestructionGlowingRadscorpions_QuestShortDescription,消灭512号避难所中两只发光的辐射蝎！
QuestLoc_DuoofDestructionMoleRatBroodMothers_Conversation_1_NPCStart_1,如果你是为了狗粮来的话，只能说你运气不好了，那些鼹鼠妈妈都饿着肚子呢，你得搞定它们，可以吗？
QuestLoc_DuoofDestructionMoleRatBroodMothers_QuestLongDescription,两只鼹鼠妈妈发现了狗粮工厂，看来得有人去搞定它们了。
QuestLoc_DuoofDestructionMoleRatBroodMothers_QuestName,双重毁灭：鼹鼠妈妈
QuestLoc_DuoofDestructionMoleRatBroodMothers_QuestObjective_1,消灭第一只鼹鼠妈妈。
QuestLoc_DuoofDestructionMoleRatBroodMothers_QuestObjective_2,消灭第二只鼹鼠妈妈。
QuestLoc_DuoofDestructionMoleRatBroodMothers_QuestShortDescription,在狗粮工厂消灭两只鼹鼠妈妈。
QuestLoc_EchoesofSteel_QuestlineName,钢铁共鸣
QuestLoc_ESterEggHunt_Conversation_1_NPCEnd_1,我很确定我不该知道你在说什么。
QuestLoc_ESterEggHunt_Conversation_1_NPCEnd_2,我懂了。我的意思是……我*没*懂。对，就是最后那个。
QuestLoc_ESterEggHunt_Conversation_1_NPCEnd_3,二十，准确地说。呃，我是说……玩得开心！
QuestLoc_ESterEggHunt_Conversation_1_NPCStart_1,欢迎参加我们的第一届电子彩蛋寻宝活动！
QuestLoc_ESterEggHunt_Conversation_1_NPCStart_2,蛋是原子之子的绝佳象征，充满潜力！
QuestLoc_ESterEggHunt_Conversation_1_NPCStart_3,死爪蛋更是如此，因为小小蛋壳中蕴含的力量无比强大。
QuestLoc_ESterEggHunt_Conversation_1_NPCStart_4,愿原子神对你的好运微笑！
QuestLoc_ESterEggHunt_Conversation_1_Team_1,我们还需要留意别的吗？体型巨大，会辐射……？
QuestLoc_ESterEggHunt_Conversation_1_Team_2,这个彩蛋狩猎简直*炸*了！懂吗？炸弹？
QuestLoc_ESterEggHunt_Conversation_1_Team_3,我们会有百万吨级的欢乐！
QuestLoc_ESterEggHunt_Conversation_2_NPCEnd_1,哦，对，那个……别管了。只管找彩蛋吧。
QuestLoc_ESterEggHunt_Conversation_2_NPCEnd_2,引爆后就能知道了……我是说，在我们，呃，*赎罪*之后。
QuestLoc_ESterEggHunt_Conversation_2_NPCEnd_3,你干嘛这么夸张？不如把它想象成“诞下一颗新太阳”。
QuestLoc_ESterEggHunt_Conversation_2_NPCStart_1,找到那些死亡爪的蛋了吗？
QuestLoc_ESterEggHunt_Conversation_2_NPCStart_2,很难找，这些小家伙保护欲很强。
QuestLoc_ESterEggHunt_Conversation_2_Team_1,我本来以为找到了，结果发现是个大炸弹？
QuestLoc_ESterEggHunt_Conversation_2_Team_2,你真觉得这能节省日光？
QuestLoc_ESterEggHunt_Conversation_2_Team_3,你们是打算引爆核弹吗？
QuestLoc_ESterEggHunt_Conversation_3_NPCStart_1,看那边，在那堆死亡爪粪便后面！
QuestLoc_ESterEggHunt_Conversation_3_NPCStart_2,就在那里，只有从这角度才能看到的隐藏区域！
QuestLoc_ESterEggHunt_Conversation_3_NPCStart_3,是核弹！我们找到了！
QuestLoc_ESterEggHunt_Conversation_3_NPCStart_4,哇，而且它真大真壮观……
QuestLoc_ESterEggHunt_QuestLongDescription,我们受邀参加原子神教一年一度的死亡爪蛋寻宝活动！这是个好机会，可以验证威尔兄弟的说法——教会计划在E-Ster周日引爆一枚大型核弹……
QuestLoc_ESterEggHunt_QuestName,E-Ster寻蛋
QuestLoc_ESterEggHunt_QuestObjective_1,了解更多关于传闻中核弹的信息。
QuestLoc_ESterEggHunt_QuestObjective_2,采集一些死亡爪蛋。
QuestLoc_ESterEggHunt_QuestShortDescription,进一步调查所谓的核弹。
QuestLoc_ESterEggHunt_RaiderLine_1,我在想死亡爪的蛋能不能吃……
QuestLoc_ESterEggHunt_RaiderLine_2,你觉得这里真的有一枚核弹吗？
QuestLoc_ESterisComing_Conversation_1_NPCEnd_1,它教导我们关于E-Ster和第六太阳的降临。
QuestLoc_ESterisComing_Conversation_1_NPCEnd_2,呃……没什么重要的人。忘了我提过他吧。
QuestLoc_ESterisComing_Conversation_1_NPCEnd_3,我们是原子神的谦卑仆人，不是冒险者……
QuestLoc_ESterisComing_Conversation_1_NPCStart_1,啊，你们一定就是派来帮我们的避难所居民！原子神保佑！
QuestLoc_ESterisComing_Conversation_1_NPCStart_2,我是撒迪厄斯修士，这位是奥利维亚修女。
QuestLoc_ESterisComing_Conversation_1_NPCStart_3,神圣的电路板一定就在这附近某处。
QuestLoc_ESterisComing_Conversation_1_NPCStart_4,这就是威尔修士最后出现的地方。
QuestLoc_ESterisComing_Conversation_1_Team_1,为什么那块电路板这么珍贵？
QuestLoc_ESterisComing_Conversation_1_Team_2,威尔兄弟是谁？
QuestLoc_ESterisComing_Conversation_1_Team_3,你不打算帮我们找吗？
QuestLoc_ESterisComing_Conversation_2_NPCEnd_1,我真的不该说这个……大约三天吧。
QuestLoc_ESterisComing_Conversation_2_NPCEnd_2,我确定不该说，但……我担心他已经失去理智了。
QuestLoc_ESterisComing_Conversation_2_NPCEnd_3,它就要来了？还有，现在是日光节约时间，赞美原子！
QuestLoc_ESterisComing_Conversation_2_NPCStart_1,拜托，别开枪！
QuestLoc_ESterisComing_Conversation_2_NPCStart_2,我想我可能和队伍走散了。
QuestLoc_ESterisComing_Conversation_2_NPCStart_3,我以为看到了我们失踪的威尔兄弟，就试着跟了上去。
QuestLoc_ESterisComing_Conversation_2_NPCStart_4,结果那只是一只巨大的鼹鼠用后腿站着。
QuestLoc_ESterisComing_Conversation_2_Team_1,威尔兄弟失踪多久了？
QuestLoc_ESterisComing_Conversation_2_Team_2,威尔兄弟怎么了？
QuestLoc_ESterisComing_Conversation_2_Team_3,关于 E-Ster 你们能告诉我们什么？
QuestLoc_ESterisComing_QuestLongDescription,阿尔瓦拉多忏悔者同意停止放射性喷洒，作为善意的表示，我们同意帮助教会找回一块神圣的电路板，据说其中包含关于古老 E-Ster 仪式的数据。
QuestLoc_ESterisComing_QuestName,E-Ster 来了
QuestLoc_ESterisComing_QuestObjective_1,找回神圣电路板。
QuestLoc_ESterisComing_QuestShortDescription,帮助原子教找回一件古代遗物。
QuestLoc_ESterisComing_RaiderLine_1,就为了个古老传说……
QuestLoc_ESterisComing_RaiderLine_2,是我多心，还是提到他们失踪的兄弟让他们不安了？
QuestLoc_ESterisComing_RaiderLine_3,威尔兄弟，是你吗？
QuestLoc_ExpressCheckout_Conversation_1_NPCEnd_1,在废石堆里找到的，你要的话，就拿走吧。
QuestLoc_ExpressCheckout_Conversation_1_NPCEnd_2,听着，很抱歉，一个尸鬼会吃了你的，你确定要这个吗？
QuestLoc_ExpressCheckout_Conversation_1_NPCEnd_3,不，我只是无意中碰到的，说吧，你是不是想要这个？
QuestLoc_ExpressCheckout_Conversation_1_NPCEnd_4,并不是所有人？！也许这里已经没有了，不过我确实找到了这个……
QuestLoc_ExpressCheckout_Conversation_1_NPCStart_1,好吧，这就有点尴尬了，如果你是在找花花公子苹果，那么，我……我貌似把它们全部吃光了。
QuestLoc_ExpressCheckout_Conversation_1_Team_1,这附近一点都没剩了吗？
QuestLoc_ExpressCheckout_Conversation_1_Team_2,但是我很想要啊！
QuestLoc_ExpressCheckout_Conversation_1_Team_3,是你的那些怪物伙计吗？
QuestLoc_ExpressCheckout_Conversation_1_Team_4,尸鬼喜欢花花公子苹果？
QuestLoc_ExpressCheckout_QuestLongDescription,在探索废土时，一个居民偶然发现了大无敌超市，里面肯定有一些有用的东西。
QuestLoc_ExpressCheckout_QuestName,快速结账
QuestLoc_ExpressCheckout_QuestObjective_1,探索大无敌超市
QuestLoc_ExpressCheckout_QuestShortDescription,清理大无敌超市。
QuestLoc_ExtremePrejudice_Conversation_1_NPCEnd_1,有道理。
QuestLoc_ExtremePrejudice_Conversation_1_NPCEnd_2,我看到了！很荣幸见到你。然后杀了你。
QuestLoc_ExtremePrejudice_Conversation_1_NPCEnd_3,哈！我猜你也会！
QuestLoc_ExtremePrejudice_Conversation_1_NPCStart_1,嘿。你。
QuestLoc_ExtremePrejudice_Conversation_1_NPCStart_2,我以前没见过你，但你看起来有点眼熟。
QuestLoc_ExtremePrejudice_Conversation_1_NPCStart_3,你是某种间谍吗？
QuestLoc_ExtremePrejudice_Conversation_1_Team_1,我有一张非常普通的脸，有助于渗透敌人。
QuestLoc_ExtremePrejudice_Conversation_1_Team_2,嗯，我确实上过《间谍季刊》的封面。
QuestLoc_ExtremePrejudice_Conversation_1_Team_3,我*希望*我是个间谍，这样我就能把你们都杀了。
QuestLoc_ExtremePrejudice_Conversation_2_NPCEnd_1,迈克？
QuestLoc_ExtremePrejudice_Conversation_2_NPCEnd_2,哦，对，他是的。嘿嘿，好样的老迈克。
QuestLoc_ExtremePrejudice_Conversation_2_NPCEnd_3,我要杀了你，混蛋！
QuestLoc_ExtremePrejudice_Conversation_2_NPCStart_1,你最近有没有看到迈克？
QuestLoc_ExtremePrejudice_Conversation_2_NPCStart_2,你知道我说的是谁，对吧？
QuestLoc_ExtremePrejudice_Conversation_2_Team_1,当然知道！他……呃……他就在那边，看！
QuestLoc_ExtremePrejudice_Conversation_2_Team_2,别开玩笑了……迈克都死好几个礼拜了。
QuestLoc_ExtremePrejudice_Conversation_2_Team_3,抱歉，我不会说英语。
QuestLoc_ExtremePrejudice_Conversation_3_NPCEnd_1,“所有居民必须随时携带身份证件。”我们只好现在毙了你。
QuestLoc_ExtremePrejudice_Conversation_3_NPCEnd_2,嗯，我不太确定……我先记下来，之后回复你。
QuestLoc_ExtremePrejudice_Conversation_3_NPCEnd_3,从没听过拳印这说法，不过我想——哦，我懂了。
QuestLoc_ExtremePrejudice_Conversation_3_NPCStart_1,抱歉，我们需要检查你的身份证件。
QuestLoc_ExtremePrejudice_Conversation_3_NPCStart_2,显然有人试图渗透这个避难所。
QuestLoc_ExtremePrejudice_Conversation_3_NPCStart_3,渗透……带着极度偏见。
QuestLoc_ExtremePrejudice_Conversation_3_Team_1,我把它忘在我的另一件避难所连体衣里了。
QuestLoc_ExtremePrejudice_Conversation_3_Team_2,那到底是什么意思，“极度偏见”？
QuestLoc_ExtremePrejudice_Conversation_3_Team_3,我的拳头能算作身份证件吗？
QuestLoc_ExtremePrejudice_Conversation_4_NPCEnd_1,噗。祝你好运！
QuestLoc_ExtremePrejudice_Conversation_4_NPCEnd_2,那算是一种威胁吗？
QuestLoc_ExtremePrejudice_Conversation_4_NPCEnd_3,史蒂夫，无所不知？你显然*不是*这里的人……
QuestLoc_ExtremePrejudice_Conversation_4_NPCStart_1,嘿，能帮我们解决一个争论吗？
QuestLoc_ExtremePrejudice_Conversation_4_NPCStart_2,他们说监督者随时会为我们找到一个新的避难所。
QuestLoc_ExtremePrejudice_Conversation_4_NPCStart_3,我觉得我们会永远困在这个破二流避难所里了。
QuestLoc_ExtremePrejudice_Conversation_4_NPCStart_4,你觉得呢，我有点认不出来的这位居民？
QuestLoc_ExtremePrejudice_Conversation_4_Team_1,我正要去见监督者。如果你愿意，我可以帮你问问他。
QuestLoc_ExtremePrejudice_Conversation_4_Team_2,你剩下的日子都要在这儿过了——也就几分钟吧。
QuestLoc_ExtremePrejudice_Conversation_4_Team_3,你们的……我是说，*我们的*监督者无所不知。他说的肯定是真的。
QuestLoc_ExtremePrejudice_Conversation_5_NPCEnd_1,就这个破地方？你亲眼看过吗？臭死了！
QuestLoc_ExtremePrejudice_Conversation_5_NPCEnd_2,太棒了！你们的监督者是最棒的！真天才，而且还不吃马屁。
QuestLoc_ExtremePrejudice_Conversation_5_NPCEnd_3,……这是雇来的刺客说的。
QuestLoc_ExtremePrejudice_Conversation_5_NPCEnd_4,不，秘密特工先生，我期待你去死。
QuestLoc_ExtremePrejudice_Conversation_5_NPCStart_1,哎呀，哎呀，哎呀……
QuestLoc_ExtremePrejudice_Conversation_5_NPCStart_2,我猜你迟早都会出现的。
QuestLoc_ExtremePrejudice_Conversation_5_NPCStart_3,可惜你会失败，而你的避难所将会是我们的！
QuestLoc_ExtremePrejudice_Conversation_5_Team_1,你已经有一个避难所了。
QuestLoc_ExtremePrejudice_Conversation_5_Team_2,为什么偏偏是*我们的*避难所？
QuestLoc_ExtremePrejudice_Conversation_5_Team_3,我们就不能和平相处吗？
QuestLoc_ExtremePrejudice_Conversation_5_Team_4,好吧，你逮住我了。你指望我招供吗？
QuestLoc_ExtremePrejudice_QuestLongDescription,我们从哈克尼斯那里获得的情报令人不安：它揭示了一位敌对避难所监督者是近期所有针对我们袭击的幕后黑手。我们需要派出一名刺客潜入那个避难所，以极端偏见的方式除掉其领袖。
QuestLoc_ExtremePrejudice_QuestName,极端偏见
QuestLoc_ExtremePrejudice_QuestObjective_1,消灭邪恶的监督者。
QuestLoc_ExtremePrejudice_QuestShortDescription,消灭一个敌对的避难所监督者。
QuestLoc_ExtremePrejudice_RaiderLine_1,别担心，不会花太久的。
QuestLoc_ExtremePrejudice_RaiderLine_2,*叹气* 你非要选那条难走的路……极端偏见！
QuestLoc_FactoryFloorofFear_Conversation_1_NPCEnd_1,看来我们俩都有点听力不良，不过你的问题看起来严重些！
QuestLoc_FactoryFloorofFear_Conversation_1_NPCEnd_2,有趣，我正想这样对你说呢！
QuestLoc_FactoryFloorofFear_Conversation_1_NPCEnd_3,不，但是如果我跟你分开的话，估计马上就找到了！
QuestLoc_FactoryFloorofFear_Conversation_1_NPCEnd_4,没关系 - 反正你马上就要死了！
QuestLoc_FactoryFloorofFear_Conversation_1_NPCStart_1,我听到了挠爪子的声音，但是我感觉那只是动物。
QuestLoc_FactoryFloorofFear_Conversation_1_NPCStart_2,结果是避难所里一些哑巴居民！
QuestLoc_FactoryFloorofFear_Conversation_1_NPCStart_3,你不能随意拿这里的东西！我先到的这里！
QuestLoc_FactoryFloorofFear_Conversation_1_NPCStart_4,我不在乎有什么东西挡我的路，不管是虫子还是像你这种蠢蛋！
QuestLoc_FactoryFloorofFear_Conversation_1_Team_1,你没听到吗？大家都觉得应该离开这个地方。
QuestLoc_FactoryFloorofFear_Conversation_1_Team_2,你在这里会害死自己的。
QuestLoc_FactoryFloorofFear_Conversation_1_Team_3,知道这里为什么禁止入内吗？
QuestLoc_FactoryFloorofFear_Conversation_1_Team_4,你听到了挠爪子的声音？是从哪里传来的？
QuestLoc_FactoryFloorofFear_QuestLongDescription,在探索的时候，居民们发现了一张便条，上面写着让人们远离一个旧工业生产基地。如果能把道路清理出来，也许在那里能够找到一些有用的东西。
QuestLoc_FactoryFloorofFear_QuestName,恐惧工厂
QuestLoc_FactoryFloorofFear_QuestObjective_1,探索工业基地。
QuestLoc_FactoryFloorofFear_QuestShortDescription,探索工业基地的危险区域。
QuestLoc_FamilyMatters_Conversation_1_NPCEnd_1,她是我的祖母，但是要小心点，她会咬人。爸爸也一样，不过他现在没了假牙。他们都挺不错的！自称是严苛的爱。
QuestLoc_FamilyMatters_Conversation_1_NPCEnd_2,当然，不过要小心，她会咬人。爸爸也一样，不过他现在没了假牙。他们都挺不错的！自称严苛的爱。
QuestLoc_FamilyMatters_Conversation_1_NPCStart_1,娜娜并没有告诉我我们希望有客人来！
QuestLoc_FamilyMatters_Conversation_1_NPCStart_2,天呐，我就应该收拾好了的。
QuestLoc_FamilyMatters_Conversation_1_Team_1,谁是娜娜？
QuestLoc_FamilyMatters_Conversation_1_Team_2,那是你的祖母吗？
QuestLoc_FamilyMatters_QuestLongDescription,你无意中发现了一间小屋子，也许里面还有人活着。
QuestLoc_FamilyMatters_QuestName,家族事件
QuestLoc_FamilyMatters_QuestObjective_1,探索小屋。
QuestLoc_FamilyMatters_QuestShortDescription,你在废土中发现了一间旧屋子。
QuestLoc_FashionStatement_Conversation_1_NPCEnd_1,你有那样的味道，活该去死！
QuestLoc_FashionStatement_Conversation_1_NPCEnd_2,我知道！但是你发现了，就得去死了！
QuestLoc_FashionStatement_Conversation_1_NPCEnd_3,避难所居民会知道什么？你死定了！
QuestLoc_FashionStatement_Conversation_1_NPCEnd_4,嘿，掠夺者也是有品味的好么，我会让你明白的！
QuestLoc_FashionStatement_Conversation_1_NPCStart_1,这服装太凶残了，基本就没什么盖住的地方。
QuestLoc_FashionStatement_Conversation_1_NPCStart_2,而且我非常确定这些短裤会让我的屁股看起来很大……
QuestLoc_FashionStatement_Conversation_1_NPCStart_3,嗯？掠夺者！你们什么时候在那儿的？
QuestLoc_FashionStatement_Conversation_1_Team_1,够长了，尖刺都已经完完全全扎进皮里了。
QuestLoc_FashionStatement_Conversation_1_Team_2,你说的，那些短裤一点用都没。
QuestLoc_FashionStatement_Conversation_1_Team_3,我不知道，我感觉你看着挺好的啊。
QuestLoc_FashionStatement_Conversation_1_Team_4,你是一个掠夺者，谁会在乎？
QuestLoc_FashionStatement_QuestLongDescription,在探索废土的时候，一个居民无意中发现了红火箭，也许值得去看一看。
QuestLoc_FashionStatement_QuestName,时尚宣言
QuestLoc_FashionStatement_QuestObjective_1,探索红火箭
QuestLoc_FashionStatement_QuestShortDescription,你无意中发现了红火箭！
QuestLoc_Filly_Conversation01_NPC01,嘿！你不是这附近的人。希望你喜欢铅弹的味道！
QuestLoc_Filly_Conversation02_NPC01,我们眼下有点掠夺者的小麻烦。
QuestLoc_Filly_Conversation02_NPC02,你看起来挺能打的。你觉得你能……
QuestLoc_Filly_Conversation02_NPC03,……把他们从咱们这片小天堂里赶走吗？
QuestLoc_Filly_Conversation03_NPC01,看来你把他们都解决了！
QuestLoc_Filly_Conversation03_NPC02,欢迎来到菲力（Filly）。我照看这地方。人们都叫我梅·琼。
QuestLoc_Filly_Conversation03_NPC03,我从没见过避难所。我想我可能会顺道去看看。
QuestLoc_Filly_Conversation03_NPC04,给你，这是出色工作的公平报酬！
QuestLoc_Filly_02_Answer02_PC01,只要你付得起。
QuestLoc_Filly_02_Answer02_PC02,太糟了。我会尽全力！那些掠夺者活该。
QuestLoc_Filly_02_Answer02_NPC01,我觉得我们可以谈笔交易。搞定它，然后我们再谈。
QuestLoc_Filly_02_Answer02_NPC02,哦！谢了，你们是好人。去收拾他们！
QuestLoc_Filly_QuestName,屠尽菲利
QuestLoc_Filly_QuestLongDescription,你偶然发现了一个名为Filly的破败定居点，它向其他废土客提供了欢迎。不幸的是，这里似乎被一伙别有企图的掠夺者占据了……
QuestLoc_Filly_QuestShortDescription,解放菲利的人民。
QuestLoc_Filly_QuestObjective,为马六月清除掠夺者。
QuestLoc_Firestarter_Conversation_1_NPCStart_1,不错的火焰喷射器，让我们瞧瞧你是不是会用这个！
QuestLoc_Firestarter_Conversation_1_NPCStart_2,到处都烧起来了！赶紧扑灭掉！
QuestLoc_Firestarter_Conversation_1_NPCStart_3,是时候停火了，喷火器！
QuestLoc_Firestarter_QuestLongDescription,你的一个居民是连环纵火犯。我们决定在避难所外运用他们的才能。
QuestLoc_Firestarter_QuestName,凶火
QuestLoc_Firestarter_QuestObjective_1,杀死掠夺者Boss。
QuestLoc_Firestarter_QuestShortDescription,派一个居民使用喷火器出去大肆破坏！
QuestLoc_FirstDown_Conversation_1_NPCEnd_1,他们都去边上的大楼了，我觉得他们正在找什么东西。
QuestLoc_FirstDown_Conversation_1_NPCEnd_2,一些可以让他们头领记住他们的东西，你能请他们救救我的姐妹吗？
QuestLoc_FirstDown_Conversation_1_NPCStart_1,谢天谢地！我还怕没人能收到我的信号呢。
QuestLoc_FirstDown_Conversation_1_NPCStart_2,我们遇上了一些掠夺者，一些我从来没见过的。
QuestLoc_FirstDown_Conversation_1_NPCStart_3,他们一直在谈论什么超级杯什么的。
QuestLoc_FirstDown_Conversation_1_NPCStart_4,他们抓住了我的姐妹，求求你，你得帮帮她！
QuestLoc_FirstDown_Conversation_1_Team_1,你知道他们去哪儿了吗？
QuestLoc_FirstDown_Conversation_1_Team_2,超级杯？
QuestLoc_FirstDown_QuestLongDescription,无线电传来了一个疯狂的声音，在废土有一个居民遇上了极大的麻烦！时间正在流逝……
QuestLoc_FirstDown_QuestName,第一次进攻
QuestLoc_FirstDown_QuestObjective_1,救助迷失的居民。
QuestLoc_FirstDown_QuestShortDescription,救助迷失的居民。
QuestLoc_FollowingHisFirstSteps_Conversation_1_NPCEnd_1,没错！就是那个，从这左边走，然后笔直前往河对岸的工厂，救出罗德·拉什和他的小队！
QuestLoc_FollowingHisFirstSteps_Conversation_1_NPCEnd_2,他往汽车厂去了，想要把那边的小队救出来。
QuestLoc_FollowingHisFirstSteps_Conversation_1_NPCStart_1,哦，谢天谢地！有人发现我们了！
QuestLoc_FollowingHisFirstSteps_Conversation_1_NPCStart_2,你一定得帮帮我们，那个义勇军在我们找到逃出去的路之前就弃我们而去了！
QuestLoc_FollowingHisFirstSteps_Conversation_1_NPCStart_3,说是有人需要他的帮助，然后就走了。
QuestLoc_FollowingHisFirstSteps_Conversation_1_Team_1,他是不是叫普雷斯顿？
QuestLoc_FollowingHisFirstSteps_Conversation_1_Team_2,他有提到说要去哪里吗？
QuestLoc_FollowingHisFirstSteps_QuestLongDescription,著名义勇军，普雷斯顿·嘉维，竟然失踪了！寻找他失踪的线索和最近消失的地点。
QuestLoc_FollowingHisFirstSteps_QuestName,跟随第一步
QuestLoc_FollowingHisFirstSteps_QuestObjective_1,在办公大楼搜寻线索。
QuestLoc_FollowingHisFirstSteps_QuestObjective_2,杀死掠夺者Boss。
QuestLoc_FollowingHisFirstSteps_QuestShortDescription,寻找关于普雷斯顿·嘉维所在位置的线索。
QuestLoc_FonsVivus_Conversation_1_NPCEnd_1,我们尝试保存一些，但是它是如此令人振奋! 去找315避难所，他们也买了一些。
QuestLoc_FonsVivus_Conversation_1_NPCStart_1,难以置信! 我们买了一瓶他的水，只花了一万个瓶盖，然后一切都得到了解决！
QuestLoc_FonsVivus_Conversation_1_NPCStart_2,玛戈的湿疹痊愈了，庄稼(也)长满了......甚至我们的婆罗门(注: 种姓)奥莱-杰斯也不再跛脚了！
QuestLoc_FonsVivus_Conversation_1_NPCStart_3,我们甚至在门的铰链上撒了一些，那恼人的吱吱声就消失了!
QuestLoc_FonsVivus_Conversation_1_NPCStart_4,他真的是水之巫师！
QuestLoc_FonsVivus_Conversation_1_Team_1,你不会刚好还有剩下的吧，是吗？
QuestLoc_FonsVivus_QuestLongDescription,人们在谈论一种新的水，它具有治疗作用，使你更强大，并带来好运。冒险! 行动! 清爽的饮料! (如果有必要)我们(也)可以喝!
QuestLoc_FonsVivus_QuestName,生命之泉
QuestLoc_FonsVivus_QuestObjective_1,和那些尝试过神奇的新的水的定居者谈谈。
QuestLoc_FonsVivus_QuestShortDescription,了解更多关于人们所谈论的神奇水。
QuestLoc_FoodFight_Conversation_1A_NPCEnd_1,现在那声音有点像一顿丰盛的早餐！
QuestLoc_FoodFight_Conversation_1A_NPCEnd_2,不！
QuestLoc_FoodFight_Conversation_1A_NPCEnd_3,你可以试试！
QuestLoc_FoodFight_Conversation_1A_NPCEnd_4,哦！那我可以放心了。
QuestLoc_FoodFight_Conversation_1A_NPCStart_1,什么？！你来这里是为了偷我的甜麦炮弹？！
QuestLoc_FoodFight_Conversation_1A_Team_1,啊，甜麦炮弹，现在分分钟可以……炸死人！
QuestLoc_FoodFight_Conversation_1A_Team_2,你妈妈没教过你什么叫分享吗？
QuestLoc_FoodFight_Conversation_1A_Team_3,甜麦炮弹？那些东西会杀了你的，不过我能告诉你一个简单的方法。
QuestLoc_FoodFight_Conversation_1A_Team_4,不，那些东西让我变得有点神经质，我来这里只是为了杀你。
QuestLoc_FoodFight_Conversation_1B_NPCEnd_1,呃……不。我觉得你来这里简直是送死。
QuestLoc_FoodFight_Conversation_1B_NPCEnd_2,猜得不错！
QuestLoc_FoodFight_Conversation_1B_NPCEnd_3,我想我们可以谈谈。
QuestLoc_FoodFight_Conversation_1B_NPCEnd_4,令人讨厌的工作！
QuestLoc_FoodFight_Conversation_1B_NPCStart_1,你来这里是弄架子的？还是说来找死的？
QuestLoc_FoodFight_Conversation_1B_Team_1,呃……弄架子？
QuestLoc_FoodFight_Conversation_1B_Team_2,让我自己被杀？
QuestLoc_FoodFight_Conversation_1B_Team_3,也许两个都搭一点边？
QuestLoc_FoodFight_Conversation_1B_Team_4,其实，我是这里的新管理，你被开除了！
QuestLoc_FoodFight_Conversation_1C_NPCEnd_1,很好，我们赶紧结束这些吧。
QuestLoc_FoodFight_Conversation_1C_NPCEnd_2,噢，一个喜剧演员，我讨厌喜剧演员。
QuestLoc_FoodFight_Conversation_1C_NPCEnd_3,我刚想和你说同样的话！
QuestLoc_FoodFight_Conversation_1C_NPCEnd_4,听着，很明显我是无视法律的……
QuestLoc_FoodFight_Conversation_1C_NPCStart_1,该死，那些掠夺者就不会消停点吗？
QuestLoc_FoodFight_Conversation_1C_Team_1,看起来并不像，完全不。
QuestLoc_FoodFight_Conversation_1C_Team_2,消停？我记住这个词了！
QuestLoc_FoodFight_Conversation_1C_Team_3,别让事情变得更加难办。
QuestLoc_FoodFight_Conversation_1C_Team_4,抱歉，但是弱肉强食，这是废土的法则。
QuestLoc_FoodFight_Conversation_1D_NPCEnd_1,我的天！
QuestLoc_FoodFight_Conversation_1D_NPCEnd_2,不会发生这种事情的，小偷！
QuestLoc_FoodFight_Conversation_1D_NPCEnd_3,过段时间它就会好起来的！去死吧，偷食的小贼！
QuestLoc_FoodFight_Conversation_1D_NPCEnd_4,首先，你去死！然后，我就能吃到更多的奶油了！
QuestLoc_FoodFight_Conversation_1D_NPCStart_1,我的奶油！这是我的！听到没有？！你绝对不能拿走！
QuestLoc_FoodFight_Conversation_1D_Team_1,奶油？真的吗？
QuestLoc_FoodFight_Conversation_1D_Team_2,哦~~我爱我的奶油，请别介意。
QuestLoc_FoodFight_Conversation_1D_Team_3,你有感觉到，那东西，像是，200年前的东西吗？
QuestLoc_FoodFight_Conversation_1D_Team_4,我不想要这个，说真的，但是我真的非常想要杀了你，所以……
QuestLoc_FoodFight_Conversation_1E_NPCEnd_1,啊哈，正如我怀疑的那样，避难所居民对抗掠夺者，战斗永远不会停止，那么，我们又能怎么样呢？
QuestLoc_FoodFight_Conversation_1E_NPCEnd_2,哼，没有教养的家伙。
QuestLoc_FoodFight_Conversation_1E_NPCEnd_3,不用怀疑，我是一个掠夺者，尽管我是比较文雅的。
QuestLoc_FoodFight_Conversation_1E_NPCEnd_4,呃，他们都叫我野蛮人……
QuestLoc_FoodFight_Conversation_1E_NPCStart_1,你好，我的美食鉴赏家伙计。来这里是考察菜单的吗？
QuestLoc_FoodFight_Conversation_1E_Team_1,哦，这……不是，我来这里其实……是为了杀你。
QuestLoc_FoodFight_Conversation_1E_Team_2,我只是来这里弄点好吃的。
QuestLoc_FoodFight_Conversation_1E_Team_3,这个……你……嗯，并不是我所预期的那样。
QuestLoc_FoodFight_Conversation_1E_Team_4,哦，很好，一个美食家，真是自命不凡啊。
QuestLoc_FoodFight_QuestLongDescription,在探索废土的时候，一位居民找到了一间掠夺者在里面肆意妄为的大无敌超市，请赶在那些混蛋之前行动起来！
QuestLoc_FoodFight_QuestName,食物大战！
QuestLoc_FoodFight_QuestObjective_1,消灭掠夺者。
QuestLoc_FoodFight_QuestShortDescription,消灭大无敌超市里的掠夺者。
QuestLoc_FoodGlowriousFood_QuestlineName,食物，发光美食
QuestLoc_FriendlySettlement_Conversation_1A_NPCEnd_1,哎呀，太紧了！也许你应该稍微漫不经心一点？
QuestLoc_FriendlySettlement_Conversation_1A_NPCEnd_2,故事就是那样，一个晨间小故事！给你，我们之间的一点点纪念品。
QuestLoc_FriendlySettlement_Conversation_1A_NPCEnd_3,哇哦哇哦，放松放松，嘿，你为什么不去走走呢？
QuestLoc_FriendlySettlement_Conversation_1A_NPCStart_1,嘿，伙计！欢迎来到这附近最酷的定居点。
QuestLoc_FriendlySettlement_Conversation_1A_NPCStart_2,我们管事，其他人只能发傻，你们是来挖东西的？
QuestLoc_FriendlySettlement_Conversation_1A_Team_1,我们“挖”的就只有土而已，用铲子挖。因为“挖”本身就只有这个意思。
QuestLoc_FriendlySettlement_Conversation_1A_Team_2,我们不是一板一眼的人，我们和风一样酷。
QuestLoc_FriendlySettlement_Conversation_1A_Team_3,你们这些白痴，这个定居点就被你们这么毁了。
QuestLoc_FriendlySettlement_Conversation_1B_NPCEnd_1,行了行了，我们知道了，不来惹我们，我们就不会来惹你。
QuestLoc_FriendlySettlement_Conversation_1B_NPCEnd_2,哈！你挺好的，光皮肤。给你，拿着这个。
QuestLoc_FriendlySettlement_Conversation_1B_NPCEnd_3,我们不是僵尸。快离开这！
QuestLoc_FriendlySettlement_Conversation_1B_NPCStart_1,嘿，光皮肤！我们不认为你可以做到。
QuestLoc_FriendlySettlement_Conversation_1B_NPCStart_2,并没有多少人愿意待在我们这种尸鬼运营的定居点附近。
QuestLoc_FriendlySettlement_Conversation_1B_Team_1,保持距离好么，尸鬼，这样就没什么问题了。
QuestLoc_FriendlySettlement_Conversation_1B_Team_2,嘿，总是说“尸鬼很酷”，你知道我们是什么意思吗？
QuestLoc_FriendlySettlement_Conversation_1B_Team_3,啊！僵尸！
QuestLoc_FriendlySettlement_Conversation_1C_NPCEnd_1,一个图书馆里的定居点！你在里面的时候必须保持安静。
QuestLoc_FriendlySettlement_Conversation_1C_NPCEnd_2,很好，你的表现令人满意。
QuestLoc_FriendlySettlement_Conversation_1C_NPCEnd_3,我讨厌你，非常讨厌。
QuestLoc_FriendlySettlement_Conversation_1C_NPCStart_1,嘘！声音小点，这里可是图书馆！
QuestLoc_FriendlySettlement_Conversation_1C_Team_1,别人告诉我们这里是一个定居点。
QuestLoc_FriendlySettlement_Conversation_1C_Team_2,（保持安静）
QuestLoc_FriendlySettlement_Conversation_1C_Team_3,什！么！？我！们！听！不！到！你！说！话！因！为！我！们！这！里！太！吵！了！
QuestLoc_FriendlySettlement_Conversation_1D_NPCEnd_1,嘿，我们知道了，但是我们现在是好人了，真的。
QuestLoc_FriendlySettlement_Conversation_1D_NPCEnd_2,这个……虽说并不是很有趣，但是很干净，感谢你的理解，拿上这个吧。
QuestLoc_FriendlySettlement_Conversation_1D_NPCEnd_3,我觉得我们都算是幸运的，请原谅我们。
QuestLoc_FriendlySettlement_Conversation_1D_NPCStart_1,嘿，居民们，不需要惊慌，我们不是掠夺者了，我们已经退休了。
QuestLoc_FriendlySettlement_Conversation_1D_NPCStart_2,我们当中许多人都决定过正常人的生活了。
QuestLoc_FriendlySettlement_Conversation_1D_Team_1,把你的手放在我们能看到的地方。
QuestLoc_FriendlySettlement_Conversation_1D_Team_2,很好！正常人的生活总比抢别人东西要好！
QuestLoc_FriendlySettlement_Conversation_1D_Team_3,你应该值得庆幸我们来这里不是为了杀你。
QuestLoc_FriendlySettlement_Conversation_2A_NPCEnd_1,很正直，这是我个人最喜欢的东西之一，下次再来抓你们！
QuestLoc_FriendlySettlement_Conversation_2A_NPCEnd_2,哦，我听说了，骄傲地穿上吧！
QuestLoc_FriendlySettlement_Conversation_2A_NPCEnd_3,我听说过，哎嘿，我听说过，干得好。
QuestLoc_FriendlySettlement_Conversation_2A_NPCEnd_4,如果我们可以让一部分动起来的话，赞。
QuestLoc_FriendlySettlement_Conversation_2A_NPCStart_1,避难所居民？在我们小小的家乡尽情的玩闹？
QuestLoc_FriendlySettlement_Conversation_2A_NPCStart_2,你们这些居民都很棒，所以我们打算与你们做些交易，行吗？
QuestLoc_FriendlySettlement_Conversation_2A_NPCStart_3,我们可以送你一些东西，不过你必须得选择，或者放弃。
QuestLoc_FriendlySettlement_Conversation_2A_Team_1,我们可以使用一些武器。
QuestLoc_FriendlySettlement_Conversation_2A_Team_2,我们需要新的服装，越时髦的越好。
QuestLoc_FriendlySettlement_Conversation_2A_Team_3,我们不介意来点提神的饮料。
QuestLoc_FriendlySettlement_Conversation_2A_Team_4,来些垃圾吧？我觉得那些不错。
QuestLoc_FriendlySettlement_Conversation_2B_NPCEnd_1,没问题，这是我们这里有的。
QuestLoc_FriendlySettlement_Conversation_2B_NPCEnd_2,给你。
QuestLoc_FriendlySettlement_Conversation_2B_NPCEnd_3,这些是我们能够给你的。
QuestLoc_FriendlySettlement_Conversation_2B_NPCEnd_4,听上去不错，光皮肤。
QuestLoc_FriendlySettlement_Conversation_2B_NPCStart_1,放轻松，光皮肤，我们看上去确实不怎么友善，但是我们没有恶意。
QuestLoc_FriendlySettlement_Conversation_2B_NPCStart_2,很高兴能和你们避难所交易，我们有礼物要送给你们。
QuestLoc_FriendlySettlement_Conversation_2B_NPCStart_3,你们需要点什么？
QuestLoc_FriendlySettlement_Conversation_2B_Team_1,武器，所有能用到的武器。
QuestLoc_FriendlySettlement_Conversation_2B_Team_2,我们需要一些服装，一些时髦的服装。
QuestLoc_FriendlySettlement_Conversation_2B_Team_3,如果有的话，药最好了。
QuestLoc_FriendlySettlement_Conversation_2B_Team_4,生产原料，你们有的垃圾统统给我们。
QuestLoc_FriendlySettlement_Conversation_2C_NPCEnd_1,我觉得我有些东西能派上用场。
QuestLoc_FriendlySettlement_Conversation_2C_NPCEnd_2,好吧，那这个呢？
QuestLoc_FriendlySettlement_Conversation_2C_NPCEnd_3,这个，送给你了。
QuestLoc_FriendlySettlement_Conversation_2C_NPCEnd_4,那就给你吧。
QuestLoc_FriendlySettlement_Conversation_2C_NPCStart_1,很高兴你做到了，这个据点专门是用来保存书籍的。
QuestLoc_FriendlySettlement_Conversation_2C_NPCStart_2,不过我们知道有一个避难所，那里不仅仅是追求知识。
QuestLoc_FriendlySettlement_Conversation_2C_NPCStart_3,我们很高兴能够帮上你的忙，你想要些什么？
QuestLoc_FriendlySettlement_Conversation_2C_Team_1,这里有武器吗？
QuestLoc_FriendlySettlement_Conversation_2C_Team_2,我们需要一些新的服装。
QuestLoc_FriendlySettlement_Conversation_2C_Team_3,有医疗物资吗？
QuestLoc_FriendlySettlement_Conversation_2C_Team_4,介不介意给我们一些生产用的垃圾。
QuestLoc_FriendlySettlement_Conversation_2D_NPCEnd_1,哈！这个怎么样？这可是非常好的东西。
QuestLoc_FriendlySettlement_Conversation_2D_NPCEnd_2,嗯哼，我觉得这东西给你不错。
QuestLoc_FriendlySettlement_Conversation_2D_NPCEnd_3,居家旅行必备良药！给你。
QuestLoc_FriendlySettlement_Conversation_2D_NPCEnd_4,嗯，我想我应该有一些。
QuestLoc_FriendlySettlement_Conversation_2D_NPCStart_1,我有时候会怀念烧杀抢掠的时光，带领着一个小队一走就是好几年的日子。
QuestLoc_FriendlySettlement_Conversation_2D_NPCStart_2,但是这个定居点让我感觉很好，而我们现在非常善于贸易。谁会猜到结局会是这样？
QuestLoc_FriendlySettlement_Conversation_2D_NPCStart_3,我很乐意把一些旧的东西送给你们。
QuestLoc_FriendlySettlement_Conversation_2D_Team_1,有武器吗？
QuestLoc_FriendlySettlement_Conversation_2D_Team_2,有什么服装吗？
QuestLoc_FriendlySettlement_Conversation_2D_Team_3,治疗针，如果你们有的话。
QuestLoc_FriendlySettlement_Conversation_2D_Team_4,有垃圾吗？我们需要生产一些东西。
QuestLoc_FriendlySettlement_QuestLongDescription,一个附近的定居点想要我们前去参观，不知道发生了什么事？
QuestLoc_FriendlySettlement_QuestName,友好的定居点！
QuestLoc_FriendlySettlement_QuestObjective_1,与定居者交谈。
QuestLoc_FriendlySettlement_QuestObjective_2,与定居者交谈。
QuestLoc_FriendlySettlement_QuestShortDescription,派遣居民前往附近的定居点提供帮助。
QuestLoc_GameofVaults_Conversation_1_NPCEnd_1,呃……好吧，不管怎么样，我们先去了再说……
QuestLoc_GameofVaults_Conversation_1_NPCStart_1,谢谢，伙计，你真是救了我的命！我差点就成为死亡爪的盘中餐了！
QuestLoc_GameofVaults_Conversation_1_Team_1,听着！我，才是你们的救世主，跟随我，我会带领你们离开这个鬼地方的。
QuestLoc_GameofVaults_QuestLongDescription,听着听着！一头残暴且恶心的野兽威胁着这片土地上的人们，我们得跟随它到巢穴，然后干掉它。
QuestLoc_GameofVaults_QuestName,避难所游戏
QuestLoc_GameofVaults_QuestObjective_1,杀死死亡爪。
QuestLoc_GameofVaults_QuestObjective_2,找到宝藏。
QuestLoc_GameofVaults_QuestObjective_3,拯救公主。
QuestLoc_GameofVaults_QuestShortDescription,杀死巨龙（死亡爪）。
QuestLoc_GameShowGauntletA_Conversation_1_NPCEnd_1,当然！就算是你也可以搞定。
QuestLoc_GameShowGauntletA_Conversation_1_NPCEnd_2,戴夫是……对的！我们喜欢简单的开始。
QuestLoc_GameShowGauntletA_Conversation_1_NPCEnd_3,你是对的！除了戴夫还能有谁呢？
QuestLoc_GameShowGauntletA_Conversation_1_NPCEnd_4,什么？你是白痴吗？是时候……丢掉你的脑袋了！
QuestLoc_GameShowGauntletA_Conversation_1_NPCStart_1,欢迎来到丢掉你的脑袋！
QuestLoc_GameShowGauntletA_Conversation_1_NPCStart_2,答题正确后可以赢得瓶盖。
QuestLoc_GameShowGauntletA_Conversation_1_NPCStart_3,答错了就……丢掉你的脑袋！
QuestLoc_GameShowGauntletA_Conversation_1_NPCStart_4,这个戴夫共和国的疯子领导是谁？
QuestLoc_GameShowGauntletA_Conversation_1_Team_1,呃……戴夫吗？
QuestLoc_GameShowGauntletA_Conversation_1_Team_2,我刚想说是戴夫。
QuestLoc_GameShowGauntletA_Conversation_1_Team_3,肯定是戴夫吧。
QuestLoc_GameShowGauntletA_Conversation_1_Team_4,布鲁斯。
QuestLoc_GameShowGauntletA_Conversation_2_NPCEnd_1,错啦！恐怕你必须……丢掉你的脑袋！
QuestLoc_GameShowGauntletA_Conversation_2_NPCEnd_2,BINGO！答对了。
QuestLoc_GameShowGauntletA_Conversation_2_NPCEnd_3,错啦！恐怕你必须……丢掉你的脑袋！
QuestLoc_GameShowGauntletA_Conversation_2_NPCEnd_4,啊，太糟了。猜你得……丢掉你的脑袋！
QuestLoc_GameShowGauntletA_Conversation_2_NPCStart_1,我们来到了第二轮。
QuestLoc_GameShowGauntletA_Conversation_2_NPCStart_2,铆钉城在战前是什么？
QuestLoc_GameShowGauntletA_Conversation_2_Team_1,战舰。
QuestLoc_GameShowGauntletA_Conversation_2_Team_2,航空母舰。
QuestLoc_GameShowGauntletA_Conversation_2_Team_3,铸铁厂。
QuestLoc_GameShowGauntletA_Conversation_2_Team_4,废铜烂铁？一堆洞的那种？我不知道！
QuestLoc_GameShowGauntletA_Conversation_3_NPCEnd_1,没错！你可以进入下一轮了。
QuestLoc_GameShowGauntletA_Conversation_3_NPCEnd_2,哦！就差一点。好吧，其实差得远。现在是时候……丢了脑袋！
QuestLoc_GameShowGauntletA_Conversation_3_NPCEnd_3,错得不能再错了。现在你得……丢了脑袋！
QuestLoc_GameShowGauntletA_Conversation_3_NPCEnd_4,哇。你玩这个游戏真的很差劲。你得……丢了脑袋！
QuestLoc_GameShowGauntletA_Conversation_3_NPCStart_1,第三轮时间到……丢了脑袋！
QuestLoc_GameShowGauntletA_Conversation_3_NPCStart_2,莎拉·里昂是什么组织的成员？
QuestLoc_GameShowGauntletA_Conversation_3_Team_1,钢铁兄弟会。
QuestLoc_GameShowGauntletA_Conversation_3_Team_2,义勇军。
QuestLoc_GameShowGauntletA_Conversation_3_Team_3,英克雷。
QuestLoc_GameShowGauntletA_Conversation_3_Team_4,动物管理员协会？
QuestLoc_GameShowGauntletA_Conversation_4_NPCEnd_1,哦，就差一点。但大错特错。该……丢了脑袋！
QuestLoc_GameShowGauntletA_Conversation_4_NPCEnd_2,我不知道那是谁。所以……丢了脑袋！
QuestLoc_GameShowGauntletA_Conversation_4_NPCEnd_3,太棒了！你答对了！你赢得了……丢了脑袋！
QuestLoc_GameShowGauntletA_Conversation_4_NPCEnd_4,嘿！不许提家人。就为这个……丢了脑袋！
QuestLoc_GameShowGauntletA_Conversation_4_NPCStart_1,那么，最终回合。
QuestLoc_GameShowGauntletA_Conversation_4_NPCStart_2,谁被困在了崔尼帝塔的屋顶？
QuestLoc_GameShowGauntletA_Conversation_4_Team_1,乔治·库珀。
QuestLoc_GameShowGauntletA_Conversation_4_Team_2,比尔·萨顿。
QuestLoc_GameShowGauntletA_Conversation_4_Team_3,雷克斯·古德曼。
QuestLoc_GameShowGauntletA_Conversation_4_Team_4,你的母亲。
QuestLoc_GameShowGauntletA_QuestLongDescription,你被邀请来玩“丢了脑袋”了！回答问题，否则……
QuestLoc_GameShowGauntletA_QuestName,游戏内容大挑战
QuestLoc_GameShowGauntletA_QuestObjective_1,回答所有问题。
QuestLoc_GameShowGauntletA_QuestShortDescription,进行游戏获得胜利！
QuestLoc_GameShowGauntletB_Conversation_1_NPCEnd_1,错啦！恐怕你得……丢掉脑袋！
QuestLoc_GameShowGauntletB_Conversation_1_NPCEnd_2,哦！差远了。看来你得……丢掉脑袋！
QuestLoc_GameShowGauntletB_Conversation_1_NPCEnd_3,Bingo！答~~~对了，莱特！
QuestLoc_GameShowGauntletB_Conversation_1_NPCEnd_4,从没听说过。但你还是要……丢掉脑袋！
QuestLoc_GameShowGauntletB_Conversation_1_NPCStart_1,欢迎来到《丢掉脑袋》！
QuestLoc_GameShowGauntletB_Conversation_1_NPCStart_2,答题正确后可以赢得瓶盖。
QuestLoc_GameShowGauntletB_Conversation_1_NPCStart_3,答错了的话……就丢掉脑袋！
QuestLoc_GameShowGauntletB_Conversation_1_NPCStart_4,在钻石城，谁是最出名记者？
QuestLoc_GameShowGauntletB_Conversation_1_Team_1,特拉维斯·迈尔斯。
QuestLoc_GameShowGauntletB_Conversation_1_Team_2,瓦蒂姆·播布罗夫。
QuestLoc_GameShowGauntletB_Conversation_1_Team_3,派普·莱特。
QuestLoc_GameShowGauntletB_Conversation_1_Team_4,沃尔特·克朗凯特？
QuestLoc_GameShowGauntletB_Conversation_2_NPCEnd_1,接近了，但还不对。该……丢掉脑袋了！
QuestLoc_GameShowGauntletB_Conversation_2_NPCEnd_2,嗯……不对。你得……丢掉脑袋！
QuestLoc_GameShowGauntletB_Conversation_2_NPCEnd_3,很狡猾的题目，但是你答对了！
QuestLoc_GameShowGauntletB_Conversation_2_NPCEnd_4,什么？你是白痴吗？接着……丢掉脑袋吧！
QuestLoc_GameShowGauntletB_Conversation_2_NPCStart_1,我们进入了第二轮。
QuestLoc_GameShowGauntletB_Conversation_2_NPCStart_2,谁是核弹镇的警长？
QuestLoc_GameShowGauntletB_Conversation_2_Team_1,卢卡·希幕斯(Luca Sims)。
QuestLoc_GameShowGauntletB_Conversation_2_Team_2,卢卡斯·希幕斯(Lucas Sims)。
QuestLoc_GameShowGauntletB_Conversation_2_Team_3,卢卡斯·希姆斯(Lucas Simms)。
QuestLoc_GameShowGauntletB_Conversation_2_Team_4,孩子王比利。
QuestLoc_GameShowGauntletB_Conversation_3_NPCEnd_1,没错！你可以进入下一轮了。
QuestLoc_GameShowGauntletB_Conversation_3_NPCEnd_2,大错特错！是时候……失去你的脑袋！
QuestLoc_GameShowGauntletB_Conversation_3_NPCEnd_3,正确！开玩笑的。现在你得……失去你的脑袋！
QuestLoc_GameShowGauntletB_Conversation_3_NPCEnd_4,传奇级别的错误答案。你将……失去你的脑袋！
QuestLoc_GameShowGauntletB_Conversation_3_NPCStart_1,第三轮时间到……失去你的脑袋！
QuestLoc_GameShowGauntletB_Conversation_3_NPCStart_2,哪种致命的生物潜伏在塞勒姆巫术博物馆中？
QuestLoc_GameShowGauntletB_Conversation_3_Team_1,死亡爪。
QuestLoc_GameShowGauntletB_Conversation_3_Team_2,超级变种巨兽。
QuestLoc_GameShowGauntletB_Conversation_3_Team_3,泥沼蟹王。
QuestLoc_GameShowGauntletB_Conversation_3_Team_4,传说级辐射蟑螂？
QuestLoc_GameShowGauntletB_Conversation_4_NPCEnd_1,你得多出去走走。是时候……失去你的脑袋！
QuestLoc_GameShowGauntletB_Conversation_4_NPCEnd_2,猜得好，但不对。所以……失去你的脑袋！
QuestLoc_GameShowGauntletB_Conversation_4_NPCEnd_3,太棒了！你答对了！你赢了……失去你的脑袋！
QuestLoc_GameShowGauntletB_Conversation_4_NPCEnd_4,他是条狗。你的狗。就冲这个……失去你的脑袋！
QuestLoc_GameShowGauntletB_Conversation_4_NPCStart_1,那么，最终回合。
QuestLoc_GameShowGauntletB_Conversation_4_NPCStart_2,谁是银河新闻电台的DJ？
QuestLoc_GameShowGauntletB_Conversation_4_Team_1,狗人。
QuestLoc_GameShowGauntletB_Conversation_4_Team_2,大狗。
QuestLoc_GameShowGauntletB_Conversation_4_Team_3,三狗。
QuestLoc_GameShowGauntletB_Conversation_4_Team_4,狗肉。
QuestLoc_GameShowGauntletB_QuestLongDescription,你受邀参加《失去你的脑袋》！回答问题，否则……
QuestLoc_GameShowGauntletB_QuestName,游戏内容大挑战
QuestLoc_GameShowGauntletB_QuestObjective_1,回答所有问题。
QuestLoc_GameShowGauntletB_QuestShortDescription,进行游戏获得胜利！
QuestLoc_GameShowGauntletC_Conversation_1_NPCEnd_1,想得美。你将……丢掉脑袋！
QuestLoc_GameShowGauntletC_Conversation_1_NPCEnd_2,差一点，可惜还是错了。现在……丢掉脑袋！
QuestLoc_GameShowGauntletC_Conversation_1_NPCEnd_3,你赢了！那么，进入下一回合。
QuestLoc_GameShowGauntletC_Conversation_1_NPCEnd_4,听起来像本引人入胜的书，但答案不对。该……丢掉脑袋了！
QuestLoc_GameShowGauntletC_Conversation_1_NPCStart_1,欢迎来到“丢掉脑袋”！
QuestLoc_GameShowGauntletC_Conversation_1_NPCStart_2,答题正确后可以赢得瓶盖。
QuestLoc_GameShowGauntletC_Conversation_1_NPCStart_3,答错了就要……丢掉脑袋！
QuestLoc_GameShowGauntletC_Conversation_1_NPCStart_4,莫伊拉想要写什么书？
QuestLoc_GameShowGauntletC_Conversation_1_Team_1,《辐射蟑螂全解》。
QuestLoc_GameShowGauntletC_Conversation_1_Team_2,《如何在废土生活》。
QuestLoc_GameShowGauntletC_Conversation_1_Team_3,《废土生存指南》。
QuestLoc_GameShowGauntletC_Conversation_1_Team_4,《战争与和平》。
QuestLoc_GameShowGauntletC_Conversation_2_NPCEnd_1,答对了！你肯定很了解她。
QuestLoc_GameShowGauntletC_Conversation_2_NPCEnd_2,啊哦！这会很疼。你将……丢掉脑袋！
QuestLoc_GameShowGauntletC_Conversation_2_NPCEnd_3,错了，大错特错。让我们……丢掉脑袋！
QuestLoc_GameShowGauntletC_Conversation_2_NPCEnd_4,俗话说，人头落地。首先……丢掉脑袋！
QuestLoc_GameShowGauntletC_Conversation_2_NPCStart_1,我们来到了第二轮。
QuestLoc_GameShowGauntletC_Conversation_2_NPCStart_2,莫伊拉的姓是什么？
QuestLoc_GameShowGauntletC_Conversation_2_Team_1,布朗。
QuestLoc_GameShowGauntletC_Conversation_2_Team_2,麦金太尔。
QuestLoc_GameShowGauntletC_Conversation_2_Team_3,别逗了，她没有姓。
QuestLoc_GameShowGauntletC_Conversation_2_Team_4,我从来没去想过这种事情。
QuestLoc_GameShowGauntletC_Conversation_3_NPCEnd_1,除非他们拿农民当肉卖。该……丢掉脑袋了！
QuestLoc_GameShowGauntletC_Conversation_3_NPCEnd_2,我会去那儿购物，但她没有。你必须……丢掉脑袋！
QuestLoc_GameShowGauntletC_Conversation_3_NPCEnd_3,我至今听到的，最无敌的回答！
QuestLoc_GameShowGauntletC_Conversation_3_NPCEnd_4,哈哈！散养斑马有人要吗？你必须……丢掉脑袋！
QuestLoc_GameShowGauntletC_Conversation_3_NPCStart_1,欢迎来到《丢掉脑袋！》第三轮！
QuestLoc_GameShowGauntletC_Conversation_3_NPCStart_2,莫伊拉让独行者去什么店找食物了？
QuestLoc_GameShowGauntletC_Conversation_3_Team_1,农夫市场。
QuestLoc_GameShowGauntletC_Conversation_3_Team_2,大牌商场。
QuestLoc_GameShowGauntletC_Conversation_3_Team_3,大无敌超市。
QuestLoc_GameShowGauntletC_Conversation_3_Team_4,动物园？
QuestLoc_GameShowGauntletC_Conversation_4_NPCEnd_1,大错特错。砰！那就是你丢掉脑袋之后的样子……
QuestLoc_GameShowGauntletC_Conversation_4_NPCEnd_2,Bingo！答对了，她从来都没有把独行者送到哪里去。
QuestLoc_GameShowGauntletC_Conversation_4_NPCEnd_3,嗡！错了。看来你要……丢掉脑袋！
QuestLoc_GameShowGauntletC_Conversation_4_NPCEnd_4,就像一个不听话的孩子，即将……丢掉脑袋！
QuestLoc_GameShowGauntletC_Conversation_4_NPCStart_1,那么，最终回合。
QuestLoc_GameShowGauntletC_Conversation_4_NPCStart_2,莫伊拉没有把独行者送到哪里去过？
QuestLoc_GameShowGauntletC_Conversation_4_Team_1,雷区。
QuestLoc_GameShowGauntletC_Conversation_4_Team_2,核子可乐工厂
QuestLoc_GameShowGauntletC_Conversation_4_Team_3,测试赶畜棒的下水道。
QuestLoc_GameShowGauntletC_Conversation_4_Team_4,不吃饭就回去睡了。
QuestLoc_GameShowGauntletC_QuestLongDescription,你被邀请参加《丢掉脑袋！》了！回答问题，否则……
QuestLoc_GameShowGauntletC_QuestName,游戏内容大挑战
QuestLoc_GameShowGauntletC_QuestObjective_1,回答所有问题。
QuestLoc_GameShowGauntletC_QuestShortDescription,进行游戏获得胜利！
QuestLoc_GameShowGauntletD_Conversation_1_NPCEnd_1,哦！希望你的脖子有装甲，因为你就要……丢掉脑袋！
QuestLoc_GameShowGauntletD_Conversation_1_NPCEnd_2,没错！那些东西是怎么回事我们永远不会知道。
QuestLoc_GameShowGauntletD_Conversation_1_NPCEnd_3,错，错，错。看来你得……丢掉脑袋！
QuestLoc_GameShowGauntletD_Conversation_1_NPCEnd_4,哈，哈！搞笑艺人，你马上就要……丢掉你的脑袋了！
QuestLoc_GameShowGauntletD_Conversation_1_NPCStart_1,欢迎来到丢掉你的脑袋！
QuestLoc_GameShowGauntletD_Conversation_1_NPCStart_2,答题正确后可以赢得瓶盖。
QuestLoc_GameShowGauntletD_Conversation_1_NPCStart_3,答错了的话……就会丢掉你的脑袋！
QuestLoc_GameShowGauntletD_Conversation_1_NPCStart_4,钢铁兄弟会是怎么到达联邦的？
QuestLoc_GameShowGauntletD_Conversation_1_Team_1,坐着一列装甲火车。
QuestLoc_GameShowGauntletD_Conversation_1_Team_2,坐飞空艇。
QuestLoc_GameShowGauntletD_Conversation_1_Team_3,坐航空母舰。
QuestLoc_GameShowGauntletD_Conversation_1_Team_4,骑驴子，一大群驴子。
QuestLoc_GameShowGauntletD_Conversation_2_NPCEnd_1,他在那儿，但不止他一个。所以你不得不……丢掉你的脑袋！
QuestLoc_GameShowGauntletD_Conversation_2_NPCEnd_2,她做了，但不止她一个。是时候……丢掉你的脑袋了！
QuestLoc_GameShowGauntletD_Conversation_2_NPCEnd_3,没错！他们两个都在。
QuestLoc_GameShowGauntletD_Conversation_2_NPCEnd_4,那根本没道理。来吧……丢掉你的脑袋！
QuestLoc_GameShowGauntletD_Conversation_2_NPCStart_1,我们进入第二轮了。
QuestLoc_GameShowGauntletD_Conversation_2_NPCStart_2,钢铁兄弟会的哪几个成员在剑桥警察局待了下来？
QuestLoc_GameShowGauntletD_Conversation_2_Team_1,圣骑士丹斯。
QuestLoc_GameShowGauntletD_Conversation_2_Team_2,海伦学士。
QuestLoc_GameShowGauntletD_Conversation_2_Team_3,圣骑士丹斯和海伦学士。
QuestLoc_GameShowGauntletD_Conversation_2_Team_4,一头驴。
QuestLoc_GameShowGauntletD_Conversation_3_NPCEnd_1,没错！你可以进入下一轮了。
QuestLoc_GameShowGauntletD_Conversation_3_NPCEnd_2,也不尽然。但现在你可以……丢掉你的脑袋！
QuestLoc_GameShowGauntletD_Conversation_3_NPCEnd_3,他们想得美！但相反，你就要……丢掉你的脑袋！
QuestLoc_GameShowGauntletD_Conversation_3_NPCEnd_4,你跟驴子到底什么关系？现在你要……丢掉你的脑袋了！
QuestLoc_GameShowGauntletD_Conversation_3_NPCStart_1,第3轮即将开始……丢掉你的头！
QuestLoc_GameShowGauntletD_Conversation_3_NPCStart_2,钢铁兄弟会的许多成员都在使用什么高科技？
QuestLoc_GameShowGauntletD_Conversation_3_Team_1,动力装甲。
QuestLoc_GameShowGauntletD_Conversation_3_Team_2,高斯步枪。
QuestLoc_GameShowGauntletD_Conversation_3_Team_3,机器人。
QuestLoc_GameShowGauntletD_Conversation_3_Team_4,装甲驴。
QuestLoc_GameShowGauntletD_Conversation_4_NPCEnd_1,哦，差一点。但大错特错。是时候……丢掉你的头！
QuestLoc_GameShowGauntletD_Conversation_4_NPCEnd_2,我不知道那是什么。所以……丢掉你的头！
QuestLoc_GameShowGauntletD_Conversation_4_NPCEnd_3,太棒了！你答对了！你赢得了……丢掉你的头！
QuestLoc_GameShowGauntletD_Conversation_4_NPCEnd_4,我受够了驴子笑话。丢掉你的头！
QuestLoc_GameShowGauntletD_Conversation_4_NPCStart_1,那么，最终回合。
QuestLoc_GameShowGauntletD_Conversation_4_NPCStart_2,钢铁兄弟会在大核融合厂总部寻找什么？
QuestLoc_GameShowGauntletD_Conversation_4_Team_1,超级核弹。
QuestLoc_GameShowGauntletD_Conversation_4_Team_2,铍振荡器。
QuestLoc_GameShowGauntletD_Conversation_4_Team_3,自由先锋的头。
QuestLoc_GameShowGauntletD_Conversation_4_Team_4,一头驴。
QuestLoc_GameShowGauntletD_QuestLongDescription,你被邀请来玩丢掉你的头！回答问题否则……
QuestLoc_GameShowGauntletD_QuestName,游戏内容大挑战
QuestLoc_GameShowGauntletD_QuestObjective_1,回答所有问题。
QuestLoc_GameShowGauntletD_QuestShortDescription,进行游戏获得胜利！
QuestLoc_GameShowGauntletE_Conversation_1_NPCEnd_1,通灵？才不是！现在我要看着你……丢掉你的头！
QuestLoc_GameShowGauntletE_Conversation_1_NPCEnd_2,他连现在都预测不到！所以你得……丢掉你的头！
QuestLoc_GameShowGauntletE_Conversation_1_NPCEnd_3,你赢了！她虽然很奇怪，但是她是通灵的。
QuestLoc_GameShowGauntletE_Conversation_1_NPCEnd_4,我猜你是不相信要留着脑袋。丢掉你的头！
QuestLoc_GameShowGauntletE_Conversation_1_NPCStart_1,欢迎来到《丢掉脑袋》！
QuestLoc_GameShowGauntletE_Conversation_1_NPCStart_2,答题正确后可以赢得瓶盖。
QuestLoc_GameShowGauntletE_Conversation_1_NPCStart_3,答错了就会……丢掉脑袋！
QuestLoc_GameShowGauntletE_Conversation_1_NPCStart_4,和义勇军在一起的那个灵媒是谁？
QuestLoc_GameShowGauntletE_Conversation_1_Team_1,斯特吉斯。
QuestLoc_GameShowGauntletE_Conversation_1_Team_2,普雷斯顿·嘉维。
QuestLoc_GameShowGauntletE_Conversation_1_Team_3,墨菲老妈。
QuestLoc_GameShowGauntletE_Conversation_1_Team_4,我不相信灵媒这种东西。
QuestLoc_GameShowGauntletE_Conversation_2_NPCEnd_1,该死！你说对了。我真想看你丢掉脑袋。
QuestLoc_GameShowGauntletE_Conversation_2_NPCEnd_2,大错特错。现在你要……丢掉脑袋！
QuestLoc_GameShowGauntletE_Conversation_2_NPCEnd_3,那些蠢货连空地都占不了。是时候……丢掉脑袋！
QuestLoc_GameShowGauntletE_Conversation_2_NPCEnd_4,真的吗？这就是你的答案？唉。我看你只能……丢掉脑袋！
QuestLoc_GameShowGauntletE_Conversation_2_NPCStart_1,我们进入第二轮了。
QuestLoc_GameShowGauntletE_Conversation_2_NPCStart_2,哪个军事集团在净水工程启动之前就把它占据了？
QuestLoc_GameShowGauntletE_Conversation_2_Team_1,英克雷。
QuestLoc_GameShowGauntletE_Conversation_2_Team_2,钢铁兄弟会。
QuestLoc_GameShowGauntletE_Conversation_2_Team_3,超级变种人团队。
QuestLoc_GameShowGauntletE_Conversation_2_Team_4,理发店F4。
QuestLoc_GameShowGauntletE_Conversation_3_NPCEnd_1,哦！是汤姆，不是泰德。等你……丢掉脑袋时，人头滚滚！
QuestLoc_GameShowGauntletE_Conversation_3_NPCEnd_2,小提米？我不这么认为。就凭这个……丢掉脑袋！
QuestLoc_GameShowGauntletE_Conversation_3_NPCEnd_3,没错就是汤姆！你连连获胜啊。
QuestLoc_GameShowGauntletE_Conversation_3_NPCEnd_4,你真的很不擅长这个。所以现在你必须……丢掉你的脑袋！
QuestLoc_GameShowGauntletE_Conversation_3_NPCStart_1,第三轮开始……丢掉你的脑袋！
QuestLoc_GameShowGauntletE_Conversation_3_NPCStart_2,谁是铁路集团里的疯子机械师？
QuestLoc_GameShowGauntletE_Conversation_3_Team_1,廷克·泰德。
QuestLoc_GameShowGauntletE_Conversation_3_Team_2,廷克·蒂姆。
QuestLoc_GameShowGauntletE_Conversation_3_Team_3,廷克·汤姆。
QuestLoc_GameShowGauntletE_Conversation_3_Team_4,机械师麦克。
QuestLoc_GameShowGauntletE_Conversation_4_NPCEnd_1,他确实恨他们，但这还是不对。你要……丢掉你的脑袋！
QuestLoc_GameShowGauntletE_Conversation_4_NPCEnd_2,答对了！就是那个！
QuestLoc_GameShowGauntletE_Conversation_4_NPCEnd_3,很高，但没挡他的路。所以你要……丢掉你的脑袋！
QuestLoc_GameShowGauntletE_Conversation_4_NPCEnd_4,没人喜欢糟糕的发型。你的头发会消失，当你……丢掉你的脑袋！
QuestLoc_GameShowGauntletE_Conversation_4_NPCStart_1,那么，最终回合。
QuestLoc_GameShowGauntletE_Conversation_4_NPCStart_2,阿里斯泰尔·特佩尼最想除掉的眼中钉是什么？
QuestLoc_GameShowGauntletE_Conversation_4_Team_1,尸鬼。
QuestLoc_GameShowGauntletE_Conversation_4_Team_2,核弹镇。
QuestLoc_GameShowGauntletE_Conversation_4_Team_3,华盛顿纪念碑。
QuestLoc_GameShowGauntletE_Conversation_4_Team_4,乱头发。
QuestLoc_GameShowGauntletE_QuestLongDescription,你被邀请来玩《丢掉你的脑袋》！回答问题，否则……
QuestLoc_GameShowGauntletE_QuestName,游戏内容大挑战
QuestLoc_GameShowGauntletE_QuestObjective_1,回答所有问题。
QuestLoc_GameShowGauntletE_QuestShortDescription,进行游戏获得胜利！
QuestLoc_GameShowGauntletF_Conversation_1_NPCEnd_1,那些孩子？差远了。这意味着你……丢掉你的脑袋！
QuestLoc_GameShowGauntletF_Conversation_1_NPCEnd_2,没那么多。但现在我要看着你……丢掉你的脑袋！
QuestLoc_GameShowGauntletF_Conversation_1_NPCEnd_3,胜者产生了！真是不容易。
QuestLoc_GameShowGauntletF_Conversation_1_NPCEnd_4,从没听说过。不管怎样，你马上要……丢掉你的脑袋！
QuestLoc_GameShowGauntletF_Conversation_1_NPCStart_1,欢迎来到《丢掉脑袋》！
QuestLoc_GameShowGauntletF_Conversation_1_NPCStart_2,答题正确后可以赢得瓶盖。
QuestLoc_GameShowGauntletF_Conversation_1_NPCStart_3,答错了就……丢掉脑袋！
QuestLoc_GameShowGauntletF_Conversation_1_NPCStart_4,在首都废土的军事组织是什么人？
QuestLoc_GameShowGauntletF_Conversation_1_Team_1,小灯镇的人。
QuestLoc_GameShowGauntletF_Conversation_1_Team_2,莱利的游骑兵。
QuestLoc_GameShowGauntletF_Conversation_1_Team_3,鹰爪公司。
QuestLoc_GameShowGauntletF_Conversation_1_Team_4,暴徒群体。
QuestLoc_GameShowGauntletF_Conversation_2_NPCEnd_1,绝对没有。意思是你要……丢掉脑袋！
QuestLoc_GameShowGauntletF_Conversation_2_NPCEnd_2,BINGO！答对了。
QuestLoc_GameShowGauntletF_Conversation_2_NPCEnd_3,他们原本可以的！但现在你必须……丢掉脑袋！
QuestLoc_GameShowGauntletF_Conversation_2_NPCEnd_4,集中注意力。你跑题了。现在你要……丢掉脑袋！
QuestLoc_GameShowGauntletF_Conversation_2_NPCStart_1,我们来到了第二轮。
QuestLoc_GameShowGauntletF_Conversation_2_NPCStart_2,什么组织创造了合成人？
QuestLoc_GameShowGauntletF_Conversation_2_Team_1,钢铁兄弟会。
QuestLoc_GameShowGauntletF_Conversation_2_Team_2,学院。
QuestLoc_GameShowGauntletF_Conversation_2_Team_3,铁路。
QuestLoc_GameShowGauntletF_Conversation_2_Team_4,合成人！我讨厌合成人！
QuestLoc_GameShowGauntletF_Conversation_3_NPCEnd_1,没错！他想要雕像的头。
QuestLoc_GameShowGauntletF_Conversation_3_NPCEnd_2,总统猜错了。但你可以……丢掉脑袋！
QuestLoc_GameShowGauntletF_Conversation_3_NPCEnd_3,它确实需要，但不是。现在你必须……丢掉脑袋！
QuestLoc_GameShowGauntletF_Conversation_3_NPCEnd_4,哇。这回答真糟糕。你可以……丢掉脑袋！
QuestLoc_GameShowGauntletF_Conversation_3_NPCStart_1,《丢掉脑袋》第三轮时间到！
QuestLoc_GameShowGauntletF_Conversation_3_NPCStart_2,汉尼拔·哈姆林想要复原哪个纪念堂？
QuestLoc_GameShowGauntletF_Conversation_3_Team_1,林肯纪念堂。
QuestLoc_GameShowGauntletF_Conversation_3_Team_2,杰弗逊纪念堂。
QuestLoc_GameShowGauntletF_Conversation_3_Team_3,华盛顿纪念堂。
QuestLoc_GameShowGauntletF_Conversation_3_Team_4,他自己的纪念堂？
QuestLoc_GameShowGauntletF_Conversation_4_NPCEnd_1,太可惜了。你说得对！我还指望你会丢掉小命呢。
QuestLoc_GameShowGauntletF_Conversation_4_NPCEnd_2,那名字真够蠢的。砍掉你的……不……丢掉小命！
QuestLoc_GameShowGauntletF_Conversation_4_NPCEnd_3,差一点就猜对了。现在我们要让你……丢掉小命！
QuestLoc_GameShowGauntletF_Conversation_4_NPCEnd_4,你再也用不着担心思考了，因为你马上要……丢掉小命！
QuestLoc_GameShowGauntletF_Conversation_4_NPCStart_1,那么，最终回合。
QuestLoc_GameShowGauntletF_Conversation_4_NPCStart_2,躲在波士顿公园湖中的超级变种巨兽叫什么名字？
QuestLoc_GameShowGauntletF_Conversation_4_Team_1,史旺（天鹅）。
QuestLoc_GameShowGauntletF_Conversation_4_Team_2,古斯（家鹅）。
QuestLoc_GameShowGauntletF_Conversation_4_Team_3,埃龙（苍鹭）。
QuestLoc_GameShowGauntletF_Conversation_4_Team_4,我想是某种鸟。
QuestLoc_GameShowGauntletF_QuestLongDescription,你受邀参加《丢掉小命》！回答问题，否则……
QuestLoc_GameShowGauntletF_QuestName,游戏内容大挑战
QuestLoc_GameShowGauntletF_QuestObjective_1,回答所有问题。
QuestLoc_GameShowGauntletF_QuestShortDescription,进行游戏获得胜利！
QuestLoc_GameShowGauntletG_Conversation_1_NPCEnd_1,居然连他的雕像都没有！你得为此付出代价——当你……丢掉小命的时候！
QuestLoc_GameShowGauntletG_Conversation_1_NPCEnd_2,Bingo！你答对了！
QuestLoc_GameShowGauntletG_Conversation_1_NPCEnd_3,哦！近在咫尺，却又远在天边。这意味着你……丢掉小命！
QuestLoc_GameShowGauntletG_Conversation_1_NPCEnd_4,他算不上名人，对吧？所以你就要……丢掉小命！
QuestLoc_GameShowGauntletG_Conversation_1_NPCStart_4,首都废土的哪个著名雕像的头没了？
QuestLoc_GameShowGauntletG_Conversation_1_Team_1,乔治·华盛顿。
QuestLoc_GameShowGauntletG_Conversation_1_Team_2,亚伯拉罕·林肯。
QuestLoc_GameShowGauntletG_Conversation_1_Team_3,托马斯·杰弗逊。
QuestLoc_GameShowGauntletG_Conversation_1_Team_4,机械师麦克。
QuestLoc_GameShowGauntletG_Conversation_2_NPCEnd_1,答对了！如果这家伙还能称作“小男孩”的话……
QuestLoc_GameShowGauntletG_Conversation_2_NPCEnd_2,哦，唐尼小子答错了。我们这就帮你……丢掉小命！
QuestLoc_GameShowGauntletG_Conversation_2_NPCEnd_3,不会的。当你……丢掉脑袋！的时候，几乎不会疼。
QuestLoc_GameShowGauntletG_Conversation_2_NPCEnd_4,错，错，错！现在你……丢掉脑袋！
QuestLoc_GameShowGauntletG_Conversation_2_NPCStart_1,我们进入第二轮了。
QuestLoc_GameShowGauntletG_Conversation_2_NPCStart_2,哪个小男孩被困在联邦的冰箱里？
QuestLoc_GameShowGauntletG_Conversation_2_Team_1,比利。
QuestLoc_GameShowGauntletG_Conversation_2_Team_2,唐尼。
QuestLoc_GameShowGauntletG_Conversation_2_Team_3,昆廷。
QuestLoc_GameShowGauntletG_Conversation_2_Team_4,安娜贝尔。
QuestLoc_GameShowGauntletG_Conversation_3_NPCEnd_1,什么？不！抱歉，蠢货，但你得……丢掉脑袋！
QuestLoc_GameShowGauntletG_Conversation_3_NPCEnd_2,嗯……不。但你可以……丢掉脑袋！
QuestLoc_GameShowGauntletG_Conversation_3_NPCEnd_3,答对了！
QuestLoc_GameShowGauntletG_Conversation_3_NPCEnd_4,不，但你一定渴望失败！是时候……丢掉脑袋！
QuestLoc_GameShowGauntletG_Conversation_3_NPCStart_1,欢迎来到第3轮……丢掉脑袋！
QuestLoc_GameShowGauntletG_Conversation_3_NPCStart_2,创造超级变种人，用的是……
QuestLoc_GameShowGauntletG_Conversation_3_Team_1,根本强化毒液。
QuestLoc_GameShowGauntletG_Conversation_3_Team_2,修复区域剧毒。
QuestLoc_GameShowGauntletG_Conversation_3_Team_3,强迫进化病毒。
QuestLoc_GameShowGauntletG_Conversation_3_Team_4,一杯水。
QuestLoc_GameShowGauntletG_Conversation_4_NPCEnd_1,*哔——* 错了！现在……丢掉脑袋！
QuestLoc_GameShowGauntletG_Conversation_4_NPCEnd_2,噢，糟糕，你竟然答对了。真讨厌你知道答案。
QuestLoc_GameShowGauntletG_Conversation_4_NPCEnd_3,连小孩都知道那是错的。让我们看着你……丢掉脑袋！
QuestLoc_GameShowGauntletG_Conversation_4_NPCEnd_4,啊，但你能唱出来吗？不能？那就……丢掉脑袋！
QuestLoc_GameShowGauntletG_Conversation_4_NPCStart_1,那么，最终回合。
QuestLoc_GameShowGauntletG_Conversation_4_NPCStart_2,哪个组织崇拜原子之神？
QuestLoc_GameShowGauntletG_Conversation_4_Team_1,亚当之子。
QuestLoc_GameShowGauntletG_Conversation_4_Team_2,原子教会。
QuestLoc_GameShowGauntletG_Conversation_4_Team_3,原子的孩子。
QuestLoc_GameShowGauntletG_Conversation_4_Team_4,一些住群居在洞穴中的小型长毛动物。
QuestLoc_GameShowGauntletGlobal_Conversation_1_NPCStart_1,欢迎来到《丢掉脑袋》！
QuestLoc_GameShowGauntletGlobal_Conversation_1_NPCStart_2,答题正确后可以赢得瓶盖。
QuestLoc_GameShowGauntletGlobal_Conversation_1_NPCStart_3,答错了的话……就丢掉你的脑袋！
QuestLoc_GameShowGauntletGlobal_QuestLongDescription,你受邀参加《丢掉脑袋》！回答问题，否则……
QuestLoc_GameShowGauntletGlobal_QuestName,游戏内容大挑战
QuestLoc_GameShowGauntletGlobal_QuestObjective_1,回答所有问题。
QuestLoc_GameShowGauntletGlobal_QuestShortDescription,进行游戏获得胜利！
QuestLoc_GameShowGauntletH_Conversation_1_NPCEnd_1,哇哦！你竟然答对了，我想你的脑袋保住了……这次。
QuestLoc_GameShowGauntletH_Conversation_1_NPCEnd_2,地理不好，嗯？那你只好……丢掉脑袋了！
QuestLoc_GameShowGauntletH_Conversation_1_NPCEnd_3,这样对吗？谁来查一下。没错，是错的。所以……丢掉脑袋！
QuestLoc_GameShowGauntletH_Conversation_1_NPCEnd_4,不知道那是哪儿，反正很快你就要……丢掉脑袋！
QuestLoc_GameShowGauntletH_Conversation_1_NPCStart_4,原子教会的孩子们在联邦的哪里定居？
QuestLoc_GameShowGauntletH_Conversation_1_Team_1,发光海。
QuestLoc_GameShowGauntletH_Conversation_1_Team_2,发光之地。
QuestLoc_GameShowGauntletH_Conversation_1_Team_3,原子之海。
QuestLoc_GameShowGauntletH_Conversation_1_Team_4,在沃尔瑟姆的一间双人房里。
QuestLoc_GameShowGauntletH_Conversation_2_NPCEnd_1,你一定是在作弊，竟然答对了。
QuestLoc_GameShowGauntletH_Conversation_2_NPCEnd_2,回答错误！不过别担心，你仍然可以……丢掉脑袋！
QuestLoc_GameShowGauntletH_Conversation_2_NPCEnd_3,错了！就算医生也救不了你，因为你将……丢掉脑袋！
QuestLoc_GameShowGauntletH_Conversation_2_NPCEnd_4,最烂的答案！当你……丢掉脑袋时，尽量别乱动！
QuestLoc_GameShowGauntletH_Conversation_2_NPCStart_1,我们进入第二轮了。
QuestLoc_GameShowGauntletH_Conversation_2_NPCStart_2,洛伦佐·凯伯被关押在哪里？
QuestLoc_GameShowGauntletH_Conversation_2_Team_1,帕森斯州立精神病院。
QuestLoc_GameShowGauntletH_Conversation_2_Team_2,剑桥警察局。
QuestLoc_GameShowGauntletH_Conversation_2_Team_3,肯德尔医院。
QuestLoc_GameShowGauntletH_Conversation_2_Team_4,关到自己的房间里并且不给晚饭。
QuestLoc_GameShowGauntletH_Conversation_3_NPCEnd_1,铛铛铛铛！答对了，谁泄漏的答案？谁？
QuestLoc_GameShowGauntletH_Conversation_3_NPCEnd_2,别管什么偷天换日了！不过你要……丢脑袋啦！
QuestLoc_GameShowGauntletH_Conversation_3_NPCEnd_3,你错得不能再错了！现在你必须……丢脑袋啦！
QuestLoc_GameShowGauntletH_Conversation_3_NPCEnd_4,你玩这游戏真的太差劲了。该……丢脑袋啦！
QuestLoc_GameShowGauntletH_Conversation_3_NPCStart_1,第三轮时间到……丢脑袋啦！
QuestLoc_GameShowGauntletH_Conversation_3_NPCStart_2,以下哪个地方不是联邦的地点？
QuestLoc_GameShowGauntletH_Conversation_3_Team_1,海港酒店。
QuestLoc_GameShowGauntletH_Conversation_3_Team_2,剑桥食堂。
QuestLoc_GameShowGauntletH_Conversation_3_Team_3,医疗中心站。
QuestLoc_GameShowGauntletH_Conversation_3_Team_4,波士顿。
QuestLoc_GameShowGauntletH_Conversation_4_NPCEnd_1,呃！你是不是偷了我的答案？答对了。
QuestLoc_GameShowGauntletH_Conversation_4_NPCEnd_2,哈！联邦里没有林恩堡。丢脑袋啦！
QuestLoc_GameShowGauntletH_Conversation_4_NPCEnd_3,猜得好，但是错了。那我看你也得……丢脑袋啦！
QuestLoc_GameShowGauntletH_Conversation_4_NPCEnd_4,不许提我老妈！看着你……丢脑袋一定很有趣！
QuestLoc_GameShowGauntletH_Conversation_4_NPCStart_1,那么，最终回合。
QuestLoc_GameShowGauntletH_Conversation_4_NPCStart_2,克罗格的指挥部在哪儿？
QuestLoc_GameShowGauntletH_Conversation_4_Team_1,黑根堡。
QuestLoc_GameShowGauntletH_Conversation_4_Team_2,林恩堡。
QuestLoc_GameShowGauntletH_Conversation_4_Team_3,斯特朗堡。
QuestLoc_GameShowGauntletH_Conversation_4_Team_4,在你母亲的家里。
QuestLoc_GameShowGauntletI_Conversation_1_NPCEnd_1,英军不会来了，但你要……丢脑袋啦！
QuestLoc_GameShowGauntletI_Conversation_1_NPCEnd_2,你答对的时候我真是讨厌。
QuestLoc_GameShowGauntletI_Conversation_1_NPCEnd_3,错错错！咱们看着你……丢脑袋啦！
QuestLoc_GameShowGauntletI_Conversation_1_NPCEnd_4,那到底在哪？我会好好享受这个……Lose Your Head!
QuestLoc_GameShowGauntletI_Conversation_1_NPCStart_4,离111号避难所最近的定居点是哪儿？
QuestLoc_GameShowGauntletI_Conversation_1_Team_1,列克星敦。
QuestLoc_GameShowGauntletI_Conversation_1_Team_2,庇护山庄。
QuestLoc_GameShowGauntletI_Conversation_1_Team_3,康科德。
QuestLoc_GameShowGauntletI_Conversation_1_Team_4,伯洛伊特。
QuestLoc_GameShowGauntletI_Conversation_2_NPCEnd_1,哈！想得美。但我们会邀请她来看你……Lose Your Head!
QuestLoc_GameShowGauntletI_Conversation_2_NPCEnd_2,那个机修工？错了！但你要……Lose Your Head!
QuestLoc_GameShowGauntletI_Conversation_2_NPCEnd_3,答对了！那太简单了，我们需要一些更加优质的问题。
QuestLoc_GameShowGauntletI_Conversation_2_NPCEnd_4,你根本没有蒂莉姨妈。就因为这个……Lose Your Head!
QuestLoc_GameShowGauntletI_Conversation_2_NPCStart_1,我们进入了第二轮。
QuestLoc_GameShowGauntletI_Conversation_2_NPCStart_2,谁修剪庇护山庄的灌木？
QuestLoc_GameShowGauntletI_Conversation_2_Team_1,玛茜·隆。
QuestLoc_GameShowGauntletI_Conversation_2_Team_2,斯特奇斯。
QuestLoc_GameShowGauntletI_Conversation_2_Team_3,噶抓。
QuestLoc_GameShowGauntletI_Conversation_2_Team_4,我阿姨蒂莉。
QuestLoc_GameShowGauntletI_Conversation_3_NPCEnd_1,是个好狗名，但不对。你得……Lose Your Head!
QuestLoc_GameShowGauntletI_Conversation_3_NPCEnd_2,你看见斑斑跑了吗？你没看见那儿。Lose Your Head!
QuestLoc_GameShowGauntletI_Conversation_3_NPCEnd_3,你答对了！真是失望，我们这里产生了胜者……
QuestLoc_GameShowGauntletI_Conversation_3_NPCEnd_4,你从哪想出这些答案的？Lose Your Head!
QuestLoc_GameShowGauntletI_Conversation_3_NPCStart_1,第三轮时间到……Lose Your Head!
QuestLoc_GameShowGauntletI_Conversation_3_NPCStart_2,谁在庇护山庄边上的红火箭附近游荡？
QuestLoc_GameShowGauntletI_Conversation_3_Team_1,红路虎。
QuestLoc_GameShowGauntletI_Conversation_3_Team_2,警犬。
QuestLoc_GameShowGauntletI_Conversation_3_Team_3,狗肉。
QuestLoc_GameShowGauntletI_Conversation_3_Team_4,总统。
QuestLoc_GameShowGauntletI_Conversation_4_NPCEnd_1,就像感恩节火鸡一样，你将会……失去你的脑袋！
QuestLoc_GameShowGauntletI_Conversation_4_NPCEnd_2,你答对了！真是太恐怖了。
QuestLoc_GameShowGauntletI_Conversation_4_NPCEnd_3,错误。现在我们要费点劲，让你……失去你的脑袋！
QuestLoc_GameShowGauntletI_Conversation_4_NPCEnd_4,那真的是个节日吗？算了。干脆……失去你的脑袋！
QuestLoc_GameShowGauntletI_Conversation_4_NPCStart_1,那么，最终回合。
QuestLoc_GameShowGauntletI_Conversation_4_NPCStart_2,大战是爆发于什么节前？
QuestLoc_GameShowGauntletI_Conversation_4_Team_1,感恩节。
QuestLoc_GameShowGauntletI_Conversation_4_Team_2,万圣节。
QuestLoc_GameShowGauntletI_Conversation_4_Team_3,劳动节。
QuestLoc_GameShowGauntletI_Conversation_4_Team_4,忏悔日。
QuestLoc_GameShowGauntletJ_Conversation_1_NPCEnd_1,偏南了一点点。说到头发……失去你的脑袋！
QuestLoc_GameShowGauntletJ_Conversation_1_NPCEnd_2,对！多雾、寒冷并且恐怖的缅因州。
QuestLoc_GameShowGauntletJ_Conversation_1_NPCEnd_3,不。就是不。我们要慢慢来，让你……失去你的脑袋！
QuestLoc_GameShowGauntletJ_Conversation_1_NPCEnd_4,哈哈哈！几乎跟你……失去你的脑袋一样好笑！
QuestLoc_GameShowGauntletJ_Conversation_1_NPCStart_4,远港岛在以前是哪个州？
QuestLoc_GameShowGauntletJ_Conversation_1_Team_1,康涅狄格州。
QuestLoc_GameShowGauntletJ_Conversation_1_Team_2,缅因州。
QuestLoc_GameShowGauntletJ_Conversation_1_Team_3,罗德岛州。
QuestLoc_GameShowGauntletJ_Conversation_1_Team_4,布芝道州。
QuestLoc_GameShowGauntletJ_Conversation_2_NPCEnd_1,看起来有点像，但错了。现在你……失去你的脑袋！
QuestLoc_GameShowGauntletJ_Conversation_2_NPCEnd_2,Bingo！你赢了。
QuestLoc_GameShowGauntletJ_Conversation_2_NPCEnd_3,不。他是个合成人，你这个白痴。也就是说你……失去你的脑袋！
QuestLoc_GameShowGauntletJ_Conversation_2_NPCEnd_4,哇。你想象力真丰富。但现在你将……失去你的脑袋！
QuestLoc_GameShowGauntletJ_Conversation_2_NPCStart_1,我们进入第二轮了。
QuestLoc_GameShowGauntletJ_Conversation_2_NPCStart_2,迪马是什么？
QuestLoc_GameShowGauntletJ_Conversation_2_Team_1,机器人。
QuestLoc_GameShowGauntletJ_Conversation_2_Team_2,合成人。
QuestLoc_GameShowGauntletJ_Conversation_2_Team_3,电脑。
QuestLoc_GameShowGauntletJ_Conversation_2_Team_4,一个豪华汉堡包。
QuestLoc_GameShowGauntletJ_Conversation_3_NPCEnd_1,奥！我讨厌你们猜对答案的时候，继续继续，你可以出去了。
QuestLoc_GameShowGauntletJ_Conversation_3_NPCEnd_2,这是它在战前的名字！可惜你得……掉脑袋！
QuestLoc_GameShowGauntletJ_Conversation_3_NPCEnd_3,不。不。不。现在你要……掉脑袋！
QuestLoc_GameShowGauntletJ_Conversation_3_NPCEnd_4,该死。我现在饿了。就因为这个，你要……掉脑袋！
QuestLoc_GameShowGauntletJ_Conversation_3_NPCStart_1,第3轮……掉脑袋！
QuestLoc_GameShowGauntletJ_Conversation_3_NPCStart_2,在远港岛上原子教会的基地名称是什么？
QuestLoc_GameShowGauntletJ_Conversation_3_Team_1,原子核会。
QuestLoc_GameShowGauntletJ_Conversation_3_Team_2,山漠岛海军基地。
QuestLoc_GameShowGauntletJ_Conversation_3_Team_3,阿卡迪亚联邦海军基地。
QuestLoc_GameShowGauntletJ_Conversation_3_Team_4,呃……乔伊的秘密基地？
QuestLoc_GameShowGauntletJ_Conversation_4_NPCEnd_1,对了！不，等等，错了！完全错了。现在你……掉脑袋！
QuestLoc_GameShowGauntletJ_Conversation_4_NPCEnd_2,错了。但我就要残忍地让你……掉脑袋！
QuestLoc_GameShowGauntletJ_Conversation_4_NPCEnd_3,"大吉大利,晚饭吃鸡!"
QuestLoc_GameShowGauntletJ_Conversation_4_NPCEnd_4,认真点。那根本不算答案。所以你得……掉脑袋！
QuestLoc_GameShowGauntletJ_Conversation_4_NPCStart_1,那么，最终回合。
QuestLoc_GameShowGauntletJ_Conversation_4_NPCStart_2,为什么中野佳澄去了阿卡迪亚？
QuestLoc_GameShowGauntletJ_Conversation_4_Team_1,她想要过冒险的生活。
QuestLoc_GameShowGauntletJ_Conversation_4_Team_2,她的母亲对她很不好。
QuestLoc_GameShowGauntletJ_Conversation_4_Team_3,她觉得她是个合成人。
QuestLoc_GameShowGauntletJ_Conversation_4_Team_4,佳橙走了？太可怕了！
QuestLoc_GameShowGauntletK_Conversation_1_NPCEnd_1,答对了！我看来要接纳特工帮或是狼帮了。
QuestLoc_GameShowGauntletK_Conversation_1_NPCEnd_2,答对了！我看来要接纳弟子帮或是狼帮了。
QuestLoc_GameShowGauntletK_Conversation_1_NPCEnd_3,答对了！我看来要接纳特工帮或是弟子帮了。
QuestLoc_GameShowGauntletK_Conversation_1_NPCEnd_4,哈哈哈哈哈哈哈哈哈哈哈哈。现在……掉脑袋！
QuestLoc_GameShowGauntletK_Conversation_1_NPCStart_4,说出核子世界中一个掠夺者帮派的名字！
QuestLoc_GameShowGauntletK_Conversation_1_Team_1,弟子帮。
QuestLoc_GameShowGauntletK_Conversation_1_Team_2,特工帮。
QuestLoc_GameShowGauntletK_Conversation_1_Team_3,狼帮。
QuestLoc_GameShowGauntletK_Conversation_1_Team_4,胆小猫。
QuestLoc_GameShowGauntletK_Conversation_2_NPCEnd_1,好选择，但大错特错。再见，你就要……掉脑袋！
QuestLoc_GameShowGauntletK_Conversation_2_NPCEnd_2,不。太过分了？我们都要看着你……掉脑袋！
QuestLoc_GameShowGauntletK_Conversation_2_NPCEnd_3,那把枪不错，但不管用。所以现在你……丢掉你的脑袋！
QuestLoc_GameShowGauntletK_Conversation_2_NPCEnd_4,荒谬，不过答案是对的！
QuestLoc_GameShowGauntletK_Conversation_2_NPCStart_1,我们来到了第二轮。
QuestLoc_GameShowGauntletK_Conversation_2_NPCStart_2,要打败大头目，需要什么武器？
QuestLoc_GameShowGauntletK_Conversation_2_Team_1,超级大锤。
QuestLoc_GameShowGauntletK_Conversation_2_Team_2,胖子。
QuestLoc_GameShowGauntletK_Conversation_2_Team_3,激光加特林。
QuestLoc_GameShowGauntletK_Conversation_2_Team_4,解渴水枪。
QuestLoc_GameShowGauntletK_Conversation_3_NPCEnd_1,没错！那些白痴拒绝承认这只是一台嘉年华道具。
QuestLoc_GameShowGauntletK_Conversation_3_NPCEnd_2,猜得不错，但错得离谱。现在你该……丢掉你的脑袋！
QuestLoc_GameShowGauntletK_Conversation_3_NPCEnd_3,不！你输了，你这个输家。此外，你还要……丢掉你的脑袋！
QuestLoc_GameShowGauntletK_Conversation_3_NPCEnd_4,双头牛、韭葱和芜菁？好吃！但不对。丢掉你的脑袋！
QuestLoc_GameShowGauntletK_Conversation_3_NPCStart_1,现在是第三轮……丢掉你的脑袋！
QuestLoc_GameShowGauntletK_Conversation_3_NPCStart_2,那些赫伯基信徒在找什么？
QuestLoc_GameShowGauntletK_Conversation_3_Team_1,一艘太空飞船。
QuestLoc_GameShowGauntletK_Conversation_3_Team_2,一个摩天轮。
QuestLoc_GameShowGauntletK_Conversation_3_Team_3,更多的成员。
QuestLoc_GameShowGauntletK_Conversation_3_Team_4,完美的BLT（培根、莴苣、番茄三明治）。
QuestLoc_GameShowGauntletK_Conversation_4_NPCEnd_1,该死，答对了，核子可乐什么都好，就是不新鲜。
QuestLoc_GameShowGauntletK_Conversation_4_NPCEnd_2,错了。你再也看不到明天的日出，因为你即将……丢掉你的脑袋！
QuestLoc_GameShowGauntletK_Conversation_4_NPCEnd_3,哈！我现在就在喝。来吧，你必须……丢掉你的脑袋！
QuestLoc_GameShowGauntletK_Conversation_4_NPCEnd_4,傻瓜。那味道很常见。现在该……丢掉你的脑袋了！
QuestLoc_GameShowGauntletK_Conversation_4_NPCStart_1,那么，最终回合。
QuestLoc_GameShowGauntletK_Conversation_4_NPCStart_2,以下哪种口味不是核子可乐的？
QuestLoc_GameShowGauntletK_Conversation_4_Team_1,新鲜型核子可乐。
QuestLoc_GameShowGauntletK_Conversation_4_Team_2,日出型核子可乐。
QuestLoc_GameShowGauntletK_Conversation_4_Team_3,骚动型核子可乐。
QuestLoc_GameShowGauntletK_Conversation_4_Team_4,量子型核子可乐。
QuestLoc_GasNGo_Conversation_1_NPCEnd_1,我也是！我要拿走你拥有的所有东西，然后让你的亲朋好友参观一下！
QuestLoc_GasNGo_Conversation_1_NPCEnd_2,我要确保你有大量的铅！
QuestLoc_GasNGo_Conversation_1_NPCEnd_3,我搞定了之后，这里就会变得空空如也！
QuestLoc_GasNGo_Conversation_1_NPCEnd_4,你哪里都不许去！
QuestLoc_GasNGo_Conversation_1_NPCStart_1,该死，这里什么都没有！你们，是从避难所来的，对吗？告诉我到哪儿去了！
QuestLoc_GasNGo_Conversation_1_Team_1,我来这里只是为了战利品。
QuestLoc_GasNGo_Conversation_1_Team_2,我在2号泵那里弄得到无铅汽油吗？
QuestLoc_GasNGo_Conversation_1_Team_3,抱歉，我的避难所已经满了，你得去别的地方了。
QuestLoc_GasNGo_Conversation_1_Team_4,别介意，我会走的。
QuestLoc_GasNGo_QuestLongDescription,在废弃的红火箭处，一个居民遭遇了掠夺者，在他前往避难所之前阻止他！
QuestLoc_GasNGo_QuestName,燃料燃料
QuestLoc_GasNGo_QuestObjective_1,消灭掠夺者。
QuestLoc_GasNGo_QuestShortDescription,消灭红火箭的掠夺者。
QuestLoc_GetchaPeanutsHere_Conversation_1_NPCStart_1,等等！地面上的！那是……哦。抱歉，只是一块破布。
QuestLoc_GetchaPeanutsHere_QuestLongDescription,我们调查了一些地点，但是还是没有找到教练，运动衫也一样，也许就的大无敌超市里会有线索！
QuestLoc_GetchaPeanutsHere_QuestName,这里有花生！
QuestLoc_GetchaPeanutsHere_QuestObjective_1,寻找拉基·乔宾逊的棒球运动衫。
QuestLoc_GetchaPeanutsHere_QuestShortDescription,找到拉奇·乔宾森的棒球衫。
QuestLoc_GetinLine_QuestLongDescription,你们当中有人发现了一个大无敌超市，但是有一些掠夺者想要抢你们的生意。把他们赶走，然后把东西拿到手。
QuestLoc_GetinLine_QuestName,排队
QuestLoc_GetinLine_QuestObjective_1,消灭掠夺者。
QuestLoc_GetinLine_QuestShortDescription,与大无敌超市的掠夺者们战斗。
QuestLoc_GetinLine_RaiderLine_1,你马上要……永远地离开了！
QuestLoc_Getting Started_QuestLongDescription,为了训练任务，避难所科技要求你证明作为监督者的能力，让你去杀死一只发光的辐射蟑螂。
QuestLoc_Getting Started_QuestName,准备开始
QuestLoc_Getting Started_QuestShortDescription,杀死发光的辐射蟑螂，完成你的训练。
QuestLoc_Ghooooooooooooooooooul_Conversation_1_NPCEnd_1,当然！还有，带上这个！
QuestLoc_Ghooooooooooooooooooul_Conversation_1_NPCEnd_2,听着，没必要用暴力，我不是来请你插手这里的事情的。
QuestLoc_Ghooooooooooooooooooul_Conversation_1_NPCStart_1,什么鬼……？你吓到我了！我这里已经有很长时间没有来客人了。
QuestLoc_Ghooooooooooooooooooul_Conversation_1_NPCStart_2,你喜欢运动吗？你还记得洛克维尔·拉文斯吗？
QuestLoc_Ghooooooooooooooooooul_Conversation_1_NPCStart_3,我原本是在他们当中打四分卫的！在战前……
QuestLoc_Ghooooooooooooooooooul_Conversation_1_Team_1,天呐！我能让您签个名吗？
QuestLoc_Ghooooooooooooooooooul_Conversation_1_Team_2,不，我们从没听说过你。
QuestLoc_Ghooooooooooooooooooul_QuestLongDescription,93号避难所发出了奇怪的无线电信号。听上去有点像在灾前的旧式体育播报。请前往调查！
QuestLoc_Ghooooooooooooooooooul_QuestName,尸~~~~~~~~鬼！
QuestLoc_Ghooooooooooooooooooul_QuestObjective_1,探索93号避难所。
QuestLoc_Ghooooooooooooooooooul_QuestShortDescription,探索93号避难所的废墟。
QuestLoc_GhoulInBlack_Conversation01_NPC01,站住，陌生人！你在找什么？
QuestLoc_GhoulInBlack_Answer01_PC01,冷静点，我们只是路过。
QuestLoc_GhoulInBlack_Answer01_NPC01,胡扯！他们是冲那尸鬼来的！干掉他们！
QuestLoc_GhoulInBlack_Conversation02_NPC01,你对付他们的样子！你可真是个大好人！
QuestLoc_GhoulInBlack_Conversation02_NPC02,谢谢你让他们忙着对付你，好让我从那里挖出来。我快被挤扁了。
QuestLoc_GhoulInBlack_Answer02_PC01,嘿，没问题！如果你需要藏身之处，我们有一个。
QuestLoc_GhoulInBlack_Answer02_PC02,他们挡了我的路。伙计，你或许该躲在暗处……
QuestLoc_GhoulInBlack_Answer02_NPC01,嗯，我还有些事要处理，但我可能会去。
QuestLoc_GhoulInBlack_Answer02_NPC02,是啊，我知道。我这几天不太上镜。回头见，友好的陌生人。
QuestLoc_GhoulInBlack_QuestName,黑衣尸鬼
QuestLoc_GhoulInBlack_QuestLongDescription,附近的墓地里一阵骚动。也许有人需要你的帮助，或者你能搜刮到什么有用的东西。快过去看看情况。
QuestLoc_GhoulInBlack_QuestShortDescription,看看墓地里是什么惹起了骚动。
QuestLoc_GhoulInBlack_QuestObjective,看看墓地里是什么惹起了骚动。
QuestLoc_GhostlyGag_Conversation_1_NPCEnd_1,啊！快跑！
QuestLoc_GhostlyGag_Conversation_1_NPCEnd_2,等等，我的祖母还活着，你们不是幽灵！
QuestLoc_GhostlyGag_Conversation_1_NPCEnd_3,真不是时候，我估计不会好受。
QuestLoc_GhostlyGag_Conversation_1_NPCStart_1,一个幽灵！它来抓我了！
QuestLoc_GhostlyGag_Conversation_1_Team_1,砰！
QuestLoc_GhostlyGag_Conversation_1_Team_2,噢，我是你祖母的幽灵。
QuestLoc_GhostlyGag_Conversation_1_Team_3,我是为了你的灵魂而来的！
QuestLoc_GhostlyGag_QuestLongDescription,掠夺者们是非常迷信的，我们要找点什么吓唬他们一下。
QuestLoc_GhostlyGag_QuestName,窒息幽灵
QuestLoc_GhostlyGag_QuestObjective_1,杀死掠夺者Boss。
QuestLoc_GhostlyGag_QuestShortDescription,是时候去吓唬一下掠夺者了。
QuestLoc_GhostlyGag_RaiderLine_1,啊！是幽灵！快杀了它！
QuestLoc_GhostlyGag_RaiderLine_2,我非常怕幽灵。
QuestLoc_GhostlyGag_RaiderLine_3,一个幽灵！快跑！等等……哈罗德叔叔，是你吗？
QuestLoc_GivemeLibertyandorDeath_Conversation_1_NPCEnd_1,什么？三重备份？等我们杀了你再去拿也不迟。
QuestLoc_GivemeLibertyandorDeath_Conversation_1_NPCEnd_2,想得美！我们人多势众！第44条繁殖计划非常成功。
QuestLoc_GivemeLibertyandorDeath_Conversation_1_NPCEnd_3,避难所144号监督者指导手册。其神圣指引不容亵渎！
QuestLoc_GivemeLibertyandorDeath_Conversation_1_NPCEnd_4,那条指令讲的是值勤时戴假发的事！
QuestLoc_GivemeLibertyandorDeath_Conversation_1_NPCStart_1,标准居民操作流程——可预测且已超时。
QuestLoc_GivemeLibertyandorDeath_Conversation_1_NPCStart_2,记录已销毁。你们永远找不到我们的避难所了。
QuestLoc_GivemeLibertyandorDeath_Conversation_1_NPCStart_3,不过那也无所谓了。你杀了我们的监督者……
QuestLoc_GivemeLibertyandorDeath_Conversation_1_NPCStart_4,而且手册第14条要求我们必须复仇！
QuestLoc_GivemeLibertyandorDeath_Conversation_1_Team_1,*所有*记录？连一式三份的备份都不放过？毕竟这可是避难所科技。
QuestLoc_GivemeLibertyandorDeath_Conversation_1_Team_2,如果你们总这样主动来找我们，我们都不需要去找你们的避难所了。
QuestLoc_GivemeLibertyandorDeath_Conversation_1_Team_3,你们一直唠叨的那本手册到底是什么？
QuestLoc_GivemeLibertyandorDeath_Conversation_1_Team_4,没错，但第174条b款又怎么说？
QuestLoc_GivemeLibertyandorDeath_Conversation_2_NPCEnd_1,正是。几代人因为一个拼写错误而等待并崇拜死亡。
QuestLoc_GivemeLibertyandorDeath_Conversation_2_NPCStart_1,多谢你们收拾了那些怪人！我从安全摄像头里都看到了。
QuestLoc_GivemeLibertyandorDeath_Conversation_2_NPCStart_2,我是德鲁西拉。战前我就是这里的档案管理员。
QuestLoc_GivemeLibertyandorDeath_Conversation_2_NPCStart_3,他们烧了档案，但我记得一切。144号避难所就在西边10英里处。
QuestLoc_GivemeLibertyandorDeath_Conversation_2_NPCStart_4,不过你看看这个。我设法保存了他们避难所监督者指导手册的副本。
QuestLoc_GivemeLibertyandorDeath_Conversation_2_Team_1,关于居民死亡的每篇文章……“死亡”总是首字母大写。
QuestLoc_GivemeLibertyandorDeath_QuestLongDescription,这是个陷阱！无论死亡是谁，他都在沉睡……而144号避难所的居民相信杀人会唤醒天启骑士！我们杀了他们的监督者，但我们仍需找到他们的避难所。如果幸运的话，避难所科技档案馆里会有它的位置……
QuestLoc_GivemeLibertyandorDeath_QuestName,给我自由和/或死亡
QuestLoc_GivemeLibertyandorDeath_QuestObjective_1,发现144号避难所的位置。
QuestLoc_GivemeLibertyandorDeath_QuestShortDescription,发现144号避难所的位置，那是死亡邪教徒的老巢。
QuestLoc_GivemeLibertyandorDeath_RaiderLine_1,我们是死亡的闹钟！
QuestLoc_GivemeLibertyandorDeath_RaiderLine_2,手册上都写着呢！
QuestLoc_GivemeLibertyandorDeath_RaiderLine_3,必须完成指标！
QuestLoc_GobbleGobbler_Conversation_1_NPCEnd_1,我想我应该可以用一些东西，但是我太害怕了，不敢用！
QuestLoc_GobbleGobbler_Conversation_1_NPCEnd_2,真的？一个避难所？那真是太好了！我打赌那里肯定没有格布勒！
QuestLoc_GobbleGobbler_Conversation_1_NPCEnd_3,也许这能帮上忙？
QuestLoc_GobbleGobbler_Conversation_1_NPCStart_1,我们遭到了格布勒的攻击！我是唯一活下来的……
QuestLoc_GobbleGobbler_Conversation_1_NPCStart_2,别问我那东西长什么样，我当时躲在壁橱里！
QuestLoc_GobbleGobbler_Conversation_1_NPCStart_3,但是他离开的时候，地上拖了一长串奇想小子蛋糕的痕迹……
QuestLoc_GobbleGobbler_Conversation_1_NPCStart_4,你只要跟着那串痕迹就可以了！
QuestLoc_GobbleGobbler_Conversation_1_Team_1,如果格布勒那么可怕，我们就需要你这里所有的武器了。
QuestLoc_GobbleGobbler_Conversation_1_Team_2,你需要一个家，来我们避难所怎么样？
QuestLoc_GobbleGobbler_Conversation_1_Team_3,这些衣服不适合去猎杀格布勒，能不能帮帮我们？
QuestLoc_GobbleGobbler_QuestLongDescription,有报告称，废土最可怕的生物格布勒出现了，我们必须去调查一下！
QuestLoc_GobbleGobbler_QuestName,格布勒，格布勒！
QuestLoc_GobbleGobbler_QuestObjective_1,寻找更多关于格布勒的线索。
QuestLoc_GobbleGobbler_QuestShortDescription,调查格布勒的线索。
QuestLoc_GoWest_Conversation_1_NPCEnd_1,那些走到附近就消失了的，我想估计是闹鬼了！避难所科技办公室可能有更多信息。
QuestLoc_GoWest_Conversation_1_NPCStart_1,你在这里做什么？
QuestLoc_GoWest_Conversation_1_Team_1,我想要找到关于31号避难所的事情。
QuestLoc_GoWest_QuestLongDescription,图书管理员告诉我，一个叫赫布·韦斯特的人也许知道更多关于31号避难所的事情。我可以在旧糖果厂找到他。
QuestLoc_GoWest_QuestName,向西
QuestLoc_GoWest_QuestObjective_1,在旧糖果厂调查赫布·韦斯特的事情。
QuestLoc_GoWest_QuestShortDescription,向赫布·韦斯特请教关于31号避难所的事情。
QuestLoc_GroomforDoubt_Conversation_1_NPCEnd_1,这可不是我想听到的回答。
QuestLoc_GroomforDoubt_Conversation_1_NPCEnd_2,不错。但我们还是会杀了你。
QuestLoc_GroomforDoubt_Conversation_1_NPCEnd_3,好吧，等我们把你们解决了再说。
QuestLoc_GroomforDoubt_Conversation_1_NPCStart_1,嘿，帅哥……
QuestLoc_GroomforDoubt_Conversation_1_Team_1,嘿？
QuestLoc_GroomforDoubt_Conversation_1_Team_2,你才嘿呢，美人儿。
QuestLoc_GroomforDoubt_Conversation_1_Team_3,忏悔你的罪孽吧！
QuestLoc_GroomforDoubt_Conversation_2_NPCEnd_1,新郎？哦，你是说那个奴隶小子？没错，他归我们了。
QuestLoc_GroomforDoubt_Conversation_2_NPCEnd_2,啊，真可爱，我几乎都想饶你们一命了。几乎。
QuestLoc_GroomforDoubt_Conversation_2_NPCEnd_3,来吧姐妹们，让这些失败者看看我们的厉害！
QuestLoc_GroomforDoubt_Conversation_2_NPCStart_1,欢迎，居民们。
QuestLoc_GroomforDoubt_Conversation_2_NPCStart_2,如果你们在寻找冒险，那你们来对地方了。
QuestLoc_GroomforDoubt_Conversation_2_NPCStart_3,我们正对圣诞节相关商品进行清仓大甩卖。
QuestLoc_GroomforDoubt_Conversation_2_Team_1,我们来找你绑架的新郎。
QuestLoc_GroomforDoubt_Conversation_2_Team_2,真爱战胜一切。
QuestLoc_GroomforDoubt_Conversation_2_Team_3,去死！
QuestLoc_GroomforDoubt_Conversation_3_NPCEnd_1,是吗？好吧，我想是时候面对现实了。
QuestLoc_GroomforDoubt_Conversation_3_NPCEnd_2,我以为那才是重点……
QuestLoc_GroomforDoubt_Conversation_3_NPCEnd_3,哦，对了。我差点忘了这个。
QuestLoc_GroomforDoubt_Conversation_3_NPCEnd_4,你们觉得我该留胡子吗？
QuestLoc_GroomforDoubt_Conversation_3_NPCStart_1,嘿，伙计们，你们在这啊！
QuestLoc_GroomforDoubt_Conversation_3_NPCStart_2,我还在想你们去哪儿了。
QuestLoc_GroomforDoubt_Conversation_3_NPCStart_3,这单身派对是不是超棒？
QuestLoc_GroomforDoubt_Conversation_3_Team_1,派对结束好几天了……
QuestLoc_GroomforDoubt_Conversation_3_Team_2,你被绑架了！
QuestLoc_GroomforDoubt_Conversation_3_Team_3,确实……但我们得带你去结婚了。
QuestLoc_GroomforDoubt_Conversation_3_Team_4,来吧，我们带你回家。
QuestLoc_GroomforDoubt_QuestLongDescription,昨晚的单身派对可真够劲！可惜今天新郎不见了。最后我们看到他被雇来的表演者抬走了。我们必须把他带回来，而且要快。可别重蹈新年前夜的覆辙……
QuestLoc_GroomforDoubt_QuestName,新郎疑云
QuestLoc_GroomforDoubt_QuestObjective_1,救出新郎。
QuestLoc_GroomforDoubt_QuestObjective_2,杀死掠夺者Boss。
QuestLoc_GroomforDoubt_QuestShortDescription,从掠夺者手中救出失踪的新郎。
QuestLoc_GroomforDoubt_RaiderLine_1,带走新郎，末日将至。
QuestLoc_GroomforDoubt_RaiderLine_2,玫瑰即使换个名字，依然芳香如故……如果玫瑰还存在的话。
QuestLoc_GuardianoftheWastes:Deathclaws_QuestLongDescription,我们干自己的活去吧，把附近一个危险的物种消灭掉！
QuestLoc_GuardianoftheWastes:Deathclaws_QuestName,废土守卫：死亡爪！
QuestLoc_GuardianoftheWastes:Deathclaws_QuestObjective_1,杀死阿尔法死亡爪。
QuestLoc_GuardianoftheWastes:Deathclaws_QuestShortDescription,消灭死亡爪。
QuestLoc_GuardianoftheWastes:FeralGhouls_QuestLongDescription,我们干自己的活去吧，把附近一个危险的物种消灭掉！
QuestLoc_GuardianoftheWastes:FeralGhouls_QuestName,废土守卫：狂尸鬼！
QuestLoc_GuardianoftheWastes:FeralGhouls_QuestObjective_1,杀死发光者。
QuestLoc_GuardianoftheWastes:FeralGhouls_QuestShortDescription,不要怜悯这些狂尸鬼。
QuestLoc_GuardianoftheWastes:MoleRats_QuestLongDescription,我们干自己的活去吧，把附近一个危险的物种消灭掉！
QuestLoc_GuardianoftheWastes:MoleRats_QuestName,废土守卫：鼹鼠！
QuestLoc_GuardianoftheWastes:MoleRats_QuestObjective_1,杀死鼹鼠妈妈。
QuestLoc_GuardianoftheWastes:MoleRats_QuestShortDescription,解决掉这些讨厌的鼹鼠。
QuestLoc_GuardianoftheWastes:Radroaches_QuestLongDescription,我们干自己的活去吧，把附近一个危险的物种消灭掉！
QuestLoc_GuardianoftheWastes:Radroaches_QuestName,废土守卫：辐射蟑螂！
QuestLoc_GuardianoftheWastes:Radroaches_QuestObjective_1,杀死发光的辐射蟑螂。
QuestLoc_GuardianoftheWastes:Radroaches_QuestShortDescription,清理辐射蟑螂的巢穴。
QuestLoc_GuardianoftheWastes:Radscorpions_QuestLongDescription,我们干自己的活去吧，把附近一个危险的物种消灭掉！
QuestLoc_GuardianoftheWastes:Radscorpions_QuestName,废土守卫：辐射蝎！
QuestLoc_GuardianoftheWastes:Radscorpions_QuestObjective_1,杀死发光的辐射蝎。
QuestLoc_GuardianoftheWastes:Radscorpions_QuestShortDescription,消灭辐射蝎。
QuestLoc_HalfFullHalfEmpty_Conversation_1_NPCEnd_1,我们的双头牛把它们全喝了。谁能拒绝金色粪便呢？去废弃的避难所科技办公室看看。
QuestLoc_HalfFullHalfEmpty_Conversation_1_NPCStart_1,巫师的神奇水真的有这么神奇吗？我们没拿到足够的分量来进行科学检验。
QuestLoc_HalfFullHalfEmpty_Conversation_1_NPCStart_2,我喝过，味道甘美纯净，但我什么事也没有发生。
QuestLoc_HalfFullHalfEmpty_Conversation_1_NPCStart_3,我们的双头牛喝了一点，两天后它拉出了一根金条！
QuestLoc_HalfFullHalfEmpty_Conversation_1_NPCStart_4,我们的女教师菲尔德斯通夫人喝了一些，然后看见一个巨大的核子可乐瓶在追赶她。
QuestLoc_HalfFullHalfEmpty_Conversation_1_Team_1,你该不会碰巧还剩一些吧？我们会出大价钱……
QuestLoc_HalfFullHalfEmpty_QuestLongDescription,显然，这个故事背后的隐情远比味蕾上感受到的要多。这种清爽的奇迹饮料其实并没有那么神奇和清爽，而在罗伯科工厂的那些人很可能知道真相……
QuestLoc_HalfFullHalfEmpty_QuestName,半满，半空
QuestLoc_HalfFullHalfEmpty_QuestObjective_1,去见见旧罗伯科工厂的人们。
QuestLoc_HalfFullHalfEmpty_QuestShortDescription,在旧RobCo工厂找到关于神奇之水的更多信息。
QuestLoc_HaveGunWillTravel_Conversation_1_NPCEnd_1,我想他们去了威尔逊的玩具工厂，祝你好运了！
QuestLoc_HaveGunWillTravel_Conversation_1_NPCStart_1,你在找那些兄弟会的士兵吗？
QuestLoc_HaveGunWillTravel_Conversation_1_Team_1,嗯哼！你知道它们去哪儿了吗？
QuestLoc_HaveGunWillTravel_QuestLongDescription,你发现了马克森蛮子的全息录影带，一个钢铁兄弟会小队正在废土寻找避难所科技。追踪下去，然后看看最后发生了什么 - 一切都是从450号避难所开始的！
QuestLoc_HaveGunWillTravel_QuestName,有枪，就好
QuestLoc_HaveGunWillTravel_QuestObjective_1,探索450号避难所。
QuestLoc_HaveGunWillTravel_QuestShortDescription,探寻马克森蛮子们的命运。
QuestLoc_Headshots_Conversation_1_NPCEnd_1,所有人都在废土追求名誉 - 谁会有空去理那些渣渣呢？我们必须打败404号避难所！
QuestLoc_Headshots_Conversation_1_NPCStart_1,那么，你就是那个新来的？是对那个号有兴趣吗？
QuestLoc_Headshots_Conversation_1_NPCStart_2,我们不介意来点友好的“交流”。
QuestLoc_Headshots_Conversation_1_Team_1,如果你这么厉害的话，为什么你的避难所会遭殃啊？
QuestLoc_Headshots_QuestLongDescription,我们发现有人在印刷新版的波士顿号角报，并且在替一些没用的家伙造势 - 我们都需要出名！
QuestLoc_Headshots_QuestName,爆头
QuestLoc_Headshots_QuestObjective_1,调查更多关于《新波士顿号角报》的事情。
QuestLoc_Headshots_QuestShortDescription,找到更多关于《新波士顿号角报》的线索。
QuestLoc_HeatoftheKnight_Conversation_1_NPCEnd_1,谢谢你，骑士！如果你抓紧点的话，没准能在核子可乐工厂找到他们。
QuestLoc_HeatoftheKnight_Conversation_1_NPCStart_1,虽说能来帮忙我很感谢，但是你们还是太迟了。
QuestLoc_HeatoftheKnight_Conversation_1_NPCStart_2,一些掠夺者抓走了我们的小队长，我受了很严重的伤，没办法追查下去了。
QuestLoc_HeatoftheKnight_Conversation_1_Team_1,你自己保重，我去救你们的小队长。
QuestLoc_HeatoftheKnight_QuestLongDescription,我们需要取得钢铁兄弟会的信任！营救小队长应该是个不错的机会。
QuestLoc_HeatoftheKnight_QuestName,骑士的信仰
QuestLoc_HeatoftheKnight_QuestObjective_1,在罗布科公司办公室支援士兵们。
QuestLoc_HeatoftheKnight_QuestShortDescription,在罗布科公司办公室职员钢铁兄弟会。
QuestLoc_HeresthePitch_Conversation_1_NPCStart_1,不是这里，但是不会要太久的。
QuestLoc_HeresthePitch_QuestLongDescription,教练并没有在789号避难所，但是那里确实有一股熟悉的气息……我们要跟随这股臭味前往桑德拉的文具商店！
QuestLoc_HeresthePitch_QuestName,这里有沥青……
QuestLoc_HeresthePitch_QuestObjective_1,寻找拉基·乔宾逊的棒球运动衫。
QuestLoc_HeresthePitch_QuestShortDescription,找到Rackie Jobinson的棒球衫。
QuestLoc_HerestoYouRackieJobinson_Conversation_1_NPCEnd_1,是时候把你送回未成年人堆里了！
QuestLoc_HerestoYouRackieJobinson_Conversation_1_NPCEnd_2,噢，你估计要麻烦了！
QuestLoc_HerestoYouRackieJobinson_Conversation_1_NPCEnd_3,现在，这东西是一个真正的长凳清洁器了！
QuestLoc_HerestoYouRackieJobinson_Conversation_1_NPCEnd_4,呃，好吧，为什么不呢，不过你要小心，教练可不是开玩笑的！
QuestLoc_HerestoYouRackieJobinson_Conversation_1_NPCStart_1,哇哦！我听说过你！一直在废土上找来找去……
QuestLoc_HerestoYouRackieJobinson_Conversation_1_NPCStart_2,呃，你走对了！拉基·乔宾逊的运动衫就在这里！
QuestLoc_HerestoYouRackieJobinson_Conversation_1_NPCStart_3,但是你永远别想拿到它！
QuestLoc_HerestoYouRackieJobinson_Conversation_1_NPCStart_4,教练看到你的时候，那么就是最终的回合了！
QuestLoc_HerestoYouRackieJobinson_Conversation_1_Team_1,你有什么想法吗？那衣服是我们的！
QuestLoc_HerestoYouRackieJobinson_Conversation_1_Team_2,该死的教练！没有衣服我们绝对不走！
QuestLoc_HerestoYouRackieJobinson_Conversation_1_Team_3,呸，别这样，我们这时候本该在睡大觉了。
QuestLoc_HerestoYouRackieJobinson_Conversation_1_Team_4,我们可是在一场超级大战中，你不会自己走掉吧？
QuestLoc_HerestoYouRackieJobinson_Conversation_2_NPCEnd_1,我们走着瞧！
QuestLoc_HerestoYouRackieJobinson_Conversation_2_NPCEnd_2,就是这样！我们结束这一切吧！
QuestLoc_HerestoYouRackieJobinson_Conversation_2_NPCEnd_3,汉丽埃塔？！我就该猜到那个讨厌的小姑娘也有关系！
QuestLoc_HerestoYouRackieJobinson_Conversation_2_NPCEnd_4,第九局下半，两人出局，平局。我们必须全垒打！
QuestLoc_HerestoYouRackieJobinson_Conversation_2_NPCStart_1,我们终于见面了，你们这些白痴居民！
QuestLoc_HerestoYouRackieJobinson_Conversation_2_NPCStart_2,喜欢我留下的信息吗？哈哈哈哈。
QuestLoc_HerestoYouRackieJobinson_Conversation_2_NPCStart_3,听着，我不知道你们为什么这么想要拉基·罗宾逊的运动衫……
QuestLoc_HerestoYouRackieJobinson_Conversation_2_NPCStart_4,但是这是我的！而且永远不会给你们！
QuestLoc_HerestoYouRackieJobinson_Conversation_2_Team_1,嘿，教练，你被开除了！
QuestLoc_HerestoYouRackieJobinson_Conversation_2_Team_2,别让我的运动衫沾上血！
QuestLoc_HerestoYouRackieJobinson_Conversation_2_Team_3,汉丽埃塔向您问候！
QuestLoc_HerestoYouRackieJobinson_Conversation_2_Team_4,那么，要玩点什么呢？教练？
QuestLoc_HerestoYouRackieJobinson_QuestLongDescription,就是这样，让我们结束这场游戏吧！是时候和教练算算最后的总账了，让失败者滚回老家，然后夺回拉基·乔宾逊的运动衫的运动衫！
QuestLoc_HerestoYouRackieJobinson_QuestName,致敬拉基·乔宾逊
QuestLoc_HerestoYouRackieJobinson_QuestObjective_1,寻找拉基·乔宾逊的棒球运动衫。
QuestLoc_HerestoYouRackieJobinson_QuestShortDescription,第九局下半场！让失败者滚回老家，然后夺回运动衫！
QuestLoc_HighSteaks_Conversation_1_NPCEnd_1,那么……就是个普通厨师咯。来，拿着这个，辛苦你了。
QuestLoc_HighSteaks_Conversation_1_NPCEnd_2,为什么？这肉太硬了，几乎没法吃。味道……呸！
QuestLoc_HighSteaks_Conversation_1_NPCEnd_3,结果发现，我很擅长装死。
QuestLoc_HighSteaks_Conversation_1_NPCStart_1,哦，天哪！你们不该来这儿。
QuestLoc_HighSteaks_Conversation_1_NPCStart_2,这个洞穴里爬满了死亡爪！
QuestLoc_HighSteaks_Conversation_1_Team_1,我们是我们的厨师派来的，他有点杀人倾向。
QuestLoc_HighSteaks_Conversation_1_Team_2,我们来取一些死亡爪肉。
QuestLoc_HighSteaks_Conversation_1_Team_3,为什么死亡爪还没有杀死你？
QuestLoc_HighSteaks_QuestLongDescription,好吧，那个辐射蝎煎蛋有点恶心。为了弥补，主厨提议做他的招牌菜——死爪威灵顿。他只需要新鲜的死爪肉，直接从它们的巢穴里取来（据说阳光会影响味道）。
QuestLoc_HighSteaks_QuestName,高风险牛排
QuestLoc_HighSteaks_QuestObjective_1,杀死阿尔法死爪并采集它的肉。
QuestLoc_HighSteaks_QuestShortDescription,把死爪肉带给主厨。
QuestLoc_HighSteaks_RaiderLine_1,肉就是谋杀……好的那种。
QuestLoc_HighSteaks_RaiderLine_2,来吧，这肉无可匹敌！
QuestLoc_HighSteaks_RaiderLine_3,来这儿可能是个肉误。
QuestLoc_HittingtheBooks_Conversation_1_NPCEnd_1,不，去问问在旧糖果厂的赫布·韦斯特。还有，带上我的衣服。
QuestLoc_HittingtheBooks_Conversation_1_NPCStart_1,万圣节快乐！我是霍华德·菲利普斯，这个旧图书馆的看守者。
QuestLoc_HittingtheBooks_Conversation_1_NPCStart_2,感谢你替我们解决了这里的灾害问题。
QuestLoc_HittingtheBooks_Conversation_1_NPCStart_3,我应该拿什么回报你们呢？
QuestLoc_HittingtheBooks_Conversation_1_Team_1,你知道关于31号避难所的事情吗？
QuestLoc_HittingtheBooks_QuestLongDescription,随着万圣节的临近，关于避难所31号及其诡异历史的传说再次流传开来。但这座避难所真的闹鬼吗？还是另有隐情？一切由你来解开……避难所31号之谜！
QuestLoc_HittingtheBooks_QuestName,万圣节的谎言
QuestLoc_HittingtheBooks_QuestObjective_1,在图书馆废墟调查更多关于31号避难所的事情。
QuestLoc_HittingtheBooks_QuestShortDescription,在图书馆废墟调查更多关于31号避难所的事情。
QuestLoc_HomeFieldAdvantage_Conversation_1_NPCStart_1,很接近了……但是还差一点。
QuestLoc_HomeFieldAdvantage_QuestLongDescription,教练会躲在这个旧铅笔厂里吗？也许不会，但是不管怎么样，我们都得去调查一下。
QuestLoc_HomeFieldAdvantage_QuestName,主场优势
QuestLoc_HomeFieldAdvantage_QuestObjective_1,寻找拉基·乔宾逊的棒球运动衫。
QuestLoc_HomeFieldAdvantage_QuestShortDescription,找到Rackie Jobinson的棒球衫。
QuestLoc_Homerun_Conversation_1_NPCStart_1,我感觉到有什么奇怪的地方！教练最近肯定来过这里！
QuestLoc_Homerun_QuestLongDescription,还是没找到教练，拉基·乔宾逊的运动衫也一样。但是他已经非常接近了！我能够感觉到，或者说也许只是他久久不能散去的狐臭，看来是时候去调查一下宠物商店了！
QuestLoc_Homerun_QuestName,全垒打！
QuestLoc_Homerun_QuestObjective_1,寻找拉基·乔宾逊的棒球运动衫。
QuestLoc_Homerun_QuestShortDescription,找到Rackie Jobinson的棒球衫。
QuestLoc_HomerunDerby_Conversation_1_NPCStart_1,如果教练带着运动衫来过这里，那也是很早之前的事情了。
QuestLoc_HomerunDerby_QuestLongDescription,这是直觉，不过教练也许会在医院的废墟里暂时停留一段时间，那件运动衫也会在那里！
QuestLoc_HomerunDerby_QuestName,本垒打大赛
QuestLoc_HomerunDerby_QuestObjective_1,寻找拉基·乔宾逊的棒球运动衫。
QuestLoc_HomerunDerby_QuestShortDescription,扫荡医院废墟。
QuestLoc_HoneymoonHorror_Conversation_1_NPCEnd_1,太好了，我们终于逃出来了！走吧。
QuestLoc_HoneymoonHorror_Conversation_1_NPCEnd_2,太好了，我们终于逃出来了！走吧。
QuestLoc_HoneymoonHorror_Conversation_1_NPCEnd_3,我们没事！太好了。
QuestLoc_HoneymoonHorror_Conversation_1_NPCEnd_4,这很公平，好名声可不是靠自己保留的！
QuestLoc_HoneymoonHorror_Conversation_1_NPCStart_1,我们是救援小队，不过这周围都是辐射蝎，我们没办法再深入了！
QuestLoc_HoneymoonHorror_Conversation_1_NPCStart_2,在婚礼上的食物真是太糟糕了！我们干嘛要为了他们冒这个险？
QuestLoc_HoneymoonHorror_Conversation_1_NPCStart_3,所以我们派了一只猫去找他们回来。
QuestLoc_HoneymoonHorror_Conversation_1_NPCStart_4,那么……你们又是在这里干嘛？
QuestLoc_HoneymoonHorror_Conversation_1_Team_1,替你们擦屁股，把那些治疗针给我们。
QuestLoc_HoneymoonHorror_Conversation_1_Team_2,替你们擦屁股，把消辐宁给我们，反正你们也用不上了。
QuestLoc_HoneymoonHorror_Conversation_1_Team_3,替你们擦屁股，我们需要拿你们的激光枪。
QuestLoc_HoneymoonHorror_Conversation_1_Team_4,替你们擦屁股，不过如果你们能给我们足够的瓶盖的话，没准我们能替你们保守秘密。
QuestLoc_HoneymoonHorror_Conversation_2_NPCEnd_1,很好，但是穿着他们给我的那件丑不拉几的裙子。这是图书管理员的衣服吗？你确定？
QuestLoc_HoneymoonHorror_Conversation_2_NPCEnd_2,亲爱的，我永远不会忘记你，虽说我要去安全的地方了，坚强些！
QuestLoc_HoneymoonHorror_Conversation_2_NPCEnd_3,我的丈夫永远不……哦，你要走了？走吧走吧。
QuestLoc_HoneymoonHorror_Conversation_2_NPCEnd_4,谢谢！不过你能把正装替我们带来吗？这是租的。
QuestLoc_HoneymoonHorror_Conversation_2_NPCStart_1,我们得救了！谢天谢地！
QuestLoc_HoneymoonHorror_Conversation_2_NPCStart_2,那些怪物攻击我们的时候，一只小猫救了我们！但是……
QuestLoc_HoneymoonHorror_Conversation_2_NPCStart_3,但是请不要把我们带回定居点，那里太恐怖了！
QuestLoc_HoneymoonHorror_Conversation_2_NPCStart_4,我们收到的贺礼简直廉价的要死！回去之后简直不知道该怎么做。
QuestLoc_HoneymoonHorror_Conversation_2_Team_1,你们能闭上嘴安安静静地回家吗？真是会惹麻烦。
QuestLoc_HoneymoonHorror_Conversation_2_Team_2,事实上，在我的避难所里，还有一个人的位置，帕特丽夏，你可以来。
QuestLoc_HoneymoonHorror_Conversation_2_Team_3,其实……在我的避难所李，还有一个人的位置。好吧，你可以来。
QuestLoc_HoneymoonHorror_Conversation_2_Team_4,当然，我会告诉定居点那里的人，就说你被辐射蝎抓走了。
QuestLoc_HoneymoonHorror_QuestLongDescription,一些附近定居点的新婚夫妇去了一个隐蔽的洞穴“庆祝”他们的婚礼。结果他们一去就再也没有回来过，救援小队也一样！也许那些关于辐射蝎的传言是真的，我们最好带上装备。
QuestLoc_HoneymoonHorror_QuestName,蜜月惊魂
QuestLoc_HoneymoonHorror_QuestObjective_1,拯救新婚夫妇。
QuestLoc_HoneymoonHorror_QuestObjective_2,杀死发光的辐射蝎。
QuestLoc_HoneymoonHorror_QuestObjective_3,找到救援小队。
QuestLoc_HoneymoonHorror_QuestShortDescription,从辐射蝎手上拯救新婚夫妇。
QuestLoc_HopontheRoachCoach_Conversation_1_NPCEnd_1,哇，这提议真棒，谢谢！我会做的！
QuestLoc_HopontheRoachCoach_Conversation_1_NPCEnd_2,嗯，也许吧。总之，谢谢帮忙！
QuestLoc_HopontheRoachCoach_Conversation_1_NPCStart_1,等等，别开枪！这只是件戏服！
QuestLoc_HopontheRoachCoach_Conversation_1_NPCStart_2,我们正在拍一部业余恐怖片，这时那些蟑螂出现了。
QuestLoc_HopontheRoachCoach_Conversation_1_NPCStart_3,我的剧组都跑了，把我丢在这儿。真叫人失望。
QuestLoc_HopontheRoachCoach_Conversation_1_NPCStart_4,至少我们能拍到些酷炫的镜头！
QuestLoc_HopontheRoachCoach_Conversation_1_Team_1,你随时可以加入我们的避难所。我们看重忠诚。
QuestLoc_HopontheRoachCoach_Conversation_1_Team_2,嗯，也许下次你会做出更好的选择。
QuestLoc_HopontheRoachCoach_QuestLongDescription,废弃的超级杜普玛特超市有时会存有有用的物资。它们也常常是危险生物的巢穴。小心！
QuestLoc_HopontheRoachCoach_QuestName,搭上蟑螂车
QuestLoc_HopontheRoachCoach_QuestObjective_1,在超级杜珀超市寻找战利品。
QuestLoc_HopontheRoachCoach_QuestShortDescription,查看超级杜珀超市是否有战利品。
QuestLoc_HopontheRoachCoach_RaiderLine_1,我猜剩下的食物早就没了……
QuestLoc_HorrorMovieNight_QuestLongDescription,一个居民从他看的一部电影中受到了……“启发”。
QuestLoc_HorrorMovieNight_QuestName,恐怖电影之夜！
QuestLoc_HorrorMovieNight_QuestObjective_1,杀死掠夺者Boss。
QuestLoc_HorrorMovieNight_QuestShortDescription,派一个避难所居民穿着幽灵服去大肆破坏！
QuestLoc_HorrorMovieNight_RaiderLine_1,伙计，觉得自己吓人吗？去吧！
QuestLoc_HorrorMovieNight_RaiderLine_2,那是无人可挡的！
QuestLoc_HorrorMovieNight_RaiderLine_3,不！走开！啊！！
QuestLoc_HorrorMovieNight_RaiderLine_4,让我们瞧瞧谁才是最可怕的！呜~~~
QuestLoc_HorsemenofthePostApocalypsePart1_QuestlineName,后启示录的四骑士 第1部分
QuestLoc_HorsemenofthePostApocalypsePart2_QuestlineName,后启示录的四骑士 第2部分
QuestLoc_HorsemenofthePostApocalypsePart3_QuestlineName,后启示录的四骑士 第3部分
QuestLoc_HostageNegotiations_Conversation_1_NPCStart_1,你在逗我？
QuestLoc_HostageNegotiations_Conversation_1_NPCStart_2,我甚至不需要自己去找那些蠢驴。
QuestLoc_HostageNegotiations_Conversation_1_NPCStart_3,他们会直接找上我！
QuestLoc_HostageNegotiations_Conversation_1_NPCStart_4,搞定他们，伙计们！
QuestLoc_HostageNegotiations_Conversation_2_NPCStart_1,哦，谢谢！
QuestLoc_HostageNegotiations_Conversation_2_NPCStart_2,我被困在这里很久了。
QuestLoc_HostageNegotiations_Conversation_2_NPCStart_3,我都不知道他们要对我做什么！
QuestLoc_HostageNegotiations_Conversation_2_NPCStart_4,拿着，这些是我能给你的全部了。
QuestLoc_HostageNegotiations_Conversation_3_NPCStart_1,我得救了！
QuestLoc_HostageNegotiations_Conversation_3_NPCStart_2,我从没想过能活着离开这里！
QuestLoc_HostageNegotiations_Conversation_3_NPCStart_3,我没有多少东西，这些全部是你的了！
QuestLoc_HostageNegotiations_QuestLongDescription,掠夺者们在废土大肆抓捕普通人，阻止他们的计划，救出受害者。
QuestLoc_HostageNegotiations_QuestName,人质谈判
QuestLoc_HostageNegotiations_QuestObjective_1,阻止掠夺者。
QuestLoc_HostageNegotiations_QuestObjective_2,营救人质。
QuestLoc_HostageNegotiations_QuestObjective_3,营救人质。
QuestLoc_HostageNegotiations_QuestShortDescription,打败绑架犯，拯救受害者。
QuestLoc_HotTubSlimeMachine_Conversation_1_NPCStart_1,什么……？还有更多的冒险家在寻找泳池？
QuestLoc_HotTubSlimeMachine_Conversation_1_NPCStart_2,我们几年前就把那些东西清理掉了，所以可以喝水了！
QuestLoc_HotTubSlimeMachine_Conversation_1_NPCStart_3,抱歉你做了这么多，拿着，也许这能够补偿你。
QuestLoc_HotTubSlimeMachine_QuestLongDescription,有传言说有一个泳池在某个避难所边上，有桑拿，还有热水浴缸！调查189号避难所找到这个人间天堂，不过必须要小心尸鬼！
QuestLoc_HotTubSlimeMachine_QuestName,热水浴缸史莱姆机器
QuestLoc_HotTubSlimeMachine_QuestObjective_1,找到泳池房间。
QuestLoc_HotTubSlimeMachine_QuestObjective_2,杀死发光者。
QuestLoc_HotTubSlimeMachine_QuestShortDescription,在189号避难所寻找泳池房间。
QuestLoc_HowCanYouNotBeRomanticAboutBaseball_Conversation_1_NPCStart_1,拉基·乔宾逊的运动衫一直躲着我们！
QuestLoc_HowCanYouNotBeRomanticAboutBaseball_QuestLongDescription,好吧，医院就是个死胡同。但是最起码我们还活着！下一站，莱克维尔图书馆废墟。
QuestLoc_HowCanYouNotBeRomanticAboutBaseball_QuestName,你为什么会不喜欢棒球？
QuestLoc_HowCanYouNotBeRomanticAboutBaseball_QuestObjective_1,寻找拉基·乔宾逊的棒球运动衫。
QuestLoc_HowCanYouNotBeRomanticAboutBaseball_QuestShortDescription,去莱克维尔图书馆追踪教练。
QuestLoc_HumanBeanJuice_Conversation_1_NPCEnd_1,他们在北边的一个消辐宁工厂安营扎寨。
QuestLoc_HumanBeanJuice_Conversation_1_NPCStart_1,那个孩子连通一些居民和尸鬼一起被装运出去了。
QuestLoc_HumanBeanJuice_Conversation_1_NPCStart_2,但是在基力安的掠夺者们发动攻击后，他就失踪了！
QuestLoc_HumanBeanJuice_Conversation_1_NPCStart_3,他们有我们10倍还多的人……所有东西都被他们抢走了。
QuestLoc_HumanBeanJuice_Conversation_1_NPCStart_4,如果说他在某个地方的话，那么他肯定就和那些掠夺者在一起。
QuestLoc_HumanBeanJuice_Conversation_1_Team_1,他们在哪儿？
QuestLoc_HumanBeanJuice_QuestLongDescription,杰克被抓走了，没准现在已经被做成晚餐了！奴隶贩子把他卖到了罐装肉工厂，我们得去那儿！
QuestLoc_HumanBeanJuice_QuestName,人肉罐头
QuestLoc_HumanBeanJuice_QuestObjective_1,在杰克被做成罐头之前找到他！
QuestLoc_HumanBeanJuice_QuestShortDescription,在杰克被做成罐头之前找到他！
QuestLoc_HumansLikeUs_Conversation_1_NPCEnd_1,哈哈，是的，你抓到我们了。你真有趣，作为人类，我们喜欢笑。
QuestLoc_HumansLikeUs_Conversation_1_NPCEnd_2,天空中所有的光都是正常的。你被金星搞糊涂了，哈哈。
QuestLoc_HumansLikeUs_Conversation_1_NPCEnd_3,哈哈，开玩笑的。幽默是人类独有的特质，懂吧。
QuestLoc_HumansLikeUs_Conversation_1_NPCStart_1,各位人类同胞，你们好，欢迎来到我们的避难所。
QuestLoc_HumansLikeUs_Conversation_1_NPCStart_2,很高兴见到你们，因为我们是社交性强的群居物种。
QuestLoc_HumansLikeUs_Conversation_1_NPCStart_3,请随意在我们之间走动，所有在这个星球上孵化并成长的生物。
QuestLoc_HumansLikeUs_Conversation_1_NPCStart_4,你们想要饮料、食物，还是免费体检？
QuestLoc_HumansLikeUs_Conversation_1_Team_1,这其实不是避难所，是个废弃的矿洞。
QuestLoc_HumansLikeUs_Conversation_1_Team_2,你们见过天空中的奇怪光芒吗？
QuestLoc_HumansLikeUs_Conversation_1_Team_3,抱歉，免费什么？
QuestLoc_HumansLikeUs_Conversation_2_NPCEnd_1,这里的一切都是正常的人类物品，没有外星人执行任务之类的东西。
QuestLoc_HumansLikeUs_Conversation_2_NPCEnd_2,哈哈，“带我们去见你的领袖”——我懂这个幽默文化梗。
QuestLoc_HumansLikeUs_Conversation_2_NPCStart_1,[高亢的喉部尖啸]
QuestLoc_HumansLikeUs_Conversation_2_NPCStart_2,哦，抱歉，我以为你是别人呢哈哈。
QuestLoc_HumansLikeUs_Conversation_2_NPCStart_3,用人类制造的声音和其他人类交谈真好。
QuestLoc_HumansLikeUs_Conversation_2_NPCStart_4,请问我一个问题，这样我们就能展开对话了。
QuestLoc_HumansLikeUs_Conversation_2_Team_1,最近见过什么怪事吗？
QuestLoc_HumansLikeUs_Conversation_2_Team_2,我们能见你们的监督者吗？
QuestLoc_HumansLikeUs_Conversation_3_NPCEnd_1,不必了，你们应该回家享用美味的饮料和食物。
QuestLoc_HumansLikeUs_Conversation_3_NPCEnd_2,哈哈，好吧，我们算是从同一个舱里孵出来的，可以说是哈哈。
QuestLoc_HumansLikeUs_Conversation_3_NPCEnd_3,说得好哈哈，但说真的，我们确实需要女性，如果你们能匀一些过来那就太好了。
QuestLoc_HumansLikeUs_Conversation_3_NPCStart_1,看，约翰·史密斯，其他像我们一样的同胞人类哈哈。
QuestLoc_HumansLikeUs_Conversation_3_NPCStart_2,你好，我是名叫约翰·史密斯的人类，这是一个人类名字。
QuestLoc_HumansLikeUs_Conversation_3_NPCStart_3,我这位朋友也叫约翰·史密斯，所以你看他也是人类。
QuestLoc_HumansLikeUs_Conversation_3_NPCStart_4,我们俩都没有用光学迷彩隐藏真实形态，那也太荒谬了哈哈哈。
QuestLoc_HumansLikeUs_Conversation_3_Team_1,我们正在调查这个区域的奇怪光芒。
QuestLoc_HumansLikeUs_Conversation_3_Team_2,很高兴见到你们俩。你们是亲戚吗？
QuestLoc_HumansLikeUs_Conversation_3_Team_3,我在这里没看到多少女性……你们都是男的吗？
QuestLoc_HumansLikeUs_Conversation_4_NPCEnd_1,哈哈哈，你说的是Zeta Reticuli a，我说的是Zeta Reticuli b……
QuestLoc_HumansLikeUs_Conversation_4_NPCEnd_2,正是通过合作，我们原始物种才得以进化！
QuestLoc_HumansLikeUs_Conversation_4_NPCStart_1,我非常想给家里打个电话。
QuestLoc_HumansLikeUs_Conversation_4_NPCStart_2,哈哈哈，开个玩笑，这个避难所现在就是我们的家了。
QuestLoc_HumansLikeUs_Conversation_4_NPCStart_3,我们只需要赶走那些带刺的大型无脊椎动物。
QuestLoc_HumansLikeUs_Conversation_4_NPCStart_4,它们好像就是喜欢杀我们，哈哈。
QuestLoc_HumansLikeUs_Conversation_4_Team_1,这不是避难所，是个山洞。
QuestLoc_HumansLikeUs_Conversation_4_Team_2,你说的是辐射蝎吧？我们会处理掉它们的。
QuestLoc_HumansLikeUs_Conversation_5_NPCEnd_1,太好了，现在去告诉别人千万不要来这里，因为这里一切正常，哈哈。
QuestLoc_HumansLikeUs_Conversation_5_NPCEnd_2,哈哈，没问题，往这件手枪状文物的开口里看看就行了。
QuestLoc_HumansLikeUs_Conversation_5_NPCEnd_3,警报！警报！启动灭绝协议！
QuestLoc_HumansLikeUs_Conversation_5_NPCStart_1,啊，就是我们听说的那些其他人类。我是被称为监督者的人。
QuestLoc_HumansLikeUs_Conversation_5_NPCStart_2,希望你觉得这里一切正常，一点也不让人不安，哈哈。
QuestLoc_HumansLikeUs_Conversation_5_NPCStart_3,重要的是，你不能感觉自己正被高级存在审视。
QuestLoc_HumansLikeUs_Conversation_5_NPCStart_4,请确认您不觉得自己正被高级生物审视。
QuestLoc_HumansLikeUs_Conversation_5_Team_1,你们看起来像是相当普通的人。
QuestLoc_HumansLikeUs_Conversation_5_Team_2,关于那些奇怪的光……
QuestLoc_HumansLikeUs_Conversation_5_Team_3,嗯，你们是有一点*奇怪*。
QuestLoc_HumansLikeUs_QuestLongDescription,有报道称废土附近出现了奇怪的悬空光。这些光聚集在一座废弃的旧矿山上。我们需要在关于外星访客的谣言传开之前调查此事！
QuestLoc_HumansLikeUs_QuestName,像我们一样的人类
QuestLoc_HumansLikeUs_QuestObjective_1,与神秘的监督者交谈。
QuestLoc_HumansLikeUs_QuestObjective_2,与神秘的居民交谈。
QuestLoc_HumansLikeUs_QuestShortDescription,调查奇怪的空中光。
QuestLoc_IDontKnowsonThird_Conversation_1_NPCStart_1,没有运动衫，但是……
QuestLoc_IDontKnowsonThird_Conversation_1_NPCStart_2,一张拉基·乔宾逊的棒球卡！
QuestLoc_IDontKnowsonThird_Conversation_1_NPCStart_3,后面有什么东西写着……
QuestLoc_IDontKnowsonThird_Conversation_1_NPCStart_4,“你们不会得到任何东西的！ - 教练”
QuestLoc_IDontKnowsonThird_QuestLongDescription,如果教练拿着运动衫，他应该需要定期清理，我们要去自助洗衣店看看！
QuestLoc_IDontKnowsonThird_QuestName,我不知道！
QuestLoc_IDontKnowsonThird_QuestObjective_1,寻找拉基·乔宾逊的棒球运动衫。
QuestLoc_IDontKnowsonThird_QuestShortDescription,找到Rackie Jobinson的棒球衫。
QuestLoc_InAnotherVault_Conversation_1_NPCEnd_1,我们的搜救小队去了玩具仓库寻找大斯派，结果没有回来。带上这个，如果你要去寻找他们，就会用到这个。
QuestLoc_InAnotherVault_Conversation_1_NPCStart_1,嘿！我是监督者艾玛。
QuestLoc_InAnotherVault_Conversation_1_NPCStart_2,你们一定是那些从掠夺者手中逃出来的可怜虫。
QuestLoc_InAnotherVault_Conversation_1_Team_1,不是，我们在寻找一条叫大斯派的狗。
QuestLoc_InAnotherVault_QuestLongDescription,大斯派没有在199号避难所，不过一个成员告诉我他也许在899号避难所。我得去那里调查一下。
QuestLoc_InAnotherVault_QuestName,另一个避难所
QuestLoc_InAnotherVault_QuestObjective_1,找到大斯派。
QuestLoc_InAnotherVault_QuestShortDescription,在899号避难所寻找大斯派。
QuestLoc_Infested_Conversation_1_NPCEnd_1,谢谢你！你真是天赐之物！
QuestLoc_Infested_Conversation_1_NPCStart_1,你好啊，孤独的旅人，欢迎来我家！
QuestLoc_Infested_Conversation_1_NPCStart_2,我遇到点麻烦，非常需要有人搭把手。
QuestLoc_Infested_Conversation_1_NPCStart_3,好像有辐射蟑螂泛滥了……你能帮我处理一下吗？
QuestLoc_Infested_Conversation_1_NPCStart_4,作为回报，地下室里的东西你想要什么随便拿！
QuestLoc_Infested_Conversation_1_Team_1,没问题，女士，交给我吧。
QuestLoc_Infested_QuestLongDescription,一位独自住在废弃小屋里的女士正饱受辐射蟑螂的困扰。我们应该帮她解决这个问题！
QuestLoc_Infested_QuestName,虫患！
QuestLoc_Infested_QuestObjective_1,消除辐射蟑螂的 infestation。
QuestLoc_Infested_QuestShortDescription,帮一位好心女士解决她的害虫问题。
QuestLoc_Infested_RaiderLine_1,哇，她没开玩笑！
QuestLoc_InHotPursuit_Conversation_1_NPCEnd_1,我们把它们带到了波塞冬能源公司，如果要去找的话，你们肯定活不长！
QuestLoc_InHotPursuit_Conversation_1_NPCStart_1,哈哈！又一个中了我们“幸存者”陷阱的白痴。
QuestLoc_InHotPursuit_Conversation_1_Team_1,告诉我你们把瓶瓶和盖盖带到哪里了！
QuestLoc_InHotPursuit_QuestLongDescription,一个从掠夺者手中逃出来的乐于助人的幸存者建议我去177号避难所寻找瓶瓶和盖盖。如果我加快速度的话，我也许能够追上它们。
QuestLoc_InHotPursuit_QuestName,穷追不舍
QuestLoc_InHotPursuit_QuestObjective_1,在177号避难所寻找瓶瓶和盖盖。
QuestLoc_InHotPursuit_QuestShortDescription,追赶瓶瓶和盖盖的绑架犯。
QuestLoc_InShiningArmor_Conversation_1_NPCStart_1,你干得非常漂亮，士兵。
QuestLoc_InShiningArmor_Conversation_1_NPCStart_2,我听说你打算把避难所转型成兄弟会的哨站。
QuestLoc_InShiningArmor_Conversation_1_NPCStart_3,我觉得这个想法再好不过了。
QuestLoc_InShiningArmor_Conversation_1_NPCStart_4,回见，士兵！
QuestLoc_InShiningArmor_QuestLongDescription,我们就差一点就能向钢铁兄弟会证明避难所的价值了！最后一个任务，前往核子可乐工厂进行救援行动。
QuestLoc_InShiningArmor_QuestName,穿上闪亮的盔甲
QuestLoc_InShiningArmor_QuestObjective_1,找到兄弟会的小队长。
QuestLoc_InShiningArmor_QuestShortDescription,在核子可乐工厂从掠夺者的手中救出士兵。
QuestLoc_IntotheInfield_Conversation_1_NPCStart_1,这是什么？一张丢在地上的便条？
QuestLoc_IntotheInfield_Conversation_1_NPCStart_2,“那么，你们是在寻找拉基·乔宾逊的运动衫，对吗？
QuestLoc_IntotheInfield_Conversation_1_NPCStart_3,听着，这是我的，你们永远别想找到！ - 教练”
QuestLoc_IntotheInfield_QuestLongDescription,也许拉基·乔宾逊的运动衫在清晨精神病院！
QuestLoc_IntotheInfield_QuestName,进入内场
QuestLoc_IntotheInfield_QuestObjective_1,寻找拉基·乔宾逊的棒球运动衫。
QuestLoc_IntotheInfield_QuestShortDescription,找到拉基·乔宾森的棒球衫。
QuestLoc_IntotheOutfield_Conversation_1_NPCStart_1,地上有一张便条！
QuestLoc_IntotheOutfield_Conversation_1_NPCStart_2,“好吧，你们向我证明了一点 - 我没办法永远躲着你们。
QuestLoc_IntotheOutfield_Conversation_1_NPCStart_3,让我们结束这场疯狂的追逐赛吧。
QuestLoc_IntotheOutfield_Conversation_1_NPCStart_4,来我的秘密基地：棒球场休息区 - 教练”
QuestLoc_IntotheOutfield_QuestLongDescription,教练没有在宠物商店，但是这附近有一个仓库，也许他在那儿……
QuestLoc_IntotheOutfield_QuestName,到达外场
QuestLoc_IntotheOutfield_QuestObjective_1,寻找拉基·乔宾逊的棒球运动衫。
QuestLoc_IntotheOutfield_QuestShortDescription,找到拉基·乔宾森的棒球衫。
QuestLoc_IntoVault333_Conversation_1_NPCEnd_1,晒晒掠夺者怪人 - 坦克弗兰克。他就在路另一头的房子里，这也许会有用。
QuestLoc_IntoVault333_Conversation_1_NPCEnd_2,你能杀死坦克弗兰克吗？他一直在对我们进行掠夺，路另一头的建筑就是他的所在地。
QuestLoc_IntoVault333_Conversation_1_NPCEnd_3,这么和你说吧，你去帮我们杀死坦克弗兰克，他就在路另一头的建筑里，然后我们再聊聊。
QuestLoc_IntoVault333_Conversation_1_NPCStart_1,哇哦哇哦，站那儿别动，我是监督者帕特尔。
QuestLoc_IntoVault333_Conversation_1_NPCStart_2,你们不能在这里随意走动！
QuestLoc_IntoVault333_Conversation_1_NPCStart_3,我们最近因为掠夺者的关系遇上了一大堆麻烦，你们必须取得我们的信任！
QuestLoc_IntoVault333_Conversation_1_Team_1,呃，好吧，我们要做些什么？
QuestLoc_IntoVault333_Conversation_1_Team_2,当然！我们能替你们做些什么？
QuestLoc_IntoVault333_Conversation_1_Team_3,该死，我们有事情要问！你们必须回答！
QuestLoc_IntoVault333_QuestLongDescription,保拉·普朗布金从狂尸鬼手中逃脱了，并且向着333号避难所行进。希望我们能在那里追上她。
QuestLoc_IntoVault333_QuestName,进入333号避难所！
QuestLoc_IntoVault333_QuestObjective_1,探索333号避难所。
QuestLoc_IntoVault333_QuestShortDescription,探索333号避难所找到保拉·普朗布金。
QuestLoc_ItsnotEasyBeingGreen_Conversation_1_NPCEnd_1,他们都在下面。祝好运！
QuestLoc_ItsnotEasyBeingGreen_Conversation_1_NPCEnd_2,圣帕特里克节深夜。你觉得有什么联系吗？
QuestLoc_ItsnotEasyBeingGreen_Conversation_1_NPCEnd_3,哦对，我们染了它们来庆祝圣帕特里克节。
QuestLoc_ItsnotEasyBeingGreen_Conversation_1_NPCStart_1,救救我们，居民们。我们的社区正在变成尸鬼！
QuestLoc_ItsnotEasyBeingGreen_Conversation_1_NPCStart_2,我们在地下室设置了隔离区，但它还在扩散。
QuestLoc_ItsnotEasyBeingGreen_Conversation_1_NPCStart_3,我们好几天没听到领导的消息了……
QuestLoc_ItsnotEasyBeingGreen_Conversation_1_NPCStart_4,你调查之前要不要来点茶点？
QuestLoc_ItsnotEasyBeingGreen_Conversation_1_Team_1,不了，谢谢，我们只想见见病患。
QuestLoc_ItsnotEasyBeingGreen_Conversation_1_Team_2,这一切是什么时候开始的？
QuestLoc_ItsnotEasyBeingGreen_Conversation_1_Team_3,这些饮料看起来非常……绿。
QuestLoc_ItsnotEasyBeingGreen_Conversation_2_NPCEnd_1,问倒我了。你确定不要来一品脱发光的绿色饮料？
QuestLoc_ItsnotEasyBeingGreen_Conversation_2_NPCEnd_2,你是说，除了喝绿色啤酒？不，什么都没有。
QuestLoc_ItsnotEasyBeingGreen_Conversation_2_NPCEnd_3,喝下去清爽到喉咙发痒……
QuestLoc_ItsnotEasyBeingGreen_Conversation_2_NPCStart_1,嘿，你是来救我们的吗？
QuestLoc_ItsnotEasyBeingGreen_Conversation_2_NPCStart_2,这里有些人已经开始变成尸鬼了。
QuestLoc_ItsnotEasyBeingGreen_Conversation_2_NPCStart_3,我想我要用一品脱绿色啤酒来消愁……
QuestLoc_ItsnotEasyBeingGreen_Conversation_2_Team_1,首先，我们得弄清楚这一切的起因。
QuestLoc_ItsnotEasyBeingGreen_Conversation_2_Team_2,过去几天你有没有做过什么不寻常的事？
QuestLoc_ItsnotEasyBeingGreen_Conversation_2_Team_3,绿色啤酒真有那么好喝吗？
QuestLoc_ItsnotEasyBeingGreen_Conversation_3_NPCEnd_1,不可能！我们自己酿的，加了些生物危害牌染料，然后……哦。
QuestLoc_ItsnotEasyBeingGreen_Conversation_3_NPCEnd_2,只是我们在旧桶里找到的一些生物危害牌染料……哦。
QuestLoc_ItsnotEasyBeingGreen_Conversation_3_NPCEnd_3,你是说“生物危害”*不是*食用色素品牌？
QuestLoc_ItsnotEasyBeingGreen_Conversation_3_NPCStart_1,这真是太糟糕了！
QuestLoc_ItsnotEasyBeingGreen_Conversation_3_NPCStart_2,我们只是想庆祝圣帕特里克节……
QuestLoc_ItsnotEasyBeingGreen_Conversation_3_NPCStart_3,……喝很多绿色啤酒。
QuestLoc_ItsnotEasyBeingGreen_Conversation_3_NPCStart_4,现在看看我们！
QuestLoc_ItsnotEasyBeingGreen_Conversation_3_Team_1,我开始觉得这啤酒可能有问题。
QuestLoc_ItsnotEasyBeingGreen_Conversation_3_Team_2,你们往啤酒里加了什么让它变绿的？
QuestLoc_ItsnotEasyBeingGreen_Conversation_3_Team_3,这绿啤酒让你生病了。
QuestLoc_ItsnotEasyBeingGreen_QuestLongDescription,附近的居民在一年一度的圣帕特里克节庆祝活动后病得很重，据报道还有几例尸化的情况！这可能只是，嗯，“食物”中毒，但我们应该调查一下，以防是真正的流行病……
QuestLoc_ItsnotEasyBeingGreen_QuestName,绿得不容易
QuestLoc_ItsnotEasyBeingGreen_QuestObjective_1,与聚落领袖会面。
QuestLoc_ItsnotEasyBeingGreen_QuestObjective_2,前往黄色隔离区。
QuestLoc_ItsnotEasyBeingGreen_QuestObjective_3,前往红色隔离区。
QuestLoc_ItsnotEasyBeingGreen_QuestShortDescription,帮助附近的居民应对一场奇怪的流行病。
QuestLoc_ItsnotEasyBeingGreen_RaiderLine_1,那就是领袖？我觉得从他那里得不到什么……
QuestLoc_ItsnotEasyBeingGreen_RaiderLine_2,你知道吗，也许这些能解释这场流行病。
QuestLoc_ItsnotEasyBeingGreen_RaiderLine_3,往一品脱加特里加任何东西都是*犯罪*……
QuestLoc_JackAintBack_Conversation_1_NPCEnd_1,我们把他买到了生产肉罐头的工厂，而你呢？你的话，我们就打算直接杀了！
QuestLoc_JackAintBack_Conversation_1_NPCStart_1,你来这里是做买卖的吗？
QuestLoc_JackAintBack_Conversation_1_NPCStart_2,你听说过杰克？他本来没准能卖个好价钱呢！
QuestLoc_JackAintBack_Conversation_1_NPCStart_3,他可算是野性的一个了！大多数居民可没本事在墨西哥刀战中获胜！
QuestLoc_JackAintBack_Conversation_1_NPCStart_4,真是脑子秀逗了，我们得甩了他，他简直控制不了！
QuestLoc_JackAintBack_Conversation_1_Team_1,你们对他做了什么？他还活着吗？
QuestLoc_JackAintBack_QuestLongDescription,监督者的儿子与一个掠夺者结婚了，但是却被卖给了奴隶贩子！我们得在失去他们的踪迹之前找到他们！
QuestLoc_JackAintBack_QuestName,杰克一去不复返
QuestLoc_JackAintBack_QuestObjective_1,找到杰克！
QuestLoc_JackAintBack_QuestShortDescription,先是结婚，然后又被卖给了奴隶贩子……我们还能及时找到杰克吗？
QuestLoc_JourneytotheCenterofVaultopolis_QuestlineName,前往避难所之城中心的旅途
QuestLoc_JunkRun_QuestLongDescription,废土到处都是垃圾，但有时候那才是你需要的……
QuestLoc_JunkRun_QuestName,垃圾储备竞赛
QuestLoc_JunkRun_QuestObjective_1,找到主要垃圾藏匿点。
QuestLoc_JunkRun_QuestObjective_2,找到更多的垃圾藏匿点。
QuestLoc_JunkRun_QuestObjective_3,找到更多的垃圾藏匿点。
QuestLoc_JunkRun_QuestShortDescription,我们需要更多垃圾，去找过来！
QuestLoc_JustDeserts_Conversation_1_NPCStart_1,这里墙上有一张字条……
QuestLoc_JustDeserts_Conversation_1_NPCStart_2,“感谢你们的到来。在说到天启骑士之前，请允许我先表达赞赏。
QuestLoc_JustDeserts_Conversation_1_NPCStart_3,废土如今因你们非凡的努力而变得安全得多。
QuestLoc_JustDeserts_Conversation_1_NPCStart_4,我代表所有在那里和平生活的人们，感谢你们所做的一切。”
QuestLoc_JustDeserts_Conversation_2_NPCStart_1,又一张字条……
QuestLoc_JustDeserts_Conversation_2_NPCStart_2,“早在天启骑士出现之前，废土就是一个荒蛮危险的地方。
QuestLoc_JustDeserts_Conversation_2_NPCStart_3,定居者如何在恐惧和暴力的包围下建立生活？
QuestLoc_JustDeserts_Conversation_2_NPCStart_4,极端的问题需要极端的解决方案。”
QuestLoc_JustDeserts_Conversation_3_NPCStart_1,字条继续……
QuestLoc_JustDeserts_Conversation_3_NPCStart_2,“当我得知避难所144找到了它的死亡——一只冬眠的鼹鼠时，我突然有了个主意。
QuestLoc_JustDeserts_Conversation_3_NPCStart_3,在合适的人耳边低语几句，就足以围绕一个人或一个生物催生出一个邪教。
QuestLoc_JustDeserts_Conversation_3_NPCStart_4,为了更伟大的利益，我创造了饥荒、瘟疫和战争。”
QuestLoc_JustDeserts_Conversation_4_NPCStart_1,看来是最后一张纸条……
QuestLoc_JustDeserts_Conversation_4_NPCStart_2,“掠夺者、尸鬼和罪犯从四面八方赶来为一名骑士而战。战斗并死去。
QuestLoc_JustDeserts_Conversation_4_NPCStart_3,淘汰正在进行中，但我需要英雄们来帮忙扫尾，你们完成得很出色。
QuestLoc_JustDeserts_Conversation_4_NPCStart_4,感谢的礼物在隔壁房间。如果需要你们，我会再联系。 ——德鲁西拉”
QuestLoc_JustDeserts_Conversation_5_NPCEnd_1,好选择！内衬是用饥荒的破布做的！
QuestLoc_JustDeserts_Conversation_5_NPCEnd_2,好选择！没多少东西能穿透辐射蝎的外骨骼！
QuestLoc_JustDeserts_Conversation_5_NPCEnd_3,好选择！不过你最好在佩戴前先给里面消毒。
QuestLoc_JustDeserts_Conversation_5_NPCEnd_4,好极了！鼹鼠皮能做成很好的替代皮革！
QuestLoc_JustDeserts_Conversation_5_NPCStart_1,你惊人的奖励在第四部分等着你！
QuestLoc_JustDeserts_Conversation_5_NPCStart_2,哈！开个玩笑。你们真该看看自己脸上的表情。
QuestLoc_JustDeserts_Conversation_5_NPCStart_3,德鲁西拉女主人愿向您提供一款强大的外衣供您选择。
QuestLoc_JustDeserts_Conversation_5_NPCStart_4,挑一件吧。
QuestLoc_JustDeserts_Conversation_5_Team_1,饥荒的祭袍（力量/耐力/智力/魅力 +4）
QuestLoc_JustDeserts_Conversation_5_Team_2,瘟疫的板甲（耐力/感知/智力/敏捷 +4）
QuestLoc_JustDeserts_Conversation_5_Team_3,战争的装甲（力量/感知/耐力/魅力 +4）
QuestLoc_JustDeserts_Conversation_5_Team_4,死亡的夹克（感知/耐力/敏捷/魅力 +4）
QuestLoc_JustDeserts_QuestLongDescription,避难所收到一条匿名消息，承诺揭露天启四骑士的神秘起源。消息指示的地点位于废土深处，但为了弄清此人要说的话，冒险前往是值得的。
QuestLoc_JustDeserts_QuestName,罪有应得
QuestLoc_JustDeserts_QuestObjective_1,发现骑士们的起源。
QuestLoc_JustDeserts_QuestShortDescription,发现骑士们的起源。
QuestLoc_JuuussstttaBitOutside_Conversation_1_NPCStart_1,运动衫不在这儿，该死。
QuestLoc_JuuussstttaBitOutside_QuestLongDescription,好吧，掠夺者们并没有带我们找打教练，这值得一试，也许他正在床垫工厂睡大觉呢！
QuestLoc_JuuussstttaBitOutside_QuestName,稍微……再远一点
QuestLoc_JuuussstttaBitOutside_QuestObjective_1,寻找拉基·乔宾逊的棒球运动衫。
QuestLoc_JuuussstttaBitOutside_QuestShortDescription,探索床垫工厂找到教练。
QuestLoc_KHAAANNNNN_Conversation_1_NPCEnd_1,很好！基力安对这个安排很满意！
QuestLoc_KHAAANNNNN_Conversation_1_NPCEnd_2,很好！基力安放过了你和那个孩子，但是记住……他一直会盯着你们的……
QuestLoc_KHAAANNNNN_Conversation_1_NPCStart_1,这是什么情况？你想要挑战基力安吗？基力安会夺走你的一切的！
QuestLoc_KHAAANNNNN_Conversation_1_NPCStart_2,基力安想要把你卖到肉类的加工工厂，把你做成午餐！
QuestLoc_KHAAANNNNN_Conversation_1_NPCStart_3,也许并不是这样，基力安没准挺喜欢你的，我们可以做笔交易……
QuestLoc_KHAAANNNNN_Conversation_1_NPCStart_4,你把孩子给我，我给你一笔丰厚的报酬！不然的话，你就去死吧！两者随你选！
QuestLoc_KHAAANNNNN_Conversation_1_Team_1,我才不会因为一个孩子去送死，离开我们的避难所，我们可以谈谈。
QuestLoc_KHAAANNNNN_Conversation_1_Team_2,想都别想，你们这些该死的掠夺者！该死的人是你们！
QuestLoc_KHAAANNNNN_QuestLongDescription,我们的孩子被骗了，他被卖给了奴隶贩子，然后又转手卖到了肉罐头加工工厂……接下来又会是哪里呢？
QuestLoc_KHAAANNNNN_QuestName,救援！！！！
QuestLoc_KHAAANNNNN_QuestObjective_1,从基力安的小队手里救出杰克！
QuestLoc_KHAAANNNNN_QuestShortDescription,杰克基力安的小队掳走了，我们得去把它找回来！
QuestLoc_KidnappingatVault778_Conversation_1_NPCEnd_1,他没说，不过不重要了，你没办法活着离开这里了！
QuestLoc_KidnappingatVault778_Conversation_1_NPCStart_1,离开避难所居民，是为了来这里救你的同伴？
QuestLoc_KidnappingatVault778_Conversation_1_NPCStart_2,我要告诉你的也是同样的事情，你这个愚蠢的义勇军已经没有办法活着离开这里了。
QuestLoc_KidnappingatVault778_Conversation_1_NPCStart_3,他在我拷问他之前悄悄离开了。
QuestLoc_KidnappingatVault778_Conversation_1_Team_1,他去了哪儿？
QuestLoc_KidnappingatVault778_Conversation_2_NPCEnd_1,他有说过关于肯德尔医院的事情，带上这个，他碰巧把这个丢在这里了，也许你用的上。
QuestLoc_KidnappingatVault778_Conversation_2_NPCStart_1,你终于要像抛弃上次那个家伙那样抛弃我们了吗？
QuestLoc_KidnappingatVault778_Conversation_2_NPCStart_2,是他离开了我们！我猜他有更加重要的地方要去。
QuestLoc_KidnappingatVault778_Conversation_2_Team_1,有什么线索吗？
QuestLoc_KidnappingatVault778_QuestLongDescription,一些掠夺者抓走了几个居民，并且关押在了778号避难所。也许他们知道普雷斯顿·嘉维去哪儿了。
QuestLoc_KidnappingatVault778_QuestName,778号避难所绑架案
QuestLoc_KidnappingatVault778_QuestObjective_1,拯救居民。
QuestLoc_KidnappingatVault778_QuestObjective_2,杀死马斯蒂夫·穆尔顿。
QuestLoc_KidnappingatVault778_QuestObjective_3,抢劫储藏室。
QuestLoc_KidnappingatVault778_QuestShortDescription,在778号避难所解救被绑架的居民。
QuestLoc_KidnappingatVault778_RaiderLine_1,他们来这里是为了那些居民！杀死他们！
QuestLoc_KnockEmDown_Conversation_1_NPCEnd_1,哈！总之，骑士们就在下面。去干掉他们！
QuestLoc_KnockEmDown_Conversation_1_NPCStart_1,别开枪！是我，德鲁西拉。
QuestLoc_KnockEmDown_Conversation_1_NPCStart_2,你知道这个避难所为什么被遗弃了吗？
QuestLoc_KnockEmDown_Conversation_1_NPCStart_3,它本来是为避难所科技那些最不准时的员工准备的。
QuestLoc_KnockEmDown_Conversation_1_NPCStart_4,但他们没能及时到达安全地点。
QuestLoc_KnockEmDown_Conversation_1_Team_1,也可以说，他们因为迟到被开除了。
QuestLoc_KnockEmDown_Conversation_2_NPCEnd_1,你用拙劣的文字游戏拒绝？那就这样吧。
QuestLoc_KnockEmDown_Conversation_2_NPCStart_1,我要感谢你给了我重获装甲的机会吗？
QuestLoc_KnockEmDown_Conversation_2_NPCStart_2,你造成的破坏、屠杀……真是壮丽！
QuestLoc_KnockEmDown_Conversation_2_NPCStart_3,有你们担任我的副官，战争将至高无上。
QuestLoc_KnockEmDown_Conversation_2_NPCStart_4,加入我！除非你们想……亲身……领教我的厉害。
QuestLoc_KnockEmDown_Conversation_2_Team_1,绝不！让废土归于平静……否则就碎尸万段！
QuestLoc_KnockEmDown_QuestLongDescription,战争对瘟疫对饥荒。战争崇拜者对害虫对饥饿者。所有人都来到了避难所226，准备开战，但我们不能听天由命。让我们穿过杀戮，确保没有一个骑士活下来！
QuestLoc_KnockEmDown_QuestName,打倒他们
QuestLoc_KnockEmDown_QuestObjective_1,杀死战争。
QuestLoc_KnockEmDown_QuestObjective_2,杀死饥荒。
QuestLoc_KnockEmDown_QuestObjective_3,杀死瘟疫。
QuestLoc_KnockEmDown_QuestShortDescription,杀死饥荒、瘟疫和战争。
QuestLoc_KnockEmDown_RaiderLine_1,我希望你饿了，饥荒，因为你马上就要被端上来了！
QuestLoc_KnockEmDown_RaiderLine_2,瘟疫，准备好迎接一场瘟疫级别的痛扁！
QuestLoc_KnockEmDown_RaiderLine_3,战争是美丽的！
QuestLoc_KnockEmDown_RaiderLine_4,生命是一种疾病，而瘟疫就是解药！
QuestLoc_KnockEmDown_RaiderLine_5,饿着野兽才能让它更强壮！
QuestLoc_LaborDispute_QuestlineName,劳动纠纷！
QuestLoc_LastInningOrnot_Conversation_1_NPCStart_1,运动衫不在这里，我早该知道的。
QuestLoc_LastInningOrnot_Conversation_2_NPCEnd_1,他很固执，不过我从没说过他很聪明。
QuestLoc_LastInningOrnot_Conversation_2_NPCEnd_2,听上去像个计划！
QuestLoc_LastInningOrnot_Conversation_2_NPCEnd_3,那是你所担心的最小限度的情况！
QuestLoc_LastInningOrnot_Conversation_2_NPCEnd_4,你以为我会被你们的避难所科技骗过去？！别想了！
QuestLoc_LastInningOrnot_Conversation_2_NPCStart_1,喂喂喂，听着，有些好管闲事的家伙正在寻找教练。
QuestLoc_LastInningOrnot_Conversation_2_NPCStart_2,抱歉，伙计，我们那个糟糕的头头并不在这里。
QuestLoc_LastInningOrnot_Conversation_2_NPCStart_3,他决定去那栋旧办公大楼测试一下自己的胆量。
QuestLoc_LastInningOrnot_Conversation_2_NPCStart_4,那里有死亡爪！而且教练需要一些击球练习！
QuestLoc_LastInningOrnot_Conversation_2_Team_1,击球练习？和死亡爪训练？看来教练不仅是个混蛋，还是个蠢蛋。
QuestLoc_LastInningOrnot_Conversation_2_Team_2,谢谢你的消息，那么，我们现在是不是该动手了？
QuestLoc_LastInningOrnot_Conversation_2_Team_3,我发誓，如果那个死亡爪弄坏了运动衫，我一定会发疯的。
QuestLoc_LastInningOrnot_Conversation_2_Team_4,那太疯狂了！教练真是能作死！我们得去帮他！
QuestLoc_LastInningOrnot_QuestLongDescription,也许拉基·乔宾逊是靠喝咖啡才获得如此厉害的运动能力，是时候去调查一下斯洛克姆的店了！
QuestLoc_LastInningOrnot_QuestName,最后一局！亦或是……
QuestLoc_LastInningOrnot_QuestObjective_1,寻找拉基·乔宾逊的棒球运动衫。
QuestLoc_LastInningOrnot_QuestShortDescription,找到拉基·乔宾森的棒球衫。
QuestLoc_LetsKnockitOuttathePark_Conversation_1_NPCStart_1,你做到了！我想就是你发现了我留下来的线索对吧，我是汉丽埃塔。
QuestLoc_LetsKnockitOuttathePark_Conversation_1_NPCStart_2,我听说你在找拉基·乔宾逊的运动衫。那衣服在教练的手上。
QuestLoc_LetsKnockitOuttathePark_Conversation_1_NPCStart_3,我曾经与他相爱过，但是他完完全全就是个混蛋骗子！
QuestLoc_LetsKnockitOuttathePark_Conversation_1_NPCStart_4,拿着，用这个杀死他，记得告诉他汉丽埃塔向他问好！
QuestLoc_LetsKnockitOuttathePark_QuestLongDescription,一个名叫汉丽埃塔的人留下了线索让我们去232号避难所。希望她能带我们找到拉基·乔宾逊的运动衫！
QuestLoc_LetsKnockitOuttathePark_QuestName,我们把它打出公园外面！
QuestLoc_LetsKnockitOuttathePark_QuestObjective_1,寻找拉基·乔宾逊的棒球运动衫。
QuestLoc_LetsKnockitOuttathePark_QuestShortDescription,汉丽埃塔能帮我们找到运动衫吗？
QuestLoc_LittleMissWasteland_Conversation_1_NPCEnd_1,好的！穿过那扇门就开始吧。
QuestLoc_LittleMissWasteland_Conversation_1_NPCEnd_2,当然！穿过那扇门就开始吧。
QuestLoc_LittleMissWasteland_Conversation_1_NPCEnd_3,拿个号！在那之前，先穿过那扇门。
QuestLoc_LittleMissWasteland_Conversation_1_NPCStart_1,……看来又有一位参赛者走进来了。
QuestLoc_LittleMissWasteland_Conversation_1_NPCStart_2,欢迎来到第16届废土小姐选美大赛，由避难所科技赞助！
QuestLoc_LittleMissWasteland_Conversation_1_NPCStart_3,呃……你知道我们把泳装比赛取消了吧？
QuestLoc_LittleMissWasteland_Conversation_1_NPCStart_4,取而代之的是射击比赛。
QuestLoc_LittleMissWasteland_Conversation_1_Team_1,我在废土游荡时一直穿这件。
QuestLoc_LittleMissWasteland_Conversation_1_Team_2,这不是泳装，是，呃……迷彩服！
QuestLoc_LittleMissWasteland_Conversation_1_Team_3,等这件事结束，我就杀了你。
QuestLoc_LittleMissWasteland_Conversation_2_NPCEnd_1,不，没有。直接过去就行。
QuestLoc_LittleMissWasteland_Conversation_2_NPCEnd_2,对，没有那回事。直接通过那扇门吧。
QuestLoc_LittleMissWasteland_Conversation_2_NPCEnd_3,噢，真是条好……我是说，通过那扇门开始吧。
QuestLoc_LittleMissWasteland_Conversation_2_NPCStart_1,欢迎来到节目的问答环节！
QuestLoc_LittleMissWasteland_Conversation_2_NPCStart_2,我们会问你几个问题，以确保你具备高级大脑功能。
QuestLoc_LittleMissWasteland_Conversation_2_NPCStart_3,自从几年前一只金毛寻回犬成功获胜以来，我们就一直在这样做。
QuestLoc_LittleMissWasteland_Conversation_2_NPCStart_4,你准备好了吗？
QuestLoc_LittleMissWasteland_Conversation_2_Team_1,那是第一个问题吗？
QuestLoc_LittleMissWasteland_Conversation_2_Team_2,我能打电话给朋友吗？
QuestLoc_LittleMissWasteland_Conversation_2_Team_3,汪！
QuestLoc_LittleMissWasteland_Conversation_3_NPCEnd_1,这花了太多时间，但对了！请前往下一个房间。
QuestLoc_LittleMissWasteland_Conversation_3_NPCEnd_2,很抱歉，但回答错误。我相信下一题你会答对的……
QuestLoc_LittleMissWasteland_Conversation_3_NPCEnd_3,抱歉，没时间了。请前往下一个房间！
QuestLoc_LittleMissWasteland_Conversation_3_NPCEnd_4,没有万能牌。请前往下一个房间回答新问题。
QuestLoc_LittleMissWasteland_Conversation_3_NPCStart_1,欢迎来到第一个问题，由避难所科技赞助。
QuestLoc_LittleMissWasteland_Conversation_3_NPCStart_2,避难所科技，满足您的一切避难所需求！问题如下：
QuestLoc_LittleMissWasteland_Conversation_3_NPCStart_3,哪家公司为我们提供了在大战中存活下来的技术？
QuestLoc_LittleMissWasteland_Conversation_3_NPCStart_4,是避难所科技，还是核子可乐？
QuestLoc_LittleMissWasteland_Conversation_3_Team_1,呃……是……嗯……避难所科技？
QuestLoc_LittleMissWasteland_Conversation_3_Team_2,核子可乐。最终答案。
QuestLoc_LittleMissWasteland_Conversation_3_Team_3,能再重复一遍问题吗？
QuestLoc_LittleMissWasteland_Conversation_3_Team_4,我这道题要用万能牌。
QuestLoc_LittleMissWasteland_Conversation_4_NPCEnd_1,让我猜猜，你的祖母是尸鬼，对吧？（叹气）前往下一个房间……
QuestLoc_LittleMissWasteland_Conversation_4_NPCEnd_2,不是这么回事。就……从那个门过去吧。
QuestLoc_LittleMissWasteland_Conversation_4_NPCEnd_3,呃，我简直……从那个门过去就行。
QuestLoc_LittleMissWasteland_Conversation_4_NPCStart_1,好吧，看来第一个问题有点难，就算我们几乎把答案都告诉你了……
QuestLoc_LittleMissWasteland_Conversation_4_NPCStart_2,这次我们换个简单点的问题。
QuestLoc_LittleMissWasteland_Conversation_4_NPCStart_3,问题是：辐射是好，还是坏？
QuestLoc_LittleMissWasteland_Conversation_4_NPCStart_4,请现在给出答案。
QuestLoc_LittleMissWasteland_Conversation_4_Team_1,我奶奶觉得辐射暖暖麻麻的很舒服，所以我选“好”。
QuestLoc_LittleMissWasteland_Conversation_4_Team_2,可以二者皆是吗？
QuestLoc_LittleMissWasteland_Conversation_4_Team_3,呃……避难所科技？
QuestLoc_LittleMissWasteland_Conversation_5_NPCEnd_1,好吧……就从那边过去，一切都会没事的。
QuestLoc_LittleMissWasteland_Conversation_5_NPCStart_1,好吧，看来回答问题不是你的强项……
QuestLoc_LittleMissWasteland_Conversation_5_NPCStart_2,没问题，那我们直接进入射击比赛。
QuestLoc_LittleMissWasteland_Conversation_5_NPCStart_3,小心点，靶子是活的，它们*真的*会试图吃掉你。
QuestLoc_LittleMissWasteland_Conversation_5_NPCStart_4,还有什么问题吗？
QuestLoc_LittleMissWasteland_Conversation_5_Team_1,避难所科技！答案是避难所科技！
QuestLoc_LittleMissWasteland_Conversation_6_NPCEnd_1,当然，只要你保证再也不参加选美比赛了。
QuestLoc_LittleMissWasteland_Conversation_6_NPCStart_1,刚才……真是特别。现在，是时候加冕冠军了！
QuestLoc_LittleMissWasteland_Conversation_6_NPCStart_2,你是射击比赛中唯一的幸存者，这点可能会帮到你。
QuestLoc_LittleMissWasteland_Conversation_6_NPCStart_3,女士们先生们，请欢迎新的废土小姐……
QuestLoc_LittleMissWasteland_Conversation_6_NPCStart_4,连续第五年：金毛寻回犬辛迪！
QuestLoc_LittleMissWasteland_Conversation_6_Team_1,嗯，更优秀的候选人赢了。我能留下那条狗吗？
QuestLoc_LittleMissWasteland_QuestLongDescription,好消息！我们受邀参加废土小姐选美大赛——尽管名字如此，但男女均可参加。穿上你最漂亮的泳装，惊艳全场吧！
QuestLoc_LittleMissWasteland_QuestName,小废土小姐
QuestLoc_LittleMissWasteland_QuestObjective_1,进入前三名。
QuestLoc_LittleMissWasteland_QuestObjective_2,完成问答环节。
QuestLoc_LittleMissWasteland_QuestObjective_3,完成射击比赛。
QuestLoc_LittleMissWasteland_QuestShortDescription,参加废土上最负盛名的选美大赛。
QuestLoc_LittleMissWasteland_RaiderLine_1,我祈愿世界和平，以及所有异议者死无葬身之地！
QuestLoc_LittleMissWasteland_RaiderLine_2,没有才艺比赛？那我带卡祖笛来可真是白费了……
QuestLoc_LittleRedRadiumHood_Conversation_1_NPCEnd_1,嗯，我只是照指示做。我不是尸鬼专家。
QuestLoc_LittleRedRadiumHood_Conversation_1_NPCEnd_2,她确实这么做了！回头想想，也许那是一只死亡爪。
QuestLoc_LittleRedRadiumHood_Conversation_1_NPCEnd_3,嗯，你们花了好一阵子，我肚子饿了，所以把蛋糕都吃光了。
QuestLoc_LittleRedRadiumHood_Conversation_1_NPCStart_1,呼！你们找到我了！
QuestLoc_LittleRedRadiumHood_Conversation_1_NPCStart_2,我本想给奶奶送补给品，但她行为古怪。
QuestLoc_LittleRedRadiumHood_Conversation_1_NPCStart_3,她用饥渴的眼神一直盯着我。
QuestLoc_LittleRedRadiumHood_Conversation_1_NPCStart_4,我吓坏了，就跑到这里躲了起来！她还在隔壁房间。
QuestLoc_LittleRedRadiumHood_Conversation_1_Team_1,你确定那是奶奶吗？
QuestLoc_LittleRedRadiumHood_Conversation_1_Team_2,她是不是有大眼睛、大手掌和大嘴巴？
QuestLoc_LittleRedRadiumHood_Conversation_1_Team_3,补给品呢？
QuestLoc_LittleRedRadiumHood_Conversation_2_NPCEnd_1,哦，那一定是我的菲多。在废土找到的，可怜的小狗狗……
QuestLoc_LittleRedRadiumHood_Conversation_2_NPCEnd_2,哦，那些让我胃灼热。还有辐射中毒。
QuestLoc_LittleRedRadiumHood_Conversation_2_NPCEnd_3,当然！来，给你一些薄荷糖。它们已经超过200年了！
QuestLoc_LittleRedRadiumHood_Conversation_2_NPCStart_1,是你吗，亲爱的？
QuestLoc_LittleRedRadiumHood_Conversation_2_NPCStart_2,走近点……我的眼睛不如从前了。
QuestLoc_LittleRedRadiumHood_Conversation_2_NPCStart_3,你给我带更多那种甜蛋糕了吗？
QuestLoc_LittleRedRadiumHood_Conversation_2_Team_1,我们听说你在对我们的送货员抛媚眼是怎么回事？
QuestLoc_LittleRedRadiumHood_Conversation_2_Team_2,抱歉，甜蛋糕没了，但我们有一些黄色的……
QuestLoc_LittleRedRadiumHood_Conversation_2_Team_3,真的是你吗，奶奶？
QuestLoc_LittleRedRadiumHood_QuestLongDescription,我们派了一名居民给被称为“奶奶”的老年非狂尸鬼送食物，但已经有一阵子没收到她的消息了。我们需要派一个团队去调查！
QuestLoc_LittleRedRadiumHood_QuestName,小红镭帽
QuestLoc_LittleRedRadiumHood_QuestObjective_1,救出送餐快递员。
QuestLoc_LittleRedRadiumHood_QuestObjective_2,查明外婆发生了什么。
QuestLoc_LittleRedRadiumHood_QuestShortDescription,找到并救出送餐女孩。
QuestLoc_LittleRedRadiumHood_RaiderLine_1,嘿，你不是外婆！
QuestLoc_LiveDeadDrop_Conversation_1_NPCEnd_1,你很幸运，我刚才没开枪打你......
QuestLoc_LiveDeadDrop_Conversation_1_NPCEnd_2,*叹气*只要给我信息就可以了。
QuestLoc_LiveDeadDrop_Conversation_1_NPCEnd_3,就这样? 哇。很高兴你没有因为*那个*被杀！
QuestLoc_LiveDeadDrop_Conversation_1_NPCStart_1,“乌鸦在午夜飞行”。
QuestLoc_LiveDeadDrop_Conversation_1_NPCStart_2,……
QuestLoc_LiveDeadDrop_Conversation_1_NPCStart_3,你不是应该说点什么回话吗？
QuestLoc_LiveDeadDrop_Conversation_1_Team_1,哦，对了。“狐猴什么都看得到，但什么都不说”
QuestLoc_LiveDeadDrop_Conversation_1_Team_2,...对不起，我忘了密码。
QuestLoc_LiveDeadDrop_Conversation_1_Team_3,给你的信息是: “一切顺利，继续好好工作!”
QuestLoc_LiveDeadDrop_QuestLongDescription,我们需要给一个潜入掠夺者帮派的朋友发一条信息。你的任务是把信息送到附近的超级大卖场，让他来取。尽量不要被发现。或者，你知道的，(被发现就会)被杀。
QuestLoc_LiveDeadDrop_QuestName,当面在秘密地点交易
QuestLoc_LiveDeadDrop_QuestObjective_1,传递秘密信息。
QuestLoc_LiveDeadDrop_QuestShortDescription,向一个双面间谍传递信息。
QuestLoc_LunchboxRun_QuestLongDescription,你找到了避难所科技饭盒的所在地！现在只需要派人去把它拿回来就可以了！
QuestLoc_LunchboxRun_QuestName,避难所科技饭盒竞赛
QuestLoc_LunchboxRun_QuestObjective_1,找到避难所科技饭盒。
QuestLoc_LunchboxRun_QuestShortDescription,带回避难所科技饭盒。
QuestLoc_MallMadness_Conversation_1_NPCStart_1,从10点开始营业！早来也没用！
QuestLoc_MallMadness_Conversation_2_NPCStart_1,所有家具五折！概不还价。
QuestLoc_MallMadness_Conversation_3_NPCStart_1,商品概不退换！
QuestLoc_MallMadness_QuestLongDescription,谁会知道买东西也是很危险的呢？
QuestLoc_MallMadness_QuestName,商场惊魂
QuestLoc_MallMadness_QuestObjective_1,杀死发光者。
QuestLoc_MallMadness_QuestShortDescription,商场里已经泛滥成灾了！
QuestLoc_ManonFirst_Conversation_1_NPCStart_1,该死的！球衣不在这儿。继续找！
QuestLoc_ManonFirst_QuestLongDescription,在废土的某个地方，传奇棒球运动员拉基·乔宾逊的棒球运动衫正安静地等待着你。准备好了吗？
QuestLoc_ManonFirst_QuestName,男士优先
QuestLoc_ManonFirst_QuestObjective_1,寻找拉基·乔宾逊的棒球运动衫。
QuestLoc_ManonFirst_QuestShortDescription,找到传奇人物拉基·乔宾逊的棒球运动衫！
QuestLoc_ManonSecond_Conversation_1_NPCStart_1,不，不在这里，我们必须继续寻找！
QuestLoc_ManonSecond_QuestLongDescription,好吧，第一个地方看来泡汤了，寻找拉基·乔宾逊的运动衫的任务还要继续！
QuestLoc_ManonSecond_QuestName,男人的第二次
QuestLoc_ManonSecond_QuestObjective_1,寻找拉基·乔宾逊的棒球运动衫。
QuestLoc_ManonSecond_QuestShortDescription,找到拉奇·乔宾森的棒球球衣。
QuestLoc_ManonThird_Conversation_1_NPCStart_1,又没找到，真糟糕。
QuestLoc_ManonThird_QuestLongDescription,还是没有运动衫，也许下一个地方能找到！
QuestLoc_ManonThird_QuestName,男人的第三次
QuestLoc_ManonThird_QuestObjective_1,寻找拉基·乔宾逊的棒球运动衫。
QuestLoc_ManonThird_QuestShortDescription,找到拉奇·乔宾森的棒球球衣。
QuestLoc_MaskHysteria_Conversation_1_NPCEnd_1,你的克制让我们非常欣赏，你可以安全地离开这里了。
QuestLoc_MaskHysteria_Conversation_1_NPCEnd_2,那么，你永远别想活着离开了！
QuestLoc_MaskHysteria_Conversation_1_NPCEnd_3,你的勇气让我们非常欣赏，你可以安全地离开这里了。
QuestLoc_MaskHysteria_Conversation_1_NPCEnd_4,这将会是你最后的一口气了。
QuestLoc_MaskHysteria_Conversation_1_NPCStart_1,你在害怕什么？告诉我们，我们就让你通过！
QuestLoc_MaskHysteria_Conversation_1_Team_1,我在害怕这种毫无意义的杀戮。
QuestLoc_MaskHysteria_Conversation_1_Team_2,我不会告诉你任何事情的！
QuestLoc_MaskHysteria_Conversation_1_Team_3,我害怕变成像你这样的白痴！
QuestLoc_MaskHysteria_Conversation_1_Team_4,我没兴趣和你闹！我只想达到我的目的。
QuestLoc_MaskHysteria_QuestLongDescription,为了把掠夺者从31号避难所吓跑，一个乐于助人的旅行者建议我们穿上附近一个旧工厂里的幽灵服。
QuestLoc_MaskHysteria_QuestName,面具惊魂
QuestLoc_MaskHysteria_QuestObjective_1,找到工厂里的幽灵服。
QuestLoc_MaskHysteria_QuestShortDescription,拿到旧服装厂里的幽灵服。
QuestLoc_MatterstoSettle_Conversation_1_NPCEnd_1,只有少数人。多亏了三狗的警告，大多数人都及时逃出去了。请救救他们。
QuestLoc_MatterstoSettle_Conversation_1_NPCStart_1,自由开火，大伙儿！朝——开枪！
QuestLoc_MatterstoSettle_Conversation_1_NPCStart_2,等等！停下！
QuestLoc_MatterstoSettle_Conversation_1_NPCStart_3,你是谁？你是来帮忙的吗？
QuestLoc_MatterstoSettle_Conversation_1_Team_1,是的！我们来阻止这场疯狂。还有更多居民被困在这里吗？
QuestLoc_MatterstoSettle_Conversation_2_NPCEnd_1,好吧。回头我在你的避难所见你。
QuestLoc_MatterstoSettle_Conversation_2_NPCEnd_2,你这么说真是太客气了。我不会让你失望的。
QuestLoc_MatterstoSettle_Conversation_2_NPCStart_1,谢谢！我们的弹药耗尽了，还以为完蛋了。
QuestLoc_MatterstoSettle_Conversation_2_NPCStart_2,那些害虫和尸鬼并不是专门冲着我们来的，但也不会避开我们。
QuestLoc_MatterstoSettle_Conversation_2_NPCStart_3,你救了我们，所以如果你的避难所需要帮手，我就跟你回去。
QuestLoc_MatterstoSettle_Conversation_2_Team_1,避难所总是需要人手。你会很合得来的。
QuestLoc_MatterstoSettle_Conversation_2_Team_2,感谢你的好意，但你应该留在这里，保护其他居民。
QuestLoc_MatterstoSettle_Conversation_3_NPCEnd_1,没问题，没问题！我正好要走了。
QuestLoc_MatterstoSettle_Conversation_3_NPCEnd_2,是的……没错。但之后我还是会饿。我真傻。
QuestLoc_MatterstoSettle_Conversation_3_NPCEnd_3,哦太好了，我终于不用再谈饥饿了。这是我找到的一把枪，希望能帮上忙。
QuestLoc_MatterstoSettle_Conversation_3_NPCEnd_4,那……挺好的。不如我们各走各的路？
QuestLoc_MatterstoSettle_Conversation_3_NPCStart_1,别开枪！我太饿了打不了！简直受不了！
QuestLoc_MatterstoSettle_Conversation_3_NPCStart_2,只有冰镇核子可乐才能满足我的饥饿。
QuestLoc_MatterstoSettle_Conversation_3_NPCStart_3,饿这饿那！我嘴里全是这个！
QuestLoc_MatterstoSettle_Conversation_3_Team_1,现在就离开这个定居点，免得大家难堪。
QuestLoc_MatterstoSettle_Conversation_3_Team_2,你难道是想说“解渴”吗？
QuestLoc_MatterstoSettle_Conversation_3_Team_3,雄鹰在双头牛群上空翱翔。
QuestLoc_MatterstoSettle_Conversation_3_Team_4,鹌鹑在灌木丛中沙沙作响。
QuestLoc_MatterstoSettle_Conversation_4_NPCEnd_1,不是。战争崇拜者会直截了当地试图在前往战争骑士的路上杀死你。
QuestLoc_MatterstoSettle_Conversation_4_NPCStart_1,收起武器，勇敢的战士们。我是来谈判的，不是来战斗的。
QuestLoc_MatterstoSettle_Conversation_4_NPCStart_2,我带来了伟大的战争骑士的口信，愿他永生。
QuestLoc_MatterstoSettle_Conversation_4_NPCStart_3,你们在此地战斗英勇，他感谢你们对抗他的敌人所做的努力。
QuestLoc_MatterstoSettle_Conversation_4_NPCStart_4,因此他请求与你们会谈，商讨共同关心的问题。
QuestLoc_MatterstoSettle_Conversation_4_Team_1,是个陷阱，对吧？
QuestLoc_MatterstoSettle_Conversation_5_NPCEnd_1,没错！欲知后事如何！
QuestLoc_MatterstoSettle_Conversation_5_NPCStart_1,战争骑士想和你们谈什么？
QuestLoc_MatterstoSettle_Conversation_5_NPCStart_2,第四位骑士，死亡，会最终加入战斗吗？
QuestLoc_MatterstoSettle_Conversation_5_NPCStart_3,而害虫们能想出一个更响亮的名号吗？
QuestLoc_MatterstoSettle_Conversation_5_NPCStart_4,更多精彩内容，敬请期待第二部分的剧情！
QuestLoc_MatterstoSettle_Conversation_5_Team_1,未完待续？！
QuestLoc_MatterstoSettle_QuestLongDescription,三狗报告说害虫和饥饿帮即将在一个定居点的地方发生冲突！我们需要阻止他们并拯救尽可能多的居民。另外，我们应留意每周播报记者，并在他们谈论核子可乐后使用暗号“鹰”。
QuestLoc_MatterstoSettle_QuestName,有待解决
QuestLoc_MatterstoSettle_QuestObjective_1,在定居点搜索害虫和饥饿帮。
QuestLoc_MatterstoSettle_QuestObjective_2,拯救居民。
QuestLoc_MatterstoSettle_QuestObjective_3,与战争信徒交谈。
QuestLoc_MatterstoSettle_QuestShortDescription,拯救一个夹在害虫和饥饿帮之间的定居点。
QuestLoc_MatterstoSettle_RaiderLine_1,愿辐射保佑！
QuestLoc_MatterstoSettle_RaiderLine_2,我们不配！
QuestLoc_MatterstoSettle_RaiderLine_3,让瘟疫的辐射充满你们的心！
QuestLoc_MiseryLoathesCompany_QuestLongDescription,一个强大的掠夺者boss占领了红火箭燃料站，他把那些探险者作为训练的对象。在有人受伤之前率先把他干掉。
QuestLoc_MiseryLoathesCompany_QuestName,悲剧公司
QuestLoc_MiseryLoathesCompany_QuestObjective_1,杀死掠夺者Boss。
QuestLoc_MiseryLoathesCompany_QuestShortDescription,向占领红火箭卡车停车站的掠夺者Boss发起挑战。
QuestLoc_MiseryLoathesCompany_RaiderLine_1,新鲜的肉吗？我一个人反倒是件好事呢！
QuestLoc_MissionofMercy_Conversation_1_NPCStart_1,哈哈哈！你在找马克森的蛮子吗？
QuestLoc_MissionofMercy_Conversation_1_NPCStart_2,别担心，他们在避难所科技指挥部。
QuestLoc_MissionofMercy_Conversation_1_NPCStart_3,现在，你需要做的只是活下去，然后找到他们！
QuestLoc_MissionofMercy_QuestLongDescription,我偶然发现了一个尸鬼，曾经他是马克森的蛮子。他告诉我小队里剩下的人呢被困在了390号避难所，是时候去营救了。
QuestLoc_MissionofMercy_QuestName,行善任务
QuestLoc_MissionofMercy_QuestObjective_1,援救马克森的蛮子。
QuestLoc_MissionofMercy_QuestShortDescription,去390号避难所援救马克森的蛮子。
QuestLoc_MondayNightBrawl_Conversation_1_NPCEnd_1,哦？我们走着瞧。
QuestLoc_MondayNightBrawl_Conversation_1_NPCEnd_2,这真是扯淡……
QuestLoc_MondayNightBrawl_Conversation_1_NPCEnd_3,准备好去拿第一个瓶盖！
QuestLoc_MondayNightBrawl_Conversation_1_NPCStart_1,你到底是什么鬼东西？
QuestLoc_MondayNightBrawl_Conversation_1_Team_1,我们是来让你付出代价的，敛尸官！
QuestLoc_MondayNightBrawl_Conversation_1_Team_2,我来这里是为了喝核子可乐，然后杀了像你这样的人的。我手上已经没有核子可乐了。
QuestLoc_MondayNightBrawl_Conversation_1_Team_3,如果我们每次都要为你这样的人浪费瓶盖，那我们肯定早就用光了！
QuestLoc_MondayNightBrawl_Conversation_2_NPCEnd_1,真是能顶嘴，抓住他们！
QuestLoc_MondayNightBrawl_Conversation_2_NPCEnd_2,是这样吗，硬汉？
QuestLoc_MondayNightBrawl_Conversation_2_NPCEnd_3,真能吹牛，让我们悄悄你是不是真的能做到。
QuestLoc_MondayNightBrawl_Conversation_2_NPCStart_1,我没有注意到马戏团就在城里。
QuestLoc_MondayNightBrawl_Conversation_2_Team_1,我在这里看到的小丑就只有你一个！
QuestLoc_MondayNightBrawl_Conversation_2_Team_2,我是马戏团里的魔术师，我的第一个戏法就是让你们的牙统统消失。
QuestLoc_MondayNightBrawl_Conversation_2_Team_3,遇见人肉炮弹，如果你们一直打算挡着我的道的话，我就要把你们全部炸飞！
QuestLoc_MondayNightBrawl_Conversation_3_NPCEnd_1,坚持住，很快就结束了。
QuestLoc_MondayNightBrawl_Conversation_3_NPCEnd_2,准备好受重伤吧，避难所的居民！
QuestLoc_MondayNightBrawl_Conversation_3_NPCEnd_3,你有用断掉的手指捡过牙齿吗？
QuestLoc_MondayNightBrawl_Conversation_3_NPCStart_1,我已经受不了你这种白痴待在我的小队里了！
QuestLoc_MondayNightBrawl_Conversation_3_Team_1,我不是为了让你不爽才来这里的，我是为了给你带来好东西！
QuestLoc_MondayNightBrawl_Conversation_3_Team_2,我希望你最近还行，贝德纳斯基，因为你不会轻易离开的。
QuestLoc_MondayNightBrawl_Conversation_3_Team_3,我受够你了，贝德纳斯基！是时候让你滚蛋了。
QuestLoc_MondayNightBrawl_QuestLongDescription,附近一个掠夺者团伙正在向你叫阵！是时候让他们明白谁才是真正的老大了！去狠狠地踹他们的屁股吧！
QuestLoc_MondayNightBrawl_QuestName,争吵星期一
QuestLoc_MondayNightBrawl_QuestObjective_1,打败贝德纳斯基。
QuestLoc_MondayNightBrawl_QuestObjective_2,打败哈切特·奥霍力亨。
QuestLoc_MondayNightBrawl_QuestObjective_3,打败敛尸官。
QuestLoc_MondayNightBrawl_QuestShortDescription,打败掠夺者Boss。
QuestLoc_MondayNightBrawl_RaiderLine_1,不错的服装！
QuestLoc_MondayNightBrawl_RaiderLine_2,你一定是在开玩笑！
QuestLoc_MondayNightBrawl_RaiderLine_3,一群乌合之众！
QuestLoc_MonsterUndertheBed_QuestLongDescription,避难所里的一些孩子在外面玩的时候，一头可怕的怪物抢走了他们的泰迪熊。现在，他们都不敢睡觉了，闹着说那个怪物在晚上会回来找他们！我们得吧那头怪物找到，然后终结这些孩子的恐惧。
QuestLoc_MonsterUndertheBed_QuestName,床下的怪物
QuestLoc_MonsterUndertheBed_QuestObjective_1,找到并且杀死怪物。
QuestLoc_MonsterUndertheBed_QuestShortDescription,追踪并且杀死偷走泰迪熊的怪物！
QuestLoc_MonsterUndertheBed_RaiderLine_1,这里还有踪迹，我们正在追踪某些东西！
QuestLoc_MonsterUndertheBed_RaiderLine_2,我敢肯定这头怪物和孩子们说的有些不一样。
QuestLoc_MonsterUndertheBed_RaiderLine_3,我感觉刚刚踩到了怪物的便便，真是恶心。
QuestLoc_MonsterUndertheBed_RaiderLine_4,如果我被怪物吃掉了，我希望他能给我留副骨头。
QuestLoc_MVPoftheYear_Conversation_1_NPCStart_1,教练不在这儿，运动衫也没有。
QuestLoc_MVPoftheYear_QuestLongDescription,教练从阿尔法死亡爪的手里活了下来，但是他绝对逃不过我的手心！史莱姆苏丹留下了另一条自恋的信息，让我们得知他还在某个地方。调查要继续了！
QuestLoc_MVPoftheYear_QuestName,年度MVP！
QuestLoc_MVPoftheYear_QuestObjective_1,寻找拉基·乔宾逊的棒球运动衫。
QuestLoc_MVPoftheYear_QuestShortDescription,继续寻找教练和运动衫！
QuestLoc_MyMetalPony_Conversation_1_NPCEnd_1,除非我死了！
QuestLoc_MyMetalPony_Conversation_1_NPCEnd_2,我们不会连手都不动就放弃！
QuestLoc_MyMetalPony_Conversation_1_NPCEnd_3,别想！
QuestLoc_MyMetalPony_Conversation_1_NPCEnd_4,那一点用都没！
QuestLoc_MyMetalPony_Conversation_1_NPCStart_1,哦，你好！今天我并不想见任何人。
QuestLoc_MyMetalPony_Conversation_1_NPCStart_2,我们刚刚发现了这株金凤花！我们……
QuestLoc_MyMetalPony_Conversation_1_NPCStart_3,你为什么这么看着我？
QuestLoc_MyMetalPony_Conversation_1_NPCStart_4,哦不，你不能拿着这个！
QuestLoc_MyMetalPony_Conversation_1_Team_1,把玩具交出来。
QuestLoc_MyMetalPony_Conversation_1_Team_2,这里是一个小镇，伙计。
QuestLoc_MyMetalPony_Conversation_1_Team_3,放手，然后滚开。
QuestLoc_MyMetalPony_Conversation_1_Team_4,放弃吧，你是进不去胶水厂的。
QuestLoc_MyMetalPony_QuestLongDescription,你用它当做备品还是说在空余时间做消遣用的？这都取决于你，你才是监督者。你可以派定居点弄一个来！
QuestLoc_MyMetalPony_QuestName,我的小铁马
QuestLoc_MyMetalPony_QuestObjective_1,寻找一株金凤花。
QuestLoc_MyMetalPony_QuestShortDescription,寻找一株金凤花。
QuestLoc_MyWeirdScienceProject_QuestLongDescription,有什么比直接观察更加能够了解这种致命的发光辐射蝎呢？派你的研究小队去怪物的巢穴，哦，当然，你得先杀死那些怪物。
QuestLoc_MyWeirdScienceProject_QuestName,奇怪的科研项目
QuestLoc_MyWeirdScienceProject_QuestObjective_1,消灭发光的辐射蝎。
QuestLoc_MyWeirdScienceProject_QuestShortDescription,以科学之名消灭发光的辐射蝎！
QuestLoc_NabbedfromNukaWorld_QuestlineName,核子世界的追捕
QuestLoc_NoRestfortheWicked_Conversation_1_NPCStart_1,你来这里是为了寻求帮助？
QuestLoc_NoRestfortheWicked_Conversation_1_NPCStart_2,监督者兹勒维斯基在那里。
QuestLoc_NoRestfortheWicked_Conversation_1_NPCStart_3,如果你能就她的话，那就太好了！
QuestLoc_NoRestfortheWicked_Conversation_1_NPCStart_4,带上这个，也许能帮上忙！
QuestLoc_NoRestfortheWicked_Conversation_2_NPCEnd_1,那么，就这样了！
QuestLoc_NoRestfortheWicked_Conversation_2_NPCEnd_2,哦！真的吗？那么我们可以做朋友了？替我办事吧！
QuestLoc_NoRestfortheWicked_Conversation_2_NPCEnd_3,避难所科技？去他们的！还有，去你的！
QuestLoc_NoRestfortheWicked_Conversation_2_NPCEnd_4,呃，让我想想……算了，我们还是开战吧！
QuestLoc_NoRestfortheWicked_Conversation_2_NPCStart_1,在找监督者？你找到她了！
QuestLoc_NoRestfortheWicked_Conversation_2_NPCStart_2,我叫兹勒维斯基！
QuestLoc_NoRestfortheWicked_Conversation_2_NPCStart_3,鲁巴布的掠夺者们找到了我，他们逼我加入他们，不然就要杀了我！
QuestLoc_NoRestfortheWicked_Conversation_2_NPCStart_4,感觉是件挺简单的事情，那么，我想我们都可以去战斗吧？
QuestLoc_NoRestfortheWicked_Conversation_2_Team_1,嗯哼。
QuestLoc_NoRestfortheWicked_Conversation_2_Team_2,战斗？不！我来这里是为了救你……
QuestLoc_NoRestfortheWicked_Conversation_2_Team_3,你真是给避难所科技丢人！我们战斗是理所当然的！
QuestLoc_NoRestfortheWicked_Conversation_2_Team_4,告诉你吧，你得拿出点像样的东西，这样我们才不会把它丢掉。
QuestLoc_NoRestfortheWicked_QuestLongDescription,鲁巴布感觉才刚刚开始，你从兹勒维斯基监督者的避难所收到了一个求救信号，最好去调查一下！
QuestLoc_NoRestfortheWicked_QuestName,恶者不息
QuestLoc_NoRestfortheWicked_QuestObjective_1,与兹勒维斯基监督者交谈。
QuestLoc_NoRestfortheWicked_QuestShortDescription,回应兹勒维斯基监督者的求救信号。
QuestLoc_NoStoneUnturned_Conversation_1_NPCEnd_1,有一些人留下来想要解决掉那些在核子可乐工厂里的狂尸鬼。
QuestLoc_NoStoneUnturned_Conversation_1_NPCStart_1,我是桑杜希骑士，马克森的蛮子。
QuestLoc_NoStoneUnturned_Conversation_1_NPCStart_2,感谢你的帮助，那些辐射蝎一直在追赶我的小队。
QuestLoc_NoStoneUnturned_Conversation_1_Team_1,非常乐意帮忙，你剩下的人手呢？
QuestLoc_NoStoneUnturned_QuestLongDescription,一些马克森的蛮子在威尔逊的玩具工厂里被杀了，剩下的去了波塞冬能源公司。我正打算去那儿。
QuestLoc_NoStoneUnturned_QuestName,想方设法
QuestLoc_NoStoneUnturned_QuestObjective_1,探索波塞冬能源公司。
QuestLoc_NoStoneUnturned_QuestShortDescription,在波塞冬能源公司找到其它马克森的蛮子。
QuestLoc_NoThanksfortheGobbler_QuestlineName,谢绝格布勒！
QuestLoc_NoTimeforPaws_Conversation_1_NPCEnd_1,我还不知道他已经有家了！你是一个幸运的主人，他就在这儿！大斯派！你可以出来了！
QuestLoc_NoTimeforPaws_Conversation_1_NPCStart_1,布洛迪派你来的吗？我还以为我们死定了！
QuestLoc_NoTimeforPaws_Conversation_1_NPCStart_2,在鼹鼠和辐射蝎把地板变成奶酪时，我们正好进去。
QuestLoc_NoTimeforPaws_Conversation_1_NPCStart_3,幸好大斯派在这里，他听到了声音，然后救了我的命！
QuestLoc_NoTimeforPaws_Conversation_1_Team_1,我来这里是为了找大斯派，并且把他带回家。他和你在这里……
QuestLoc_NoTimeforPaws_QuestLongDescription,我救了救援小队，但是大斯派并没有和他们在一起。有人告诉我们，他可能去了314号避难所。
QuestLoc_NoTimeforPaws_QuestName,争分夺秒
QuestLoc_NoTimeforPaws_QuestObjective_1,找到大斯派。
QuestLoc_NoTimeforPaws_QuestShortDescription,在314号避难所找到萨利和大斯派。
QuestLoc_NotSoSafehouse_Conversation_1_NPCStart_1,这一定是一个不错的主意……
QuestLoc_NotSoSafehouse_Conversation_1_NPCStart_2,谢谢你替我们留着培根。
QuestLoc_NotSoSafehouse_Conversation_1_NPCStart_3,掠夺者们想要把这些卖到学院里。
QuestLoc_NotSoSafehouse_Conversation_1_NPCStart_4,他们去了当地的法隆办公室，你能够阻止他们吗？
QuestLoc_NotSoSafehouse_QuestLongDescription,铁路特工成功地逃脱了，他们去了安全屋。请与他们联系，确保他们平安无事。
QuestLoc_NotSoSafehouse_QuestName,不安全的安全屋
QuestLoc_NotSoSafehouse_QuestObjective_1,找到铁路特工。
QuestLoc_NotSoSafehouse_QuestShortDescription,找到铁路特工。
QuestLoc_NukaColaQuantumRun_QuestLongDescription,我想我们已经知道稀有的量子型核子可乐的位置了！
QuestLoc_NukaColaQuantumRun_QuestName,量子型核子可乐之旅
QuestLoc_NukaColaQuantumRun_QuestObjective_1,找到量子型核子可乐。
QuestLoc_NukaColaQuantumRun_QuestShortDescription,寻找丢失的量子型核子可乐。
QuestLoc_OBrother_Conversation01_NPC01,欢迎来到分部。很高兴看到基地里有外来者。
QuestLoc_OBrother_Conversation01_NPC02,兄弟会有时会有点封闭，但……
QuestLoc_OBrother_Conversation01_NPC03,我觉得如果不向外接触，我们就无法完成工作。
QuestLoc_OBrother_Conversation02_NPC01,管好你的手，别碍事。
QuestLoc_OBrother_Conversation02_NPC02,我们这里有很多重要的工作要做。
QuestLoc_OBrother_Conversation03_NPC01,嘿！你和死亡爪打过架吗？
QuestLoc_OBrother_Conversation03_NPC02,我们，呃，有一具标本跑出来了，我不知道该怎么办。
QuestLoc_OBrother_Conversation03_NPC03,你觉得你能处理它吗？
QuestLoc_OBrother_Conversation04_NPC01,嘿，呃……以前从没见过你……
QuestLoc_OBrother_Conversation04_NPC02,我叫马克西姆斯。呃，其实我不该进来。这事你能保密的话，我会很感激的。
QuestLoc_OBrother_Answer03_NPC01,谢谢！来，拿着这个，也许能帮上忙。
QuestLoc_OBrother_Answer03_NPC02,好吧，只有一条路可走，我可不想跟那玩意儿打。祝你好运。
QuestLoc_OBrother_Answer04_NPC01,呼，谢了。嘿，以后要是有需要，你知道该找谁。
QuestLoc_OBrother_Answer04_NPC02,我虽然只是个侍从，但在兄弟会里有个朋友可是值大把瓶盖的。
QuestLoc_OBrother_Answer03_PC01,呃，好吧。我想我们能搞定。嗯，退后。
QuestLoc_OBrother_Answer03_PC02,什么？进去？你疯了吗？没门！
QuestLoc_OBrother_Answer04_PC01,我会替你保密的。
QuestLoc_OBrother_Answer04_PC02,行，只要价钱合适。
QuestLoc_OBrother_Conversation05_NPC01,哦太棒了！真不敢相信我们居然瞒过守卫溜进来了！
QuestLoc_OBrother_Conversation05_NPC02,兄弟会有各种最好的玩具，看这个！轰！
QuestLoc_OBrother_Conversation05_NPC03,嘿！你是谁？识相点就赶紧滚开！
QuestLoc_OBrother_Answer05_PC01,没门！我们不会让你们这些人渣带着兄弟会科技跑掉的。
QuestLoc_OBrother_Answer05_PC02,好了好了，冷静点。我们从没来过，什么都没看见……
QuestLoc_OBrother_Answer05_PC03,没问题。只要你跟我们分一些那些玩意儿就行。
QuestLoc_OBrother_Answer05_NPC01,别说我没警告过你。
QuestLoc_OBrother_Answer05_NPC02,再也别见了，废物们。
QuestLoc_OBrother_Answer05_NPC03,哼，算你走运，我们得保持低调。拿着。滚吧。
QuestLoc_OBrother_QuestName,守护兄弟会
QuestLoc_OBrother_QuestLongDescription,兄弟会在附近建了一个相当大的基地。作为一个准军事宗教组织，他们总体还不算太坏。也许我们应该进去打个招呼。
QuestLoc_OBrother_QuestShortDescription,探索兄弟会基地。
QuestLoc_OBrother_QuestObjective,尽可能了解钢铁兄弟会的情报。
QuestLoc_OBrother_Initial1,嘿！见到新面孔真高兴！
QuestLoc_OBrother_Initial2,加入兄弟会是我做过的最明智的选择！
QuestLoc_OBrother_Initial3,没有什么能比得上动力装甲和等离子蒸汽的味道！
QuestLoc_OfftheRails_Conversation_1_NPCEnd_1,谢谢你！我听说玩具公司那边……
QuestLoc_OfftheRails_Conversation_1_NPCEnd_2,我们要帮的是合成人，我觉得他们去了玩具公司……
QuestLoc_OfftheRails_Conversation_1_NPCEnd_3,没什么，他们只是在追合成人！我觉得他们去了老原子玩具办公大楼。
QuestLoc_OfftheRails_Conversation_1_NPCEnd_4,学院里的机器人！它们可不应该被送到玩具公司去……
QuestLoc_OfftheRails_Conversation_1_NPCStart_1,哦，上帝啊，我觉得我完蛋了！
QuestLoc_OfftheRails_Conversation_1_NPCStart_2,你没见到其它的吗？我们走散了！
QuestLoc_OfftheRails_Conversation_1_NPCStart_3,我们想要把合成人送到安全的地方，结果却被抓了。
QuestLoc_OfftheRails_Conversation_1_Team_1,放松，你现在安全了。
QuestLoc_OfftheRails_Conversation_1_Team_2,其它的？什么其它的？
QuestLoc_OfftheRails_Conversation_1_Team_3,掠夺者想要什么？
QuestLoc_OfftheRails_Conversation_1_Team_4,合成人是什么？
QuestLoc_OfftheRails_QuestLongDescription,一群名为“铁路”的人想要把难民偷渡出去，结果被掠夺者抓起来了。请对他们实施援救。
QuestLoc_OfftheRails_QuestName,铁路之外
QuestLoc_OfftheRails_QuestObjective_1,援救被抓走的铁路特工。
QuestLoc_OfftheRails_QuestShortDescription,援救被抓走的铁路特工。
QuestLoc_OneGhoulCustomer_Conversation_1_NPCEnd_1,给你，也许你应该弄一些核子储备。
QuestLoc_OneGhoulCustomer_Conversation_1_NPCEnd_2,哦，也许你应该弄一些储备。
QuestLoc_OneGhoulCustomer_Conversation_1_NPCEnd_3,哦，真是好主意！
QuestLoc_OneGhoulCustomer_Conversation_1_NPCEnd_4,当然！这可是最高级的点心。来吧，尝尝。
QuestLoc_OneGhoulCustomer_Conversation_1_NPCStart_1,哦，我的天！你能来真好！
QuestLoc_OneGhoulCustomer_Conversation_1_NPCStart_2,那些可怕的尸鬼想要偷走我的量子型核子可乐。
QuestLoc_OneGhoulCustomer_Conversation_1_Team_1,能帮上忙很高兴！
QuestLoc_OneGhoulCustomer_Conversation_1_Team_2,你真是疯了，我们是来找你的，而不是为了你的东西来的。
QuestLoc_OneGhoulCustomer_Conversation_1_Team_3,也许我该拿着这些量子型核子可乐，这样你才会安全。
QuestLoc_OneGhoulCustomer_Conversation_1_Team_4,你觉得这些量子型核子可乐比你的命还重要吗？
QuestLoc_OneGhoulCustomer_QuestLongDescription,西雅拉被尸鬼困在了当地的大无敌超市，请在她变成尸鬼的晚餐之前去救她。
QuestLoc_OneGhoulCustomer_QuestName,尸鬼顾客
QuestLoc_OneGhoulCustomer_QuestObjective_1,拯救西雅拉。
QuestLoc_OneGhoulCustomer_QuestShortDescription,从尸鬼手中救出西雅拉。
QuestLoc_OperationSandman_Conversation_1_NPCStart_1,请翻开手册第五十二条第一款。
QuestLoc_OperationSandman_Conversation_1_NPCStart_2,“汤品分配器必须将汤加热至恰好200度，但西班牙冷汤除外……”
QuestLoc_OperationSandman_Conversation_1_Team_1,邪教徒的管理真是滴水不漏。监督者可从没给*我们*做过任何维护培训。
QuestLoc_OperationSandman_Conversation_2_NPCEnd_1,太棒了！我们为之奋斗的日子近在眼前！
QuestLoc_OperationSandman_Conversation_2_NPCEnd_2,数千人？！但死亡还在沉睡……等一下……抓住他们！
QuestLoc_OperationSandman_Conversation_2_NPCEnd_3,401k，根据手册。这个“k”代表“击杀数”。你得多学习学习。
QuestLoc_OperationSandman_Conversation_2_NPCEnd_4,这……这是亵渎！你不是本地人吧？抓住他们！
QuestLoc_OperationSandman_Conversation_2_NPCStart_1,有一队人回来了！
QuestLoc_OperationSandman_Conversation_2_NPCStart_2,指标完成得怎么样了？到现在杀了多少人来唤醒死亡？
QuestLoc_OperationSandman_Conversation_2_Team_1,已经杀死了数百个定居者和掠夺者！
QuestLoc_OperationSandman_Conversation_2_Team_2,已经杀死了数千个定居者和掠夺者！
QuestLoc_OperationSandman_Conversation_2_Team_3,说不好。那个，指标到底是多少来着？
QuestLoc_OperationSandman_Conversation_2_Team_4,我们已经发现了真相。手册是错的。“死亡”的大写是个拼写错误！
QuestLoc_OperationSandman_Conversation_3_NPCEnd_1,入侵者被诱骗现身了？明白了。
QuestLoc_OperationSandman_Conversation_3_NPCEnd_2,谢天谢地。我对棉花糖过敏。
QuestLoc_OperationSandman_Conversation_3_NPCEnd_3,好主意！我们想下一个来！
QuestLoc_OperationSandman_Conversation_3_NPCEnd_4,哈哈哈！一个错字！太好笑了。你差点就让我信了。
QuestLoc_OperationSandman_Conversation_3_NPCStart_1,我们听到了打斗声。发生什么事了？
QuestLoc_OperationSandman_Conversation_3_NPCStart_2,是第37条，c款吗？
QuestLoc_OperationSandman_Conversation_3_NPCStart_3,还是第12条，j款？
QuestLoc_OperationSandman_Conversation_3_Team_1,肯定是第一个。
QuestLoc_OperationSandman_Conversation_3_Team_2,是第12条，但已经处理好了。
QuestLoc_OperationSandman_Conversation_3_Team_3,勇敢的居民们正在牺牲自己来帮助完成指标。
QuestLoc_OperationSandman_Conversation_3_Team_4,有些人拒绝接受真相。《手册》是个谎言。根本没有“死亡”这个词。只是一个错字！
QuestLoc_OperationSandman_Conversation_4_NPCEnd_1,不。那太荒谬了。
QuestLoc_OperationSandman_Conversation_4_NPCEnd_2,透明度协议。第51条，第f款。
QuestLoc_OperationSandman_Conversation_4_NPCEnd_3,我们可以，但老实说，我不太确定能打赢你。
QuestLoc_OperationSandman_Conversation_4_NPCEnd_4,不知道，但肯定很厉害！不然避难所科技干嘛给我们手册？
QuestLoc_OperationSandman_Conversation_4_NPCStart_1,你现在明白自己有多倒霉了吗？
QuestLoc_OperationSandman_Conversation_4_NPCStart_2,你的谎言无法让我们偏离道路。
QuestLoc_OperationSandman_Conversation_4_NPCStart_3,还有几十人在废土游荡以满足配额。
QuestLoc_OperationSandman_Conversation_4_NPCStart_4,至于死亡？他甚至不在这儿！他在一个秘密洞穴里，你找不到他。
QuestLoc_OperationSandman_Conversation_4_Team_1,难道不是更可能：几代居民的生活都建立在一个大小写错误上？
QuestLoc_OperationSandman_Conversation_4_Team_2,那为什么还要告诉我们秘密洞穴？
QuestLoc_OperationSandman_Conversation_4_Team_3,反正你就要杀了我们，不如告诉我们山洞在哪？
QuestLoc_OperationSandman_Conversation_4_Team_4,假设你吵醒了死亡，然后呢？
QuestLoc_OperationSandman_QuestLongDescription,尽管避难所144的居民竭尽全力，我们还是发现了他们家的位置，而且他们崇拜“死亡”只是因为避难所说明书里“死亡”一词被错误地首字母大写了！我们现在必须潜入避难所144，阻止他们唤醒死亡……
QuestLoc_OperationSandman_QuestName,行动：睡眠杀手
QuestLoc_OperationSandman_QuestObjective_1,阻止避难所144的死亡邪教徒。
QuestLoc_OperationSandman_QuestShortDescription,潜入避难所144，阻止居民唤醒死亡。
QuestLoc_OperationSandman_RaiderLine_1,入侵者！我们是死亡的起床号！
QuestLoc_OperationSandman_RaiderLine_2,擅闯者！死亡即将被唤醒！
QuestLoc_OperationSandman_RaiderLine_3,闯入者！是时候帮我们凑够数了。
QuestLoc_OurCupsRunnethOverWITHFAILURE_Conversation_1_NPCEnd_1,不！我们把它埋在一棵树下，结果那棵树遭雷劈了！去和旧RobCo工厂的家伙们谈谈吧。
QuestLoc_OurCupsRunnethOverWITHFAILURE_Conversation_1_NPCStart_1,神水个屁！这个巫师声称发现了战前过滤技术...
QuestLoc_OurCupsRunnethOverWITHFAILURE_Conversation_1_NPCStart_2,全是胡说八道！彻头彻尾的废话！事实上，我甚至不会用这种泔水来洗我的猪！
QuestLoc_OurCupsRunnethOverWITHFAILURE_Conversation_1_NPCStart_3,我们一喝下去，就遭到了掠夺者的袭击——要不是你出现，我们全死了。
QuestLoc_OurCupsRunnethOverWITHFAILURE_Conversation_1_NPCStart_4,不止如此，小约翰尼·琼斯喝了它，不到一天就病死了！
QuestLoc_OurCupsRunnethOverWITHFAILURE_Conversation_1_Team_1,你一点都没剩，对吧？
QuestLoc_OurCupsRunnethOverWITHFAILURE_QuestLongDescription,这是真的吗？有人想出了制造神奇水的方法，能治愈任何疾病、促进任何作物生长、修理任何门？315号避难所的人应该知道更多！
QuestLoc_OurCupsRunnethOverWITHFAILURE_QuestName,我们的杯子满溢……满是失败
QuestLoc_OurCupsRunnethOverWITHFAILURE_QuestObjective_1,获取更多关于所谓神水的信息。
QuestLoc_OurCupsRunnethOverWITHFAILURE_QuestShortDescription,访问315号避难所，收集关于神水的信息。
QuestLoc_OutfitRun_QuestLongDescription,你在废土找到了服装的储藏点。
QuestLoc_OutfitRun_QuestName,服装储备竞赛
QuestLoc_OutfitRun_QuestObjective_1,找到主要的服装储藏点。
QuestLoc_OutfitRun_QuestObjective_2,找到更多服装。
QuestLoc_OutfitRun_QuestObjective_3,找到更多服装。
QuestLoc_OutfitRun_QuestShortDescription,尽可能地找到更多的服装。
QuestLoc_OutoftheVaultIntotheShadows_Conversation_1_NPCEnd_1,不管怎么样，准备好受死吧！
QuestLoc_OutoftheVaultIntotheShadows_Conversation_1_NPCStart_1,被一群穿着迷彩服的家伙埋伏了？！？
QuestLoc_OutoftheVaultIntotheShadows_Conversation_1_Team_1,你要为此付出代价，艾里·卡尔弗特。
QuestLoc_OutoftheVaultIntotheShadows_QuestLongDescription,长久以来，艾里·卡尔弗特一直都在掠夺无辜的人的东西，为了你的避难所的安全考虑，请派士兵去解决掉这个家伙。
QuestLoc_OutoftheVaultIntotheShadows_QuestName,避难所之外的黑暗
QuestLoc_OutoftheVaultIntotheShadows_QuestObjective_1,晒死艾里·卡尔弗特。
QuestLoc_OutoftheVaultIntotheShadows_QuestShortDescription,毁掉艾里·卡尔弗特的掠夺者军队。
QuestLoc_OutoftheVaultIntotheShadows_RaiderLine_2,不错的衣服嘛，呆子！
QuestLoc_OutoftheVaultIntotheShadows_RaiderLine_3,什么……？你是从哪儿来的？！？
QuestLoc_Overrun_Conversation_1_NPCEnd_1,很好，她说了一些关于核能源工厂的事情，现在，去死吧！
QuestLoc_Overrun_Conversation_1_NPCStart_1,不！你杀死了我的宝贝宠物！我的辐射蝎！
QuestLoc_Overrun_Conversation_1_NPCStart_2,先是那个保拉·普朗布金，而现在，是你。
QuestLoc_Overrun_Conversation_1_NPCStart_3,最起码她不会去打搅我的宝贝。
QuestLoc_Overrun_Conversation_1_NPCStart_4,那么，还有什么想要说的吗？
QuestLoc_Overrun_Conversation_1_Team_1,是的！请告诉我们保拉·普朗布金去哪儿了。
QuestLoc_Overrun_QuestLongDescription,监督者帕特尔的日志里说保拉·普朗布金去了909号避难所，但是那里早就沦陷了！希望她没事……
QuestLoc_Overrun_QuestName,灾难
QuestLoc_Overrun_QuestObjective_1,在909号避难所寻找保拉·普朗布金。
QuestLoc_Overrun_QuestShortDescription,在909号避难所寻找保拉·普朗布金。
QuestLoc_OverwhelmingForce_Conversation_1_NPCStart_1,动力装甲！？这里的居民真是厉害！
QuestLoc_OverwhelmingForce_Conversation_1_NPCStart_2,你觉得那些锡罐就可以让我停止掠夺吗！？
QuestLoc_OverwhelmingForce_QuestLongDescription,我们完全可以碾碎掠夺者，何必跟他们周旋！派一队身穿动力装甲的人前往当地的掠夺者营地，解决他们的头目。
QuestLoc_OverwhelmingForce_QuestName,压倒性力量
QuestLoc_OverwhelmingForce_QuestObjective_1,杀死掠夺者Boss。
QuestLoc_OverwhelmingForce_QuestShortDescription,派一队居民穿上动力装甲去扫荡掠夺者营地。
QuestLoc_ParleyTime_Conversation_1_NPCStart_1,战争也许点名要你，但你仍得赢得与他会面的资格。
QuestLoc_ParleyTime_Conversation_1_NPCStart_2,也就是说，你必须先闯过战争崇拜者那一关。
QuestLoc_ParleyTime_Conversation_1_NPCStart_3,居民们！是时候行动了！
QuestLoc_ParleyTime_Conversation_2_NPCEnd_1,当然。您说了算。我马上照办。
QuestLoc_ParleyTime_Conversation_2_NPCEnd_2,密语！信不信由你，他真的只想谈谈，并达成停战协定。
QuestLoc_ParleyTime_Conversation_2_NPCEnd_3,密语！某天一群掠夺者突然开始用它，但我觉得是有人给了他们这个主意。
QuestLoc_ParleyTime_Conversation_2_NPCEnd_4,比格尔？嗯，差不多吧。他的信心很容易动摇，想办法让他自我怀疑。
QuestLoc_ParleyTime_Conversation_2_NPCStart_1,嗨，你好。我本该和你打架，但你现在抓到我落单了。
QuestLoc_ParleyTime_Conversation_2_NPCStart_2,这样不公平，对吧？所以我放你过去。
QuestLoc_ParleyTime_Conversation_2_NPCStart_3,战争（愿他永远享用核子可乐）就在附近某处。
QuestLoc_ParleyTime_Conversation_2_NPCStart_4,你同意吗？
QuestLoc_ParleyTime_Conversation_2_Team_1,没问题，但你应该重新考虑一下你那些战争套路。
QuestLoc_ParleyTime_Conversation_2_Team_2,雄鹰已着陆。现在“战争”找我们有什么事？
QuestLoc_ParleyTime_Conversation_2_Team_3,雄鹰乘风翱翔。“战争”这个名号最初是怎么来的？
QuestLoc_ParleyTime_Conversation_2_Team_4,小猎犬追着球跑。“战争”有什么我们可以利用的弱点吗？
QuestLoc_ParleyTime_Conversation_3_NPCEnd_1,我才不听命于……抱歉，我太投入了。没问题，我们会放过他们。
QuestLoc_ParleyTime_Conversation_3_NPCEnd_2,谢谢你。我真的很努力，知道没有白费力气真好。
QuestLoc_ParleyTime_Conversation_3_NPCEnd_3,该死。我试过了，真的试过了。拿着这个，如果你告诉战争崇拜者我让你折服了的话。
QuestLoc_ParleyTime_Conversation_3_NPCEnd_4,只有……抱歉……只有我会杀了他然后称王称霸。
QuestLoc_ParleyTime_Conversation_3_NPCStart_1,我就是“战争”，天启骑士，而你很渺小。
QuestLoc_ParleyTime_Conversation_3_NPCStart_2,我提议结盟，直到击败其他天启骑士。
QuestLoc_ParleyTime_Conversation_3_NPCStart_3,我需要你找到死亡。他的邪教徒袭击了避难所672。从那里开始。
QuestLoc_ParleyTime_Conversation_3_NPCStart_4,*咳咳* 抱歉。那样说话真是谋杀喉咙。成交吗？
QuestLoc_ParleyTime_Conversation_3_Team_1,当然，但让你那些战争崇拜者远离无辜的定居者。
QuestLoc_ParleyTime_Conversation_3_Team_2,绝对。毕竟，你是最强大的天启骑士。
QuestLoc_ParleyTime_Conversation_3_Team_3,好吧，但你*真的*是战争吗？我们期待的是更吓人的样子。
QuestLoc_ParleyTime_Conversation_3_Team_4,好的，成交。你还能告诉我们关于死亡的其他信息吗？
QuestLoc_ParleyTime_QuestLongDescription,天启骑士“战争”邀请我们商讨共同关心的事项。他的信使告诉我们战争崇拜者会试图杀死我们，但为了弄清他想要什么，值得冒险！另外，我们应该留意《每周展报》的记者，并在他们谈论核子可乐后使用暗号“鹰”。
QuestLoc_ParleyTime_QuestName,谈判时刻
QuestLoc_ParleyTime_QuestObjective_1,与“战争”交谈。
QuestLoc_ParleyTime_QuestShortDescription,与战争会面，他邀请你谈话。
QuestLoc_ParleyTime_RaiderLine_1,要战争，不要爱！
QuestLoc_ParleyTime_RaiderLine_2,战争万岁！
QuestLoc_ParleyTime_RaiderLine_3,战争从未改变是件好事！
QuestLoc_PartyCrasher_Conversation_1_NPCEnd_1,信件？那么，介不介意告诉我，在杀了你之后会发生什么？
QuestLoc_PartyCrasher_Conversation_1_NPCEnd_2,恩？闭嘴！我会杀了你的！
QuestLoc_PartyCrasher_Conversation_1_NPCEnd_3,我们走着瞧！
QuestLoc_PartyCrasher_Conversation_1_NPCStart_1,这个派对只有有邀请函才能来！不欢迎不速之客！
QuestLoc_PartyCrasher_Conversation_1_Team_1,邀请函？我们只是丢了而已。
QuestLoc_PartyCrasher_Conversation_1_Team_2,不欢迎不速之客？那么你又是怎么被邀请的？
QuestLoc_PartyCrasher_Conversation_1_Team_3,这个派对完蛋了，还有，你也是。
QuestLoc_PartyCrasher_QuestLongDescription,一个居民在废土发现了一间小房子，似乎里面有人在开派对。
QuestLoc_PartyCrasher_QuestName,派对上的不速之客
QuestLoc_PartyCrasher_QuestObjective_1,探索小屋。
QuestLoc_PartyCrasher_QuestShortDescription,你在废土找到了一间旧房子！
QuestLoc_PaulasinaPickle_Conversation_1_NPCEnd_1,我记得她有提到过要去某个避难所？是333号避难所吗？我记得有一堆3……
QuestLoc_PaulasinaPickle_Conversation_1_NPCStart_1,你是救援队的吗？我真希望你能是！
QuestLoc_PaulasinaPickle_Conversation_1_NPCStart_2,我是曼迪·麦金塔，狂尸鬼抓到了我们。
QuestLoc_PaulasinaPickle_Conversation_1_NPCStart_3,我想他们留着我们就是为了做点心！
QuestLoc_PaulasinaPickle_Conversation_1_NPCStart_4,有一个叫保拉·普朗布金的女士逃了出去，她可是我的新偶像！
QuestLoc_PaulasinaPickle_Conversation_1_Team_1,保拉有说过她去哪儿了吗？
QuestLoc_PaulasinaPickle_QuestLongDescription,在旧核子可乐工厂，那些狂尸鬼把保拉·普朗布金带到了一幢废弃的大楼，她需要援救！
QuestLoc_PaulasinaPickle_QuestName,保拉现在处境很危险！
QuestLoc_PaulasinaPickle_QuestObjective_1,救援保拉·普朗布金。
QuestLoc_PaulasinaPickle_QuestShortDescription,从狂尸鬼手中救出保拉·普朗布金！
QuestLoc_PestCaseScenario_QuestLongDescription,鼹鼠占领了附近的一个大无敌超市，地点就在旅行者们的补给站附近。杀死鼹鼠妈妈，保证那里的安全。
QuestLoc_PestCaseScenario_QuestName,害虫预案
QuestLoc_PestCaseScenario_QuestObjective_1,杀死鼹鼠妈妈。
QuestLoc_PestCaseScenario_QuestShortDescription,杀死在大无敌超市里的鼹鼠妈妈。
QuestLoc_PestControl_Conversation_1_NPCStart_1,是时候稍微控制一下灾情了！
QuestLoc_PestControl_QuestLongDescription,小心！探索红火箭燃料站的时候，一个废土探索者发现了一个辐射蟑螂的巢穴！噢！
QuestLoc_PestControl_QuestName,灾害控制
QuestLoc_PestControl_QuestObjective_1,清理辐射蟑螂
QuestLoc_PestControl_QuestShortDescription,在红火箭卡车停车站附近有一个恶心的辐射蟑螂巢穴。
QuestLoc_PetPeeve_Conversation_1_NPCEnd_1,我可以原谅你，那些掠夺者把你的朋友带到了核子可乐工厂。
QuestLoc_PetPeeve_Conversation_1_NPCEnd_2,他们去了核子可乐工厂，好了，别来打搅我！
QuestLoc_PetPeeve_Conversation_1_NPCEnd_3,别伤害我！那些掠夺者把他们带到了核子可乐工厂。
QuestLoc_PetPeeve_Conversation_1_NPCEnd_4,不，掠夺者把他们带到了核子可乐工厂。
QuestLoc_PetPeeve_Conversation_1_NPCStart_1,先是那些掠夺者杀死了我的辐射蝎宠物，现在你又杀死了发光者！
QuestLoc_PetPeeve_Conversation_1_NPCStart_2,你们来这里就是为了折磨我的吗？
QuestLoc_PetPeeve_Conversation_1_Team_1,我道歉，我来这里只是为了找瓶瓶和盖盖。
QuestLoc_PetPeeve_Conversation_1_Team_2,快把瓶瓶和盖盖的下落告诉我，你这个怪家伙！
QuestLoc_PetPeeve_Conversation_1_Team_3,如果你不告诉我瓶瓶和盖盖去哪儿了，你就会和你的宠物一个下场！
QuestLoc_PetPeeve_Conversation_1_Team_4,瓶瓶和盖盖在这里吗？
QuestLoc_PetPeeve_QuestLongDescription,我发现那些住在波塞冬能源公司的尸鬼把瓶瓶和盖盖带到了罗布科大楼，看来我们下一站要去那儿了。
QuestLoc_PetPeeve_QuestName,宠物之争
QuestLoc_PetPeeve_QuestObjective_1,在罗布科大楼调查瓶瓶和盖盖的线索。
QuestLoc_PetPeeve_QuestShortDescription,追赶瓶瓶和盖盖的绑架犯。
QuestLoc_PickedOffatSecond_Conversation_1_NPCStart_1,那个……呃……这只是一件穆塔夫运动衫。
QuestLoc_PickedOffatSecond_QuestLongDescription,也许教练在旧运动场翻了个遍，就是为了找那件运动衫，如果他是这样，那么我们也一样！
QuestLoc_PickedOffatSecond_QuestName,摆脱亚军！
QuestLoc_PickedOffatSecond_QuestObjective_1,寻找拉基·乔宾逊的棒球运动衫。
QuestLoc_PickedOffatSecond_QuestShortDescription,找到Rackie Jobinson的棒球衫。
QuestLoc_PierIntoFuture_QuestName,通往未来的码头
QuestLoc_FalloutShow_QuestlineName,权力斗争
QuestLoc_PierIntoFuture_QuestLongDescription,哇！那是什么？这片节日气氛的滨水区因某种无端的骚乱而遭到了毁灭性的命运！进去四处翻翻，谁知道你会找到什么？！
QuestLoc_PierIntoFuture_QuestShortDescription,调查旧码头。
QuestLoc_PierIntoFuture_QuestObjective,调查旧码头。
QuestLoc_PierIntoFuture_Initial1,嘶嘶嘶嘶！
QuestLoc_PierIntoFuture_Conversation01_NPC01,啊！你吓到我了。嘿，别开枪！
QuestLoc_PierIntoFuture_Conversation01_NPC02,我们都是友好的朋友，好吗？
QuestLoc_PierIntoFuture_Answer01_PC01,你在这里做什么？你还好吗？
QuestLoc_PierIntoFuture_Answer02_PC02,是吗？把手放在我能看见的地方。
QuestLoc_PierIntoFuture_Answer01_NPC01,呃，是啊。在这里待了一阵子了。如果你走那边，小心怪物。
QuestLoc_PierIntoFuture_Answer01_NPC02,好吧好吧！冷静点。我只是想活下去。祝你好运，朋友。
QuestLoc_PierIntoFuture_Conversation02_NPC00,哇！你干掉那个东西就像没事一样！
QuestLoc_PierIntoFuture_Conversation02_NPC01,我叫露西！我还在适应这里的环境……
QuestLoc_PierIntoFuture_Conversation02_NPC02,说实话，我可能需要一个向导。介意我跟着你吗？
QuestLoc_PierIntoFuture_Answer02_PC01,当然。人越多越热闹。不过战利品你来背。
QuestLoc_PierIntoFuture_Answer02_NPC01,嘿。当然。完美。
QuestLoc_PitStop_QuestLongDescription,运气来了！一个废土探索者发现了一个红火箭燃料站，里面空无一人，也许那里会有有用的东西。
QuestLoc_PitStop_QuestName,燃料站
QuestLoc_PitStop_QuestObjective_1,调查红火箭加油站。
QuestLoc_PitStop_QuestShortDescription,在红火箭卡车停车站寻找物资。
QuestLoc_PlayBall_Conversation_1_NPCStart_1,不在这里，教练也一样，我们得一直找下去！
QuestLoc_PlayBall_QuestLongDescription,我们发现了一张拉基·乔宾逊的棒球卡，上面还有教练嘲讽的话。看起来运动衫真的在他手里。但是我们绝对不会放弃的！
QuestLoc_PlayBall_QuestName,棒球比赛！
QuestLoc_PlayBall_QuestObjective_1,寻找拉基·乔宾逊的棒球运动衫。
QuestLoc_PlayBall_QuestShortDescription,继续搜寻生还的人！
QuestLoc_PlayingCatchUp_Conversation_1_NPCEnd_1,也许我误解你了，你要找的掠夺者正在往罗布科大楼赶。
QuestLoc_PlayingCatchUp_Conversation_1_NPCEnd_2,他们去了罗布科大楼，不过你是没办法活着离开这里了！
QuestLoc_PlayingCatchUp_Conversation_1_NPCEnd_3,他们去了罗布科大楼，不过你已经没有命去查了！
QuestLoc_PlayingCatchUp_Conversation_1_NPCEnd_4,如果我告诉你他们去了罗布科大楼，你会走吗？
QuestLoc_PlayingCatchUp_Conversation_1_NPCStart_1,我要和你说的，与对掠夺者他们说的话一样，我们不希望你在这里！
QuestLoc_PlayingCatchUp_Conversation_1_Team_1,我不想找事情，我只是在找瓶瓶和盖盖。
QuestLoc_PlayingCatchUp_Conversation_1_Team_2,告诉我他们去哪儿了，不然我就把你杀了！
QuestLoc_PlayingCatchUp_Conversation_1_Team_3,我来这里是为了瓶瓶和盖盖，而不是为了来找这些尸鬼闹事的。
QuestLoc_PlayingCatchUp_Conversation_1_Team_4,你有见过瓶瓶和盖盖吗？
QuestLoc_PlayingCatchUp_QuestLongDescription,掠夺者Boss在177号避难所，并且炫耀自己在波塞冬能源公司抓到了瓶瓶和盖盖，希望她说的是真的。
QuestLoc_PlayingCatchUp_QuestName,追赶游戏
QuestLoc_PlayingCatchUp_QuestObjective_1,在波塞冬能源公司寻找瓶瓶和盖盖的线索。
QuestLoc_PlayingCatchUp_QuestShortDescription,追赶瓶瓶和盖盖的绑架犯。
QuestLoc_PlayingPolitics_Conversation_1_NPCStart_1,啊哈！在这儿！
QuestLoc_PlayingPolitics_Conversation_1_NPCStart_2,避难所科技发往市长办公室的官方文件……
QuestLoc_PlayingPolitics_Conversation_1_NPCStart_3,……写有525号避难所的位置！他们已经有G.E.C.K.了！
QuestLoc_PlayingPolitics_Conversation_1_NPCStart_4,据说入口就隐藏在红火箭指挥部！
QuestLoc_PlayingPolitics_QuestLongDescription,根据保拉·普朗布金的日志判断，525号避难所就是真正的避难所之城。但是就算她不知道在哪里，市长办公室也应该会有消息。
QuestLoc_PlayingPolitics_QuestName,政治游戏
QuestLoc_PlayingPolitics_QuestObjective_1,在市长办公室调查525号避难所的信息。
QuestLoc_PlayingPolitics_QuestShortDescription,我们需要去市长办公室调查525号避难所的位置。
QuestLoc_PostApocolypticWorldProblems_Conversation_1_NPCEnd_1,很好很好，我会找到的！
QuestLoc_PostApocolypticWorldProblems_Conversation_1_NPCEnd_2,我觉得员工们应该会有些帮助，我会给你的经理写一封信的！
QuestLoc_PostApocolypticWorldProblems_Conversation_1_NPCEnd_3,别逗了！我知道他们在这里，我会想办法找到他们的。
QuestLoc_PostApocolypticWorldProblems_Conversation_1_NPCStart_1,抱歉，你能告诉我哪里能找到梅子吗？
QuestLoc_PostApocolypticWorldProblems_Conversation_1_NPCStart_2,走了这么多路，感觉一路上都是上上下下的。
QuestLoc_PostApocolypticWorldProblems_Conversation_1_Team_1,抱歉，我不是这里的工作人员。
QuestLoc_PostApocolypticWorldProblems_Conversation_1_Team_2,我不认为你在这里能找到这些……
QuestLoc_PostApocolypticWorldProblems_Conversation_1_Team_3,抱歉，我们已经好几百年没干这个了。
QuestLoc_PostApocolypticWorldProblems_QuestLongDescription,一个居民在探索废土的时候发现了一个大无敌超市，也许你能在那里找到一些有用的东西……
QuestLoc_PostApocolypticWorldProblems_QuestName,灾后世界的问题
QuestLoc_PostApocolypticWorldProblems_QuestObjective_1,探索大无敌超市。
QuestLoc_PostApocolypticWorldProblems_QuestShortDescription,你在探索的时候发现了一个大无敌超市。
QuestLoc_PoweredUp_Conversation_1_NPCStart_1,别开枪！我和那些尸鬼不一样！
QuestLoc_PoweredUp_Conversation_1_NPCStart_2,在找保拉·普朗布金吗？她在这里。
QuestLoc_PoweredUp_Conversation_1_NPCStart_3,保拉觉得这里有可能是避难所之城，不过很明显不是。
QuestLoc_PoweredUp_Conversation_1_NPCStart_4,她去了813号避难所，如果你在找她，那么这个消息应该能帮上你一些忙！
QuestLoc_PoweredUp_QuestLongDescription,辐射蝎的看守者说保拉·普朗布金去了核能工厂，我们要去那里找她了。
QuestLoc_PoweredUp_QuestName,能量提升！
QuestLoc_PoweredUp_QuestObjective_1,在核能工厂寻找保拉·普朗布金。
QuestLoc_PoweredUp_QuestShortDescription,在核能工厂寻找保拉·普朗布金。
QuestLoc_PowertothePeople_Conversation_1_NPCStart_1,请帮帮忙！
QuestLoc_PowertothePeople_Conversation_1_NPCStart_2,掠夺者说他们想要把我们从劳役中释放出来，然后，他们就开枪了！
QuestLoc_PowertothePeople_Conversation_1_NPCStart_3,他们对自由的定义看来有点奇怪呢……
QuestLoc_PowertothePeople_Conversation_2_NPCEnd_1,已经结束了！对于你来说！
QuestLoc_PowertothePeople_Conversation_2_NPCEnd_2,我在此致以最诚挚的谢意，我一定会把你的内脏掏出来！
QuestLoc_PowertothePeople_Conversation_2_NPCEnd_3,杀死你，就是我的工作！
QuestLoc_PowertothePeople_Conversation_2_NPCEnd_4,什么？恩？你是认真的吗？很好，监督者就在那儿，祝你杀戮愉快。
QuestLoc_PowertothePeople_Conversation_2_NPCStart_1,看这里，有更多的居民，我们需要把他们从无休无尽的劳动中拯救出来。
QuestLoc_PowertothePeople_Conversation_2_NPCStart_2,鲁巴布是对的，他们在避难所的工作环境真是让人受不了！
QuestLoc_PowertothePeople_Conversation_2_NPCStart_3,别担心，我们会帮你们解脱的，这是我们能做的全部了。
QuestLoc_PowertothePeople_Conversation_2_Team_1,什么！等等，解脱？这和掠夺者有什么区别！
QuestLoc_PowertothePeople_Conversation_2_Team_2,你也知道，对一个掠夺者来说，你的用词非常贴切。
QuestLoc_PowertothePeople_Conversation_2_Team_3,去工作，你个白痴！
QuestLoc_PowertothePeople_Conversation_2_Team_4,如果我请你冷静下来，然后不要攻击我们呢……你会这么做吗？
QuestLoc_PowertothePeople_Conversation_3_NPCStart_1,啧！挺接近的！
QuestLoc_PowertothePeople_Conversation_3_Team_1,天天都是在工作！
QuestLoc_PowertothePeople_QuestLongDescription,一个名叫鲁巴布满脸不高兴的居民加入了掠夺者的阵营，并且想要解放一些当地的避难所……当然，是暴力解放！监督者莫加布需要你的帮助！
QuestLoc_PowertothePeople_QuestName,对人类的权力？
QuestLoc_PowertothePeople_QuestObjective_1,拯救监督者莫加布。
QuestLoc_PowertothePeople_QuestShortDescription,从鲁巴布的掠夺者手中救出监督者莫加布。
QuestLoc_QueenoftheDeathclaws_Conversation_1_NPCStart_1,那只死亡爪从小就是被我养大的，你必须为此付出代价！
QuestLoc_QueenoftheDeathclaws_QuestLongDescription,一个掠夺者称她是死亡爪女皇，并且占领了废土！
QuestLoc_QueenoftheDeathclaws_QuestName,死亡爪女皇！
QuestLoc_QueenoftheDeathclaws_QuestObjective_1,杀死死亡爪女皇。
QuestLoc_QueenoftheDeathclaws_QuestObjective_2,杀死女皇的阿尔法死亡爪。
QuestLoc_QueenoftheDeathclaws_QuestShortDescription,打倒阿尔法死亡爪和它的控制者。
QuestLoc_QueenoftheDeathclaws_RaiderLine_1,你觉得你能打败我们！？我们的老大可是有她的死亡爪保镖的！
QuestLoc_RadiationLeak_Conversation_1_NPCEnd_1,那么，给你。
QuestLoc_RadiationLeak_Conversation_1_NPCEnd_2,避难所兵工厂也没什么留下了，这个你拿着。
QuestLoc_RadiationLeak_Conversation_1_NPCEnd_3,我们已经不需要这个了，你拿着吧。
QuestLoc_RadiationLeak_Conversation_1_NPCStart_1,等等！我们可不残暴！我们很友善！
QuestLoc_RadiationLeak_Conversation_1_NPCStart_2,辐射确实改变了我们，但是我们的理智还是存在的，是其它的人把我们困在这里的。
QuestLoc_RadiationLeak_Conversation_1_NPCStart_3,谢谢你能够救我们出去，我们可以报答你吗？
QuestLoc_RadiationLeak_Conversation_1_Team_1,我们愿意送给你瓶盖。
QuestLoc_RadiationLeak_Conversation_1_Team_2,有武器吗？
QuestLoc_RadiationLeak_Conversation_1_Team_3,我们可以使用一些服装。
QuestLoc_RadiationLeak_QuestLongDescription,一个附近的避难所发生了十分强大的辐射泄漏，人们都变成了狂尸鬼！
QuestLoc_RadiationLeak_QuestName,辐射泄漏！
QuestLoc_RadiationLeak_QuestObjective_1,拯救避难所监督者。
QuestLoc_RadiationLeak_QuestShortDescription,派遣一支带有防护服的小队去探索附近的避难所。
QuestLoc_RadroachRoundup_Conversation_1_NPCEnd_1,是的，他们说他们是害虫。我完全同意！
QuestLoc_RadroachRoundup_Conversation_1_NPCEnd_2,没有，但他们一直在说，“被辐射的有福了”。
QuestLoc_RadroachRoundup_Conversation_1_NPCEnd_3,她让其它的(蟑螂)陷入疯狂。如果你杀了她，我们应该能围捕剩下的。
QuestLoc_RadroachRoundup_Conversation_1_NPCEnd_4,不，对不起。他们就这样消失在废土中了。比如... *我敢说吗？*...辐射蟑螂。
QuestLoc_RadroachRoundup_Conversation_1_NPCStart_1,谢天谢地有人来了！
QuestLoc_RadroachRoundup_Conversation_1_NPCStart_2,穿戴废土装备的武装暴徒闯入，抢走了我们所有的防辐射服!
QuestLoc_RadroachRoundup_Conversation_1_NPCStart_3,然后他们释放了我们所有的辐射蟑螂，包括发光的辐射蟑螂女王。
QuestLoc_RadroachRoundup_Conversation_1_NPCStart_4,还有更多的人被困在里面，请救救他们！
QuestLoc_RadroachRoundup_Conversation_1_Team_1,那些窃贼表明身份了吗？
QuestLoc_RadroachRoundup_Conversation_1_Team_2,你知道他们为什么要你的防辐射服吗？
QuestLoc_RadroachRoundup_Conversation_1_Team_3,关于这个辐射蟑螂女王我们需要知道什么？
QuestLoc_RadroachRoundup_Conversation_1_Team_4,你知道那些小偷去了哪里吗？
QuestLoc_RadroachRoundup_Conversation_2_NPCEnd_1,天哪! 当她还在附近的时候，我们不能把剩下的赶进笼子里。
QuestLoc_RadroachRoundup_Conversation_2_NPCEnd_2,太棒了！我们现在可以把剩下的赶进笼子里了。
QuestLoc_RadroachRoundup_Conversation_2_NPCEnd_3,关于启示录，是的。我猜有人取了它的名字，并招募了追随者。
QuestLoc_RadroachRoundup_Conversation_2_NPCEnd_4,没错! 一个让人恐惧的名字。一个有庄严感的名字!
QuestLoc_RadroachRoundup_Conversation_2_NPCStart_1,太好了，我们有救了！那些恶棍还在附近吗？
QuestLoc_RadroachRoundup_Conversation_2_NPCStart_2,他们称自己为害虫，疫病的仆人，并不断地说 “被辐射的人有福了”。
QuestLoc_RadroachRoundup_Conversation_2_NPCStart_3,疫病。害虫。显然他们没花多长时间就想到了一个名字。
QuestLoc_RadroachRoundup_Conversation_2_NPCStart_4,不管怎样，你杀了辐射蟑螂女王了吗？
QuestLoc_RadroachRoundup_Conversation_2_Team_1,不，她还在楼里的某个地方。
QuestLoc_RadroachRoundup_Conversation_2_Team_2,是的，我们照顾了她。
QuestLoc_RadroachRoundup_Conversation_2_Team_3,别管那个了。这是关于疫病的什么？那不是四骑士之一吗？
QuestLoc_RadroachRoundup_Conversation_2_Team_4,“瘟疫” 或者 “传染” 会是一个更好的名字。
QuestLoc_RadroachRoundup_QuestLongDescription,附近一个研究辐射蟑螂的科学实验室发出了求救信号。窃贼偷走了他们的防辐射服，并释放了所有的辐射蟑螂来掩护他们逃跑。现在，科学家们陷入了麻烦，正寻求帮助！
QuestLoc_RadroachRoundup_QuestName,辐射蟑螂的围捕
QuestLoc_RadroachRoundup_QuestObjective_1,杀死发光的蟑螂女王。
QuestLoc_RadroachRoundup_QuestObjective_2,拯救第一批科学家。
QuestLoc_RadroachRoundup_QuestObjective_3,拯救第二批科学家。
QuestLoc_RadroachRoundup_QuestShortDescription,将科学家从他们正在研究的蟑螂手中拯救出来。
QuestLoc_RaiderTroublesatCorvega_Conversation_1_NPCEnd_1,什么都没有，他在我们找到他之前就离开了。据说一些居民被困在了鼹鼠的巢穴。不过话也说得够多了，你可以去死了！
QuestLoc_RaiderTroublesatCorvega_Conversation_1_NPCStart_1,哈，我们这里有些什么？
QuestLoc_RaiderTroublesatCorvega_Conversation_1_NPCStart_2,一些不自量力的家伙，想要干掉罗德·拉什！
QuestLoc_RaiderTroublesatCorvega_Conversation_1_NPCStart_3,我会把告诉普雷斯顿·嘉维的原原本本地告诉你，与罗德·拉什作对的人活下来的！
QuestLoc_RaiderTroublesatCorvega_Conversation_1_Team_1,你和普雷斯顿都做了些什么？
QuestLoc_RaiderTroublesatCorvega_QuestLongDescription,这条路把你带到了罗德·拉什的老家，并且让你遭遇了他的小队！请尽可能地套取他们的线索。
QuestLoc_RaiderTroublesatCorvega_QuestName,汽车工厂的掠夺者
QuestLoc_RaiderTroublesatCorvega_QuestObjective_1,询问罗德·拉什调查更多讯息。
QuestLoc_RaiderTroublesatCorvega_QuestShortDescription,在汽车工厂调查普雷斯顿。
QuestLoc_RaidingParty_Conversation_1_NPCEnd_1,什么？我正想着那个呢！我要把这件事告诉他！
QuestLoc_RaidingParty_Conversation_1_NPCEnd_2,如果他真的是这样的话，我就没有任何机会了。谢谢你了，新人！
QuestLoc_RaidingParty_Conversation_1_NPCStart_1,嘿，注意点自己要去哪儿，伙计！
QuestLoc_RaidingParty_Conversation_1_NPCStart_2,这可是私人聊天，并不欢迎你参加。
QuestLoc_RaidingParty_Conversation_1_NPCStart_3,在我打死你之前赶紧给我滚。
QuestLoc_RaidingParty_Conversation_1_Team_1,我不认为你要这么做，我可是老大的亲信。
QuestLoc_RaidingParty_Conversation_1_Team_2,老大早就知道你在做的事情了，先下手为强啊。
QuestLoc_RaidingParty_Conversation_2_NPCEnd_1,你是认真的吗？那么我怎么还在这里喝酒？
QuestLoc_RaidingParty_Conversation_2_NPCEnd_2,如果我不能帮忙的话就好了！拿着这个，他要和我来一场君子动手不动口的对话了！
QuestLoc_RaidingParty_Conversation_2_NPCStart_1,我们都喝多了！真是臭！
QuestLoc_RaidingParty_Conversation_2_NPCStart_2,我倒是希望知道去哪里能弄到更多。
QuestLoc_RaidingParty_Conversation_2_Team_1,老大有事情瞒着我们，我看到在他的房间里有一大堆宝贝！
QuestLoc_RaidingParty_Conversation_2_Team_2,我知道，老大说他想要从你手里抢走一些东西！
QuestLoc_RaidingParty_Conversation_3_NPCEnd_1,噢，我们最好在他回来之前先做好准备！
QuestLoc_RaidingParty_Conversation_3_NPCEnd_2,哈哈，你是对的！这想法很好！
QuestLoc_RaidingParty_Conversation_3_NPCStart_1,……老大说，“呃，我想我今天穿的是红内裤！”
QuestLoc_RaidingParty_Conversation_3_NPCStart_2,哈哈哈哈！
QuestLoc_RaidingParty_Conversation_3_NPCStart_3,怎么了，新人？你怎么不笑？
QuestLoc_RaidingParty_Conversation_3_Team_1,哦，没什么，老大刚刚说让我注意一下这些笑的人。
QuestLoc_RaidingParty_Conversation_3_Team_2,抱歉，我只是在想，如果你们偷了他的内裤，他回来之后会怎么样？
QuestLoc_RaidingParty_QuestLongDescription,一群掠夺者在他们老大外出的时候举办了一个吵吵闹闹的晚会。这正是我们深入内部的好时机，如果我们能鼓动他们造反的话，他们的集团就会自己从内部开始崩溃。
QuestLoc_RaidingParty_QuestName,掠夺者晚会
QuestLoc_RaidingParty_QuestObjective_1,在掠夺者晚会上散布谣言。
QuestLoc_RaidingParty_QuestObjective_2,向好斗的掠夺者们散布谣言。
QuestLoc_RaidingParty_QuestObjective_3,向喝了酒的掠夺者们散布谣言。
QuestLoc_RaidingParty_QuestShortDescription,潜入掠夺者内部，散播怀疑的种子。
QuestLoc_RainDelay_Conversation_1_NPCStart_1,我们得继续寻找……
QuestLoc_RainDelay_QuestLongDescription,在炼油厂没有教练的踪迹，也许他在通用原子工厂寻找电子能源？值得去调查一下……
QuestLoc_RainDelay_QuestName,因雨延期
QuestLoc_RainDelay_QuestObjective_1,寻找拉基·乔宾逊的棒球运动衫。
QuestLoc_RainDelay_QuestShortDescription,找到拉基·乔宾森的棒球衫。
QuestLoc_ReignofRadroachRodney_QuestLongDescription,辐射蟑螂罗德尼和他的大军正在侵略废土！
QuestLoc_ReignofRadroachRodney_QuestName,辐射蟑螂罗德尼的统治！
QuestLoc_ReignofRadroachRodney_QuestObjective_1,杀死辐射蟑螂罗德尼。
QuestLoc_ReignofRadroachRodney_QuestShortDescription,打败罗德尼和他的军队！
QuestLoc_ReignofRadroachRodney_RaiderLine_1,你无法阻止我！这个世界是属于辐射蟑螂的！
QuestLoc_ReleasetheRaiders_Conversation_1_NPCEnd_1,躲到被窝里？！我们才刚见面啊！
QuestLoc_ReleasetheRaiders_Conversation_1_NPCEnd_2,难道不是吗？如果事情不顺利，我们总能回去打打杀杀。双赢。
QuestLoc_ReleasetheRaiders_Conversation_1_NPCEnd_3,是这样吗？好吧。你说了算……
QuestLoc_ReleasetheRaiders_Conversation_1_NPCEnd_4,没错，但他真的、真的很喜欢那玩意儿！
QuestLoc_ReleasetheRaiders_Conversation_1_NPCStart_1,（突然停止低语。）
QuestLoc_ReleasetheRaiders_Conversation_1_NPCStart_2,哦！你好。你不用担心我们。我们不想打架。
QuestLoc_ReleasetheRaiders_Conversation_1_NPCStart_3,害虫帮在进攻，但我们会喝着冰镇核子可乐把事情谈妥的。
QuestLoc_ReleasetheRaiders_Conversation_1_Team_1,你是《周刊博览》的卧底，对吧？
QuestLoc_ReleasetheRaiders_Conversation_1_Team_2,太棒了！
QuestLoc_ReleasetheRaiders_Conversation_1_Team_3,鹰。暗号是“鹰”。
QuestLoc_ReleasetheRaiders_Conversation_1_Team_4,害虫帮在追捕沃尔的动力装甲？
QuestLoc_ReleasetheRaiders_Conversation_2_NPCStart_1,听好了！我是三狗在广播。
QuestLoc_ReleasetheRaiders_Conversation_2_NPCStart_2,他在警告所有人关于避难所144的事……
QuestLoc_ReleasetheRaiders_Conversation_2_NPCStart_3,定居者现在会对任何居民都保持警惕，包括我们！
QuestLoc_ReleasetheRaiders_Conversation_2_NPCStart_4,但这应该能拖住他们，同时我们去找死亡洞穴。
QuestLoc_ReleasetheRaiders_Conversation_3_NPCEnd_1,死亡？我已成为死亡！废土将付之一炬！
QuestLoc_ReleasetheRaiders_Conversation_3_NPCStart_1,那些害虫偷了我的动力装甲！
QuestLoc_ReleasetheRaiders_Conversation_3_NPCStart_2,对不起，没了它我不知所措。我……我……必须……成为战争。他们信仰的那个。
QuestLoc_ReleasetheRaiders_Conversation_3_NPCStart_3,我……是……战争。我是战争。我是战争。我是战争。我是战争！
QuestLoc_ReleasetheRaiders_Conversation_3_NPCStart_4,瘟疫已死！就算我要把废土撕碎也在所不惜！
QuestLoc_ReleasetheRaiders_Conversation_3_Team_1,但我们的休战呢？死亡呢？
QuestLoc_ReleasetheRaiders_Conversation_4_NPCEnd_1,没错！该结束了！
QuestLoc_ReleasetheRaiders_Conversation_4_NPCStart_1,废土能从战争的怒火中获救吗？
QuestLoc_ReleasetheRaiders_Conversation_4_NPCStart_2,骑士们会被一劳永逸地阻止吗？
QuestLoc_ReleasetheRaiders_Conversation_4_NPCStart_3,又有多少人已经猜出死亡的身份了？
QuestLoc_ReleasetheRaiders_Conversation_4_NPCStart_4,故事将在第三部分继续，届时一切都会揭晓！
QuestLoc_ReleasetheRaiders_Conversation_4_Team_1,又来悬念？认真的吗？
QuestLoc_ReleasetheRaiders_QuestLongDescription,死亡不在避难所144。他在某个山洞里，而避难所144的居民还在外面试图把他唤醒。是时候回去找战争汇报情况了！同时，我们可以让战争崇拜者去找那个山洞，免得他们惹麻烦……
QuestLoc_ReleasetheRaiders_QuestName,释放掠夺者！
QuestLoc_ReleasetheRaiders_QuestObjective_1,在大楼里搜寻战争崇拜者和害虫。
QuestLoc_ReleasetheRaiders_QuestObjective_2,收听三狗的广播。
QuestLoc_ReleasetheRaiders_QuestObjective_3,与战争交谈。
QuestLoc_ReleasetheRaiders_QuestShortDescription,让战争崇拜者去寻找死亡的山洞。
QuestLoc_ReleasetheRaiders_RaiderLine_1,辐照之人有福了！
QuestLoc_ReleasetheRaiders_RaiderLine_2,我们就是瘟疫的利爪！
QuestLoc_ReleasetheRaiders_RaiderLine_3,要战争，不要爱情！
QuestLoc_ReleasetheRaiders_RaiderLine_4,战争降临于你！
QuestLoc_RescueOperation_Conversation_1_NPCStart_1,谢天谢地！你收到了我的求救信号！
QuestLoc_RescueOperation_QuestLongDescription,你收到了一个定居点的求救信号！如果你能去救他们的话，他们愿意离开那里并且加入你的避难所。
QuestLoc_RescueOperation_QuestName,救援行动
QuestLoc_RescueOperation_QuestObjective_1,救援一个居民。
QuestLoc_RescueOperation_QuestObjective_2,救援其它的居民。
QuestLoc_RescueOperation_QuestObjective_3,救援其它的居民。
QuestLoc_RescueOperation_QuestShortDescription,尽可能地援救更多的居民。
QuestLoc_RescueSanta_Conversation_1_NPCEnd_1,哦，好吧，不过千万别把你的眼珠子都弹出来了！哈哈哈！
QuestLoc_RescueSanta_Conversation_1_NPCEnd_2,我很乐意分享我的时尚感！哈哈哈！
QuestLoc_RescueSanta_Conversation_1_NPCEnd_3,噢，这是一朵金凤花，圣诞节快乐！
QuestLoc_RescueSanta_Conversation_1_NPCEnd_4,哈哈哈！看来我的送礼名单里又要加几条了！
QuestLoc_RescueSanta_Conversation_1_NPCStart_1,哈哈！谢谢你们，避难所的居民们。
QuestLoc_RescueSanta_Conversation_1_NPCStart_2,你们拯救了我，还有圣诞节！
QuestLoc_RescueSanta_Conversation_1_NPCStart_3,这是我今年遇到的最完美的助手了。
QuestLoc_RescueSanta_Conversation_1_NPCStart_4,那么，圣诞老人该送些什么给你们好呢？
QuestLoc_RescueSanta_Conversation_1_Team_1,来点军火怎么样？
QuestLoc_RescueSanta_Conversation_1_Team_2,我们很喜欢你的时尚，请送我们一些新的线怎么样？
QuestLoc_RescueSanta_Conversation_1_Team_3,我们想要一直小马。
QuestLoc_RescueSanta_Conversation_1_Team_4,我们什么都不需要，圣诞老人，我们只是为了做些好事罢了！
QuestLoc_RescueSanta_QuestLongDescription,在我们庆祝圣诞节的时候，有人发现了圣诞老人。他遇上麻烦了，我们得赶紧！
QuestLoc_RescueSanta_QuestName,拯救圣诞老人！
QuestLoc_RescueSanta_QuestObjective_1,拯救圣诞老人！
QuestLoc_RescueSanta_QuestShortDescription,找到并且援救圣诞老人。
QuestLoc_ReturntoVault333_Conversation_1_NPCStart_1,我的天哪！这简直是一场屠杀！一场噩梦！
QuestLoc_ReturntoVault333_Conversation_1_NPCStart_2,在你和坦克弗兰克交战的时候，他的姐姐来这里发动了攻击！
QuestLoc_ReturntoVault333_Conversation_1_NPCStart_3,监督者帕特尔死了！如果你不能阻止她，那么我们就会是下一个监督者！求求你……
QuestLoc_ReturntoVault333_Conversation_1_NPCStart_4,杀死暴怒女王！
QuestLoc_ReturntoVault333_QuestLongDescription,坦克弗兰克死了，现在，也许333号避难所的人们会告诉我们保拉·普朗布金的位置。
QuestLoc_ReturntoVault333_QuestName,返回333号避难所
QuestLoc_ReturntoVault333_QuestObjective_1,在333号避难所寻找答案。
QuestLoc_ReturntoVault333_QuestShortDescription,返回333号避难所寻求答复。
QuestLoc_ReturntoVault333_RaiderLine_1,你真的杀了我的兄弟吗？听着，你是没办法打败我的！
QuestLoc_RevengeoftheGeeks_Conversation_1_NPCEnd_1,很好！不错的开始。
QuestLoc_RevengeoftheGeeks_Conversation_1_NPCEnd_2,错了！这会影响你的等级。
QuestLoc_RevengeoftheGeeks_Conversation_1_NPCEnd_3,如果你想要通过这个测试，你就得这么做。
QuestLoc_RevengeoftheGeeks_Conversation_1_NPCStart_1,剩下的人呢？
QuestLoc_RevengeoftheGeeks_Conversation_1_NPCStart_2,我猜他们听说了突击检测的事情。
QuestLoc_RevengeoftheGeeks_Conversation_1_NPCStart_3,记住，你的等级完全取决于这个。
QuestLoc_RevengeoftheGeeks_Conversation_1_NPCStart_4,第一个问题：17-9等于多少？
QuestLoc_RevengeoftheGeeks_Conversation_1_Team_1,8
QuestLoc_RevengeoftheGeeks_Conversation_1_Team_2,9
QuestLoc_RevengeoftheGeeks_Conversation_1_Team_3,谁会需要学数学？
QuestLoc_RevengeoftheGeeks_Conversation_2_NPCEnd_1,错了！你连素数是什么都不知道吗？
QuestLoc_RevengeoftheGeeks_Conversation_2_NPCEnd_2,呃，我想你答对了。
QuestLoc_RevengeoftheGeeks_Conversation_2_NPCEnd_3,得了，禁闭一星期！
QuestLoc_RevengeoftheGeeks_Conversation_2_NPCStart_1,还在这里？我想这个问题对你来说非常简单。
QuestLoc_RevengeoftheGeeks_Conversation_2_NPCStart_2,我们来点难的吧。
QuestLoc_RevengeoftheGeeks_Conversation_2_NPCStart_3,以下数字当中哪个不是素数？
QuestLoc_RevengeoftheGeeks_Conversation_2_Team_1,23
QuestLoc_RevengeoftheGeeks_Conversation_2_Team_2,27
QuestLoc_RevengeoftheGeeks_Conversation_2_Team_3,我要的不是素数，是素菜！
QuestLoc_RevengeoftheGeeks_Conversation_3_NPCEnd_1,哈！你失败了！
QuestLoc_RevengeoftheGeeks_Conversation_3_NPCEnd_2,你比外表要聪明得多。
QuestLoc_RevengeoftheGeeks_Conversation_3_NPCEnd_3,那么，我猜你要不及格了。
QuestLoc_RevengeoftheGeeks_Conversation_3_NPCStart_1,真是个聪明的家伙，不是吗？我打赌我能难住你。
QuestLoc_RevengeoftheGeeks_Conversation_3_NPCStart_2,289的平方根是多少？
QuestLoc_RevengeoftheGeeks_Conversation_3_Team_1,19
QuestLoc_RevengeoftheGeeks_Conversation_3_Team_2,17
QuestLoc_RevengeoftheGeeks_Conversation_3_Team_3,谁会在乎？
QuestLoc_RevengeoftheGeeks_QuestLongDescription,谁说会计就一定是个草包了？快回答问题，不然就等着瞧吧。
QuestLoc_RevengeoftheGeeks_QuestName,数字游戏的复仇
QuestLoc_RevengeoftheGeeks_QuestObjective_1,回答所有问题。
QuestLoc_RevengeoftheGeeks_QuestShortDescription,检验你的数学水平。
QuestLoc_RobotRetrieval_QuestLongDescription,我们认为避难所科技派遣了一个巧手先生箱子到了这栋大楼！
QuestLoc_RobotRetrieval_QuestName,找回机器人
QuestLoc_RobotRetrieval_QuestObjective_1,找到巧手先生箱子。
QuestLoc_RobotRetrieval_QuestShortDescription,找到巧手先生箱子。
QuestLoc_RockThemLikeAHurricane_QuestLongDescription,让我们瞧瞧你是怎么对付一整窝辐射蝎的。哦对了，这一次，你只能带两个人去。
QuestLoc_RockThemLikeAHurricane_QuestName,狂风扫落叶
QuestLoc_RockThemLikeAHurricane_QuestObjective_1,杀死发光的辐射蝎。
QuestLoc_RockThemLikeAHurricane_QuestShortDescription,杀死发光的辐射蝎。
QuestLoc_RubarbsReckoning_Conversation_1_NPCEnd_1,相信我，我已经吃过一次亏了！
QuestLoc_RubarbsReckoning_Conversation_1_NPCEnd_2,别担心，我对付外边的世界已经绰绰有……
QuestLoc_RubarbsReckoning_Conversation_1_NPCEnd_3,从现在开始，我只需要管避难所里面的事情就行了。
QuestLoc_RubarbsReckoning_Conversation_1_NPCEnd_4,无薪加班？算我一个！
QuestLoc_RubarbsReckoning_Conversation_1_NPCStart_1,避难所科技终于还是找到了我……
QuestLoc_RubarbsReckoning_Conversation_1_NPCStart_2,我从来没有想过要伤害任何人！
QuestLoc_RubarbsReckoning_Conversation_1_NPCStart_3,我只是看着大家都在这么努力地工作，这太不公平了！
QuestLoc_RubarbsReckoning_Conversation_1_NPCStart_4,不过我知道，等我累了的时候，我就要回到你的避难所来休息一下了！
QuestLoc_RubarbsReckoning_Conversation_1_Team_1,你太自顾自了！
QuestLoc_RubarbsReckoning_Conversation_1_Team_2,这没问题，但是你搞砸了，所以就会被流放到废土！
QuestLoc_RubarbsReckoning_Conversation_1_Team_3,你确定？没有做不规矩的事情？
QuestLoc_RubarbsReckoning_Conversation_1_Team_4,我希望你已经准备好加班了，大量的加班……
QuestLoc_RubarbsReckoning_QuestLongDescription,鲁巴布和他的掠夺者刚刚占领了711号避难所，而且一直没有离开。打倒他的助理，然后打败鲁巴布本人！
QuestLoc_RubarbsReckoning_QuestName,鲁巴布的审判
QuestLoc_RubarbsReckoning_QuestObjective_1,质问 Rubarb！
QuestLoc_RubarbsReckoning_QuestObjective_2,杀死鲁巴布的助理。
QuestLoc_RubarbsReckoning_QuestObjective_3,杀死鲁巴布的助理。
QuestLoc_RubarbsReckoning_QuestShortDescription,在711号避难所中打败鲁巴布和他的掠夺者们。
QuestLoc_RubarbsReckoning_RaiderLine_1,为了鲁巴布！为了掠夺者！
QuestLoc_RubarbsReckoning_RaiderLine_2,你永远无法阻止鲁巴布的掠夺者的！
QuestLoc_RunnersinScoringPosition_Conversation_1_NPCStart_1,还热乎着呢……不过已经没有火了！
QuestLoc_RunnersinScoringPosition_QuestLongDescription,教练在莱克维尔图书馆留下了一条嘲讽的信息！是时候去调查一下789号避难所了。
QuestLoc_RunnersinScoringPosition_QuestName,在得分点的运动员！
QuestLoc_RunnersinScoringPosition_QuestObjective_1,寻找拉基·乔宾逊的棒球运动衫。
QuestLoc_RunnersinScoringPosition_QuestShortDescription,前往789号避难所追踪教练。
QuestLoc_RunThreeDogRun_Conversation_1_NPCEnd_1,恐怕这是个严守的秘密，而且戴夫的指挥链级别不够高。
QuestLoc_RunThreeDogRun_Conversation_1_NPCEnd_2,他们一直在说“死亡之爪”或“死亡爪子”，但我毫无头绪。
QuestLoc_RunThreeDogRun_Conversation_1_NPCEnd_3,非常危险。三狗可能是他们需要杀的最后一个。
QuestLoc_RunThreeDogRun_Conversation_1_NPCEnd_4,手册上全写着呢。这东西根本编不出来。
QuestLoc_RunThreeDogRun_Conversation_1_NPCStart_1,核口可乐。鹰牌。瞧。现在我们都知道你是谁了。
QuestLoc_RunThreeDogRun_Conversation_1_NPCStart_2,你知道渗透这群家伙有多难吗？他们全都互相认识！
QuestLoc_RunThreeDogRun_Conversation_1_NPCStart_3,但结果我长得很像他们中的一个，而他们还没意识到有两个“戴夫”。
QuestLoc_RunThreeDogRun_Conversation_1_NPCStart_4,那么你想知道什么？
QuestLoc_RunThreeDogRun_Conversation_1_Team_1,死亡的洞穴在哪里？
QuestLoc_RunThreeDogRun_Conversation_1_Team_2,死亡是什么，或者说谁是死亡？
QuestLoc_RunThreeDogRun_Conversation_1_Team_3,他们离完成定额还有多远？
QuestLoc_RunThreeDogRun_Conversation_1_Team_4,杀人怎么能唤醒死亡？
QuestLoc_RunThreeDogRun_Conversation_2_NPCEnd_1,如果我的*完全正确*手册还在手，我非用它敲你的脑袋不可！
QuestLoc_RunThreeDogRun_Conversation_2_NPCStart_1,定额快完成了，现在是死亡的季节！
QuestLoc_RunThreeDogRun_Conversation_2_NPCStart_2,就算你救了那个多管闲事的电台主持人，也改变不了什么。
QuestLoc_RunThreeDogRun_Conversation_2_NPCStart_3,很快，废土就会被死亡的利爪撕裂！
QuestLoc_RunThreeDogRun_Conversation_2_NPCStart_4,144号避难所将取得胜利！站在死亡身后，既恭敬又安全。
QuestLoc_RunThreeDogRun_Conversation_2_Team_1,你们全是精神病！手册是错的，杀戮*根本不会*唤醒什么神话中的天启骑士！
QuestLoc_RunThreeDogRun_Conversation_3_NPCEnd_1,为监督者工作？嗯，也不算太糟。
QuestLoc_RunThreeDogRun_Conversation_3_NPCStart_1,现在*这*才算是在为正义而战！我对你们这些英雄感激不尽！
QuestLoc_RunThreeDogRun_Conversation_3_NPCStart_2,或许能帮上忙——我偷听到他们谈论你在找的那个洞穴了。
QuestLoc_RunThreeDogRun_Conversation_3_NPCStart_3,从这里往南五英里。入口阴森幽暗。你不会错过的。
QuestLoc_RunThreeDogRun_Conversation_3_NPCStart_4,现在外面还是那么不太平，我得找个更安全的地方做广播。
QuestLoc_RunThreeDogRun_Conversation_3_Team_1,来我们的避难所吧！我们广播站的工作人员会乐意把轻松的活儿让给一位广播传奇。
QuestLoc_RunThreeDogRun_QuestLongDescription,一直以来，三狗都在拯救生命，帮助定居者躲避天启骑士追随者的追捕，但这让他上了避难所144号的暗杀名单！他最后一次广播显示他正在躲避死亡邪教徒。我们必须赶在他们之前找到他，而他的一个追捕者可能知道死亡洞穴的位置！
QuestLoc_RunThreeDogRun_QuestName,跑，三狗，跑！
QuestLoc_RunThreeDogRun_QuestObjective_1,拯救三狗。
QuestLoc_RunThreeDogRun_QuestObjective_2,与《每周博览》记者交谈。
QuestLoc_RunThreeDogRun_QuestObjective_3,杀死避难所144的死亡崇拜者。
QuestLoc_RunThreeDogRun_QuestShortDescription,从追赶他的死亡崇拜者手中救出三狗。
QuestLoc_RunThreeDogRun_RaiderLine_1,我们是死亡的闹钟！
QuestLoc_RunThreeDogRun_RaiderLine_2,以第二十三条法规E款的力量！
QuestLoc_RunThreeDogRun_RaiderLine_3,愿死亡在床的右侧醒来！
QuestLoc_RunThreeDogRun_RaiderLine_4,你永远逃不出死亡的魔爪！
QuestLoc_Sabotage_Conversation_1_NPCEnd_1,我……我刚*真的*说了你来晚了。你什么毛病？
QuestLoc_Sabotage_Conversation_1_NPCEnd_2,嗯，对你来说会快得多！
QuestLoc_Sabotage_Conversation_1_NPCEnd_3,哦，当然，如果你要作弊用*武器*的话……
QuestLoc_Sabotage_Conversation_1_NPCStart_1,呦，呦，呦……看看蟑螂拖进来了什么。
QuestLoc_Sabotage_Conversation_1_NPCStart_2,你来晚了——我们在你的水里投了放射性废料！
QuestLoc_Sabotage_Conversation_1_NPCStart_3,我们用了很小剂量，以免被发现。
QuestLoc_Sabotage_Conversation_1_NPCStart_4,你们几十年的工夫就会死光光！哇哈哈哈！
QuestLoc_Sabotage_Conversation_1_Team_1,你别想得逞！
QuestLoc_Sabotage_Conversation_1_Team_2,就咱们这预期寿命来看……这还算改善了呢。
QuestLoc_Sabotage_Conversation_1_Team_3,你几秒之内就要咽气了。
QuestLoc_Sabotage_Conversation_2_NPCEnd_1,呃，别急着下结论……我们周一可是放假的。
QuestLoc_Sabotage_Conversation_2_NPCEnd_2,对啊，就好像……等等，你说什么？
QuestLoc_Sabotage_Conversation_2_NPCEnd_3,呃，这些可是他给我们的。只过期了一个月而已。
QuestLoc_Sabotage_Conversation_2_NPCStart_1,嘿，凭什么你能穿防辐射服？
QuestLoc_Sabotage_Conversation_2_NPCStart_2,老板让我们用放射性物质毒害人已经够糟了。
QuestLoc_Sabotage_Conversation_2_NPCStart_3,他至少该给我们提供足够的防护。
QuestLoc_Sabotage_Conversation_2_Team_1,也许我们该离开这个掠夺者帮派。
QuestLoc_Sabotage_Conversation_2_Team_2,他甚至没保护你们免受卧底破坏者的伤害。
QuestLoc_Sabotage_Conversation_2_Team_3,老板不在乎你们的健康。
QuestLoc_Sabotage_QuestLongDescription,我们从掠夺者基地取回的文件中发现了一些令人担忧的信息。他们似乎在附近的铀矿扎营，准备污染我们的水源。我们需要派人去阻止……当然，要偷偷地。
QuestLoc_Sabotage_QuestName,破坏！
QuestLoc_Sabotage_QuestObjective_1,阻止掠夺者污染水源。
QuestLoc_Sabotage_QuestShortDescription,挫败一场污染避难所水源的阴谋。
QuestLoc_SantasHelpers_Conversation_1_NPCEnd_1,好吧！“祝你圣诞快乐……祝你圣诞快乐……”
QuestLoc_SantasHelpers_Conversation_1_NPCEnd_2,呼！离开这里！
QuestLoc_SantasHelpers_Conversation_1_NPCStart_1,等等，你不是圣诞老人！
QuestLoc_SantasHelpers_Conversation_1_NPCStart_2,这真是史上最糟糕的圣诞节了！
QuestLoc_SantasHelpers_Conversation_1_Team_1,我们是圣诞老人的助手！来吧，请与我们一起唱圣诞歌！
QuestLoc_SantasHelpers_Conversation_1_Team_2,你知道吗，我们要告诉圣诞老人，把你加到淘气鬼名单里。
QuestLoc_SantasHelpers_Conversation_2_NPCEnd_1,我们相信肯定有圣诞老人！拿着这个，如果你见到他了，就把这个交给他！
QuestLoc_SantasHelpers_Conversation_2_NPCEnd_2,圣诞老人的助手都太小气了！离开避难所！
QuestLoc_SantasHelpers_Conversation_2_NPCStart_1,你们好，圣诞老人的助手们！我们避难所一直都是很乖的呢！
QuestLoc_SantasHelpers_Conversation_2_NPCStart_2,请告诉圣诞老人我们真的非常需要一些新的避难所服装！
QuestLoc_SantasHelpers_Conversation_2_NPCStart_3,哦，一些变潮了的薯条！
QuestLoc_SantasHelpers_Conversation_2_Team_1,圣诞老人要来了，但是你必须先相信他存在，这样他才会到来！
QuestLoc_SantasHelpers_Conversation_2_Team_2,别想了，你要上淘气鬼名单了。
QuestLoc_SantasHelpers_Conversation_3_NPCEnd_1,很好，拿着。
QuestLoc_SantasHelpers_Conversation_3_NPCEnd_2,“给你这个！”
QuestLoc_SantasHelpers_Conversation_3_NPCEnd_3,有钱能使鬼推磨
QuestLoc_SantasHelpers_Conversation_3_NPCEnd_4,真是慷慨！谢谢你们，圣诞老人的助手们！
QuestLoc_SantasHelpers_Conversation_3_NPCStart_1,我是尼古拉斯监督者，我的避难所永远欢迎你们！
QuestLoc_SantasHelpers_Conversation_3_NPCStart_2,圣诞老人一定会为你们骄傲的！
QuestLoc_SantasHelpers_Conversation_3_NPCStart_3,你配得上一些特别的报酬，我们该怎么报答你？
QuestLoc_SantasHelpers_Conversation_3_Team_1,我们想要避难所里最好的武器。
QuestLoc_SantasHelpers_Conversation_3_Team_2,这种时候当然是得穿新衣服啊。
QuestLoc_SantasHelpers_Conversation_3_Team_3,瓶盖，瓶盖最棒了。
QuestLoc_SantasHelpers_Conversation_3_Team_4,我们已经得到了对应的报酬了，不需要别的了！
QuestLoc_SantasHelpers_QuestLongDescription,圣诞老人失踪了，我们想要过圣诞节，就只能把他找回来！
QuestLoc_SantasHelpers_QuestName,圣诞老人的助手
QuestLoc_SantasHelpers_QuestObjective_1,与尼古拉斯监督者交谈。
QuestLoc_SantasHelpers_QuestObjective_2,与居民们交谈。
QuestLoc_SantasHelpers_QuestObjective_3,与居民们交谈。
QuestLoc_SantasHelpers_QuestShortDescription,庆祝圣诞节！
QuestLoc_SavingDaylight_Conversation_1_NPCEnd_1,你错了！别指望我们会揭露夏令时如何让我们生存！
QuestLoc_SavingDaylight_Conversation_1_NPCEnd_2,如果忏悔者在这儿而不是在楼上拿着引爆器，他会告诉你你错了！
QuestLoc_SavingDaylight_Conversation_1_NPCStart_1,是避难所居民！
QuestLoc_SavingDaylight_Conversation_1_NPCStart_2,尽管我们的保密工作堪称传奇，他们肯定还是知道了我们的计划。
QuestLoc_SavingDaylight_Conversation_1_NPCStart_3,在他们找到忏悔者阿尔瓦拉多之前杀了他们，他就在前面不远！
QuestLoc_SavingDaylight_Conversation_1_NPCStart_4,别让他们拿到炸弹！
QuestLoc_SavingDaylight_Conversation_1_Team_1,你们难道没意识到爆炸也会杀了你们吗？
QuestLoc_SavingDaylight_Conversation_1_Team_2,是啊，说到保密……你们干得可不怎么样！
QuestLoc_SavingDaylight_Conversation_2_NPCEnd_1,愿原子宽恕你的灵魂！
QuestLoc_SavingDaylight_Conversation_2_NPCEnd_2,没必要，我们都会被赦免——但你们不会！
QuestLoc_SavingDaylight_Conversation_2_NPCEnd_3,这……是个好问题。让我回头再回答你。
QuestLoc_SavingDaylight_Conversation_2_NPCStart_1,欢呼吧！E-Ster即将降临！
QuestLoc_SavingDaylight_Conversation_2_NPCStart_2,垂死的太阳将被崭新的太阳取代！
QuestLoc_SavingDaylight_Conversation_2_NPCStart_3,你将和其他罪人一起被冲刷殆尽。
QuestLoc_SavingDaylight_Conversation_2_Team_1,给你好好洗洗对你自己也没坏处……
QuestLoc_SavingDaylight_Conversation_2_Team_2,你愿意为原子牺牲自己吗？
QuestLoc_SavingDaylight_Conversation_2_Team_3,如果我们现在处于第五太阳，那之前的那些太阳发生了什么？
QuestLoc_SavingDaylight_Conversation_3_NPCEnd_1,闭嘴！你的话语对我无效！
QuestLoc_SavingDaylight_Conversation_3_NPCEnd_2,♪ 啦 啦 啦 啦 ♪ 我听不见你说什么！
QuestLoc_SavingDaylight_Conversation_3_NPCEnd_3,想得美！现在让我集中精力输入引爆代码……
QuestLoc_SavingDaylight_Conversation_3_NPCStart_1,啊，居民们！我们又见面了。你们觉得我的新造型怎么样？
QuestLoc_SavingDaylight_Conversation_3_NPCStart_2,过去的阿尔瓦拉多已成为历史。现在是一个全新的我，迎接全新的时代。
QuestLoc_SavingDaylight_Conversation_3_NPCStart_3,受祝福的夏令时会安全地将我们带到爆炸后的一小时未来。
QuestLoc_SavingDaylight_Conversation_3_NPCStart_4,你们将在火焰中消亡，而我们则会被送入新时代！
QuestLoc_SavingDaylight_Conversation_3_Team_1,我不觉得夏令时是这么运作的……
QuestLoc_SavingDaylight_Conversation_3_Team_2,你这个蠢货，你根本不会被送入未来，你也会死的！
QuestLoc_SavingDaylight_Conversation_3_Team_3,为什么不等到明天，看看太阳还在不在？
QuestLoc_SavingDaylight_QuestLongDescription,我们必须阻止阿尔瓦拉多忏悔者和原子神教引爆他们的2000万吨核装置，否则整个区域都会被蒸发！
QuestLoc_SavingDaylight_QuestName,拯救日光
QuestLoc_SavingDaylight_QuestObjective_1,阻止阿尔瓦拉多忏悔者的计划。
QuestLoc_SavingDaylight_QuestShortDescription,阻止原子神教炸毁这片区域！
QuestLoc_ScareTactics_Conversation_1_NPCEnd_1,我们会的，我发誓！拿着这个……这是我们拥有的全部了。
QuestLoc_ScareTactics_Conversation_1_NPCEnd_2,等等，什么？这不是幽灵……把他们抓住！
QuestLoc_ScareTactics_Conversation_1_NPCEnd_3,嗯？嘿！这只是一件衣服……把他们抓住！
QuestLoc_ScareTactics_Conversation_1_NPCEnd_4,万圣节……什么？嘿！这个幽灵是假的……把他们抓住！
QuestLoc_ScareTactics_Conversation_1_NPCStart_1,什么？！这地方真的闹鬼？
QuestLoc_ScareTactics_Conversation_1_NPCStart_2,我们把这个故事吹得天花乱坠，所以才能这么轻松地抢劫了这个避难所。
QuestLoc_ScareTactics_Conversation_1_NPCStart_3,我们很抱歉，别伤害我们！
QuestLoc_ScareTactics_Conversation_1_Team_1,呜~~~~！给我滚，永远~~~不准回来~~~！
QuestLoc_ScareTactics_Conversation_1_Team_2,不给糖果就使坏！
QuestLoc_ScareTactics_Conversation_1_Team_3,简直不敢相信，真的有用！
QuestLoc_ScareTactics_Conversation_1_Team_4,万圣节快乐！
QuestLoc_ScareTactics_QuestLongDescription,有了这件幽灵服装，就可以去31号避难所把那些掠夺者吓个半死了！
QuestLoc_ScareTactics_QuestName,恐吓战术
QuestLoc_ScareTactics_QuestObjective_1,在31号避难所恐吓那些掠夺者。
QuestLoc_ScareTactics_QuestShortDescription,在31号避难所恐吓那些掠夺者。
QuestLoc_ScienceCooperative_Conversation_1A_NPCEnd_1,为什么不走开，让我继续研究我的项目呢？
QuestLoc_ScienceCooperative_Conversation_1A_NPCEnd_2,事实上，没错！能见到别的科学家真是太好了！快来看看我一直在研究的东西！
QuestLoc_ScienceCooperative_Conversation_1A_NPCEnd_3,这就是废土为你提供的！一眼望去广阔无垠。
QuestLoc_ScienceCooperative_Conversation_1A_NPCStart_1,你们是从避难所来的研究员吗？太好了！
QuestLoc_ScienceCooperative_Conversation_1A_NPCStart_2,我们是废土激光协会的，入会有限制。
QuestLoc_ScienceCooperative_Conversation_1A_NPCStart_3,人手一发激光是我们的口号！
QuestLoc_ScienceCooperative_Conversation_1A_Team_1,替我们做些激光枪，呆子。
QuestLoc_ScienceCooperative_Conversation_1A_Team_2,太神奇了！你用氦氖来做激光的增益物质吗？
QuestLoc_ScienceCooperative_Conversation_1A_Team_3,这地方做激光研究真是太糟糕了。
QuestLoc_ScienceCooperative_Conversation_1B_NPCEnd_1,一切都是为了科学！不要介意，你只是没有明白而已，请原谅我的无礼。
QuestLoc_ScienceCooperative_Conversation_1B_NPCEnd_2,我知道了！调查一下我在研究的这个小物件！给你！
QuestLoc_ScienceCooperative_Conversation_1B_NPCEnd_3,这并不理想，但是也是相当大的进步了！抱歉，我得赶紧回去研究了。
QuestLoc_ScienceCooperative_Conversation_1B_NPCStart_1,嗨！欢迎来到我们的物理学俱乐部！
QuestLoc_ScienceCooperative_Conversation_1B_NPCStart_2,我们找些东西来打打看，看看会发生什么！这才是科学！
QuestLoc_ScienceCooperative_Conversation_1B_Team_1,那听上去更像是肆意破坏。
QuestLoc_ScienceCooperative_Conversation_1B_Team_2,物理学俱乐部？一群崇拜牛顿的家伙！
QuestLoc_ScienceCooperative_Conversation_1B_Team_3,这个地方用来做科研未必安全。
QuestLoc_ScienceCooperative_Conversation_1C_NPCEnd_1,真是粗鲁！我们没什么好说的了。
QuestLoc_ScienceCooperative_Conversation_1C_NPCEnd_2,就是这个了！我做了一些新的化合物，来看看吧！
QuestLoc_ScienceCooperative_Conversation_1C_NPCEnd_3,扯淡！科学可不是胆小鬼的游戏！现在，如果你可以……
QuestLoc_ScienceCooperative_Conversation_1C_NPCStart_1,万岁！是避难所的居民们！
QuestLoc_ScienceCooperative_Conversation_1C_NPCStart_2,我们是一些有理想的化学家，绝对完美的团队。
QuestLoc_ScienceCooperative_Conversation_1C_Team_1,化学就是艺术，艺术就是爆炸！
QuestLoc_ScienceCooperative_Conversation_1C_Team_2,化学家的团队？那可是炸弹啊！
QuestLoc_ScienceCooperative_Conversation_1C_Team_3,你们应该离开，这里太不安全了。
QuestLoc_ScienceCooperative_Conversation_1D_NPCEnd_1,你们怎么敢这样！这些人已经死了，但是他们不会被人们遗忘！现在，请别来烦我！
QuestLoc_ScienceCooperative_Conversation_1D_NPCEnd_2,终于有人能懂我了！这个你拿着！
QuestLoc_ScienceCooperative_Conversation_1D_NPCEnd_3,科学家从不等待，我必须继续，如果你不介意的话。
QuestLoc_ScienceCooperative_Conversation_1D_NPCStart_1,哦，没错！当地避难所已经派来了援助。
QuestLoc_ScienceCooperative_Conversation_1D_NPCStart_2,我们是废土的验尸官协会，我们负责把这里死去的人记录下来。
QuestLoc_ScienceCooperative_Conversation_1D_NPCStart_3,到目前为止，还处于说：“是的，他死了”的阶段。
QuestLoc_ScienceCooperative_Conversation_1D_Team_1,所以你说的话，意思就是你一点用都没有。
QuestLoc_ScienceCooperative_Conversation_1D_Team_2,你们在研究死者？那还真是棒呢！
QuestLoc_ScienceCooperative_Conversation_1D_Team_3,废土太危险了，没有时间让你们研究尸体。
QuestLoc_ScienceCooperative_Conversation_1E_NPCEnd_1,那是什么态度？你们能不能别来碍事？
QuestLoc_ScienceCooperative_Conversation_1E_NPCEnd_2,万岁！感谢你们能理解我们的工作，拿着吧，这只是我们小小的心意。
QuestLoc_ScienceCooperative_Conversation_1E_NPCEnd_3,这可不是园艺，这是科学！别介意，让我自个儿干活吧。
QuestLoc_ScienceCooperative_Conversation_1E_NPCStart_1,是避难所的居民们！真是太谢谢你们了。
QuestLoc_ScienceCooperative_Conversation_1E_NPCStart_2,我们是植物学家协会，我们的工作就是想尽一切办法照顾好花花草草！
QuestLoc_ScienceCooperative_Conversation_1E_Team_1,花花草草在废土一点用都没有，只有力量才能统治废土！
QuestLoc_ScienceCooperative_Conversation_1E_Team_2,希望你们能种出美丽的水仙花和玫瑰！
QuestLoc_ScienceCooperative_Conversation_1E_Team_3,无意冒犯，但是在这里种花可不是什么明智的行为。
QuestLoc_ScienceCooperative_Conversation_2A_NPCEnd_1,哦不，确实一点用都没有！感谢你的建议，不过抱歉，我得考虑一下。
QuestLoc_ScienceCooperative_Conversation_2A_NPCEnd_2,当然！这是我现在能做到的一切了！拿着，这是谢礼！
QuestLoc_ScienceCooperative_Conversation_2A_NPCEnd_3,活体激光？我想这种科技对于目前来说还是太过先进了一点。哦……
QuestLoc_ScienceCooperative_Conversation_2A_NPCStart_1,哦，太好了，避难所的居民们来了！我需要你们避难所科技的专业知识！
QuestLoc_ScienceCooperative_Conversation_2A_NPCStart_2,告诉我，目前来说，做激光手术用什么技术最好？
QuestLoc_ScienceCooperative_Conversation_2A_Team_1,我们更加喜欢能够把人点着的。
QuestLoc_ScienceCooperative_Conversation_2A_Team_2,使用粒子加速器，这肯定很棒！
QuestLoc_ScienceCooperative_Conversation_2A_Team_3,说真的，我们不知道，你想怎么做就怎么做吧。
QuestLoc_ScienceCooperative_Conversation_2B_NPCEnd_1,呃，好吧，我会继续我的研究的。不过现在，请你们离开吧。
QuestLoc_ScienceCooperative_Conversation_2B_NPCEnd_2,等等，不行吗？当然！我觉得……呃，这些请你们收下！
QuestLoc_ScienceCooperative_Conversation_2B_NPCEnd_3,呃，好吧，我会继续我的研究的。不过现在，请你们离开吧。
QuestLoc_ScienceCooperative_Conversation_2B_NPCStart_1,哦，太好了，居民们来了。我需要你们的帮助来解决这个麻烦的科学问题。
QuestLoc_ScienceCooperative_Conversation_2B_NPCStart_2,我一直在研究这本关于化学元素的旧书。
QuestLoc_ScienceCooperative_Conversation_2B_NPCStart_3,上面说道铅的密度比铁大，但是一磅重的铅和一磅重的铁竟然是一样重的！
QuestLoc_ScienceCooperative_Conversation_2B_NPCStart_4,怎么会这样呢？
QuestLoc_ScienceCooperative_Conversation_2B_Team_1,你才是科学家，自己想去！
QuestLoc_ScienceCooperative_Conversation_2B_Team_2,密度跟重量没什么关系。
QuestLoc_ScienceCooperative_Conversation_2B_Team_3,我们不知道，也不想知道。
QuestLoc_ScienceCooperative_Conversation_2C_NPCEnd_1,我需要的不是你的拒绝！走开走开！我要工作了！
QuestLoc_ScienceCooperative_Conversation_2C_NPCEnd_2,什么？哦！这很明显嘛！请收下这个，作为谢礼。
QuestLoc_ScienceCooperative_Conversation_2C_NPCEnd_3,真是无礼，好吧，那就别来烦我了。
QuestLoc_ScienceCooperative_Conversation_2C_NPCStart_1,太棒了，避难所的研究员们到了！
QuestLoc_ScienceCooperative_Conversation_2C_NPCStart_2,我一直在研究关于沸水的事情。
QuestLoc_ScienceCooperative_Conversation_2C_NPCStart_3,但是水在沸腾了之后会消失！为什么会这样呢？物质是不可能被摧毁的啊。
QuestLoc_ScienceCooperative_Conversation_2C_Team_1,那就是你在研究的东西？沸水能帮让人们什么忙吗？
QuestLoc_ScienceCooperative_Conversation_2C_Team_2,水并没有被摧毁，只是变成了水蒸气。
QuestLoc_ScienceCooperative_Conversation_2C_Team_3,也许它只是不想对着你这张愚蠢的脸吧。
QuestLoc_ScienceCooperative_Conversation_2D_NPCEnd_1,如果你接受不了科学，那么就请你从实验室里滚出去！
QuestLoc_ScienceCooperative_Conversation_2D_NPCEnd_2,真是有趣的理论！谢谢你，这些请你收下。
QuestLoc_ScienceCooperative_Conversation_2D_NPCEnd_3,你是在说自己是……食人族吗？呃……也许你应该从这里滚出去。
QuestLoc_ScienceCooperative_Conversation_2D_NPCStart_1,我恐怕你们太迟了，避难所的居民们，我的病人已经死了……
QuestLoc_ScienceCooperative_Conversation_2D_NPCStart_2,开玩笑的！他早就死了！说真的，味道不怎么好闻……
QuestLoc_ScienceCooperative_Conversation_2D_NPCStart_3,我不懂为什么人活着的时候味道不会那么难闻？
QuestLoc_ScienceCooperative_Conversation_2D_Team_1,这是我听过最令人恶心的话题了。
QuestLoc_ScienceCooperative_Conversation_2D_Team_2,好吧，有一个原因是因为死人的身体不会再去抵抗细菌和真菌。
QuestLoc_ScienceCooperative_Conversation_2D_Team_3,如果你觉得味道很难闻，你就更加不会想去尝了。
QuestLoc_ScienceCooperative_Conversation_2E_NPCEnd_1,呃，好吧，我还是自己想吧……
QuestLoc_ScienceCooperative_Conversation_2E_NPCEnd_2,太神奇了！我得把这些记下来，这些你拿着，就当是谢礼！
QuestLoc_ScienceCooperative_Conversation_2E_NPCEnd_3,那……可不是我想要知道的事情，好吧，我还是自己想吧。
QuestLoc_ScienceCooperative_Conversation_2E_NPCStart_1,你们来得正好，我遇到了一个有趣的难题。
QuestLoc_ScienceCooperative_Conversation_2E_NPCStart_2,植物需要光才能生长，但是蘑菇却不需要！它们在完全黑暗的环境下也一样能够生长。
QuestLoc_ScienceCooperative_Conversation_2E_NPCStart_3,但是为什么呢？活着的生物不是都需要光吗？
QuestLoc_ScienceCooperative_Conversation_2E_Team_1,你需要的光是我们伟大的光辉！
QuestLoc_ScienceCooperative_Conversation_2E_Team_2,植物进行光合作用才需要光，但是蘑菇不需要通过这些。
QuestLoc_ScienceCooperative_Conversation_2E_Team_3,光不光的我们不知道，我们只知道活着的东西可以烧就对了。
QuestLoc_ScienceCooperative_QuestLongDescription,一队科学家请求我们的帮助，他们正处于废土的危险地带。
QuestLoc_ScienceCooperative_QuestName,科学合作！
QuestLoc_ScienceCooperative_QuestObjective_1,与科学家们谈谈。
QuestLoc_ScienceCooperative_QuestObjective_2,与科学家们谈谈。
QuestLoc_ScienceCooperative_QuestShortDescription,与科学家们谈谈。
QuestLoc_ScientificProgress_Conversation_1_NPCEnd_1,我们走着瞧！
QuestLoc_ScientificProgress_Conversation_1_NPCEnd_2,你们别想从我这里得到任何东西！
QuestLoc_ScientificProgress_Conversation_1_NPCEnd_3,好吧好吧，我表示尊重，但是我还是要杀了你！
QuestLoc_ScientificProgress_Conversation_1_NPCEnd_4,好吧，你们可以全身而退了！
QuestLoc_ScientificProgress_Conversation_1_NPCStart_1,你为什么要这么做？我们什么都没干啊！
QuestLoc_ScientificProgress_Conversation_1_Team_1,如果没有你，未来要好得多！
QuestLoc_ScientificProgress_Conversation_1_Team_2,把你的衣服、靴子还有摩托车交出来……
QuestLoc_ScientificProgress_Conversation_1_Team_3,我们……很无聊吗？
QuestLoc_ScientificProgress_Conversation_1_Team_4,我们暂时休战！
QuestLoc_ScientificProgress_QuestLongDescription,高科技科研需要牺牲大量的精力和物资，甚至是人。所以，以科学之名牺牲掉一些掠夺者吧，顺便夺取他们的物资！
QuestLoc_ScientificProgress_QuestName,科学进步
QuestLoc_ScientificProgress_QuestObjective_1,探索大楼。
QuestLoc_ScientificProgress_QuestObjective_2,杀死掠夺者Boss。
QuestLoc_ScientificProgress_QuestShortDescription,别挡着科学的步伐！
QuestLoc_ScientificProgress_RaiderLine_1,哦不！是学院！
QuestLoc_ScientificProgress_RaiderLine_2,“人类，重新定义”见鬼去吧，混蛋们！
QuestLoc_SecondStringers_Conversation_1_NPCEnd_1,这是一场竞赛，最卑鄙的人将会获得胜利，而我，就是那个最卑鄙的人！
QuestLoc_SecondStringers_Conversation_1_NPCEnd_2,他是一个超级大Boss，有能力竞争超级杯的人，就像我一样！
QuestLoc_SecondStringers_Conversation_1_NPCStart_1,你太迟了！我已经把那个居民派过去了！
QuestLoc_SecondStringers_Conversation_1_NPCStart_2,他们会是我们的新拉拉队员，嘿嘿。
QuestLoc_SecondStringers_Conversation_1_NPCStart_3,我对今年的超级杯势在必得！
QuestLoc_SecondStringers_Conversation_1_Team_1,超级杯是什么？
QuestLoc_SecondStringers_Conversation_1_Team_2,科米什是什么？
QuestLoc_SecondStringers_QuestLongDescription,一群掠夺者抓了一个居民做认知，请前去营救，顺便调查一下那个神秘的超级杯！
QuestLoc_SecondStringers_QuestName,一石二鸟
QuestLoc_SecondStringers_QuestObjective_1,确定人质的位置。
QuestLoc_SecondStringers_QuestObjective_2,了解超级杯
QuestLoc_SecondStringers_QuestShortDescription,确定人质的位置。
QuestLoc_SecondStringers_RaiderLine_1,打败他们！
QuestLoc_SecondStringers_RaiderLine_2,你要进伤病名单了！
QuestLoc_SecretAgentPerson_QuestlineName,秘密特工
QuestLoc_SecretWeaponTest_Conversation_1_NPCEnd_1,好吧，那我们直接抢走就是了！
QuestLoc_SecretWeaponTest_Conversation_1_NPCEnd_2,如果我说不呢？
QuestLoc_SecretWeaponTest_Conversation_1_NPCEnd_3,那你的处境可不太妙了，因为我们全都看见你了。
QuestLoc_SecretWeaponTest_Conversation_1_NPCStart_1,伙计，你那武器挺花哨啊。
QuestLoc_SecretWeaponTest_Conversation_1_NPCStart_2,这样吧。把武器给我们，我们就饶你一命。
QuestLoc_SecretWeaponTest_Conversation_1_Team_1,抱歉，我做不到。
QuestLoc_SecretWeaponTest_Conversation_1_Team_2,要不我杀了你，然后我们就当什么都没发生过？
QuestLoc_SecretWeaponTest_Conversation_1_Team_3,我的命令很明确：不留活口。
QuestLoc_SecretWeaponTest_QuestLongDescription,从掠夺者基地取回的文件中有一份新武器的蓝图。我们的工程师已经造好了它，但现在我们需要在实地测试武器的性能。确保没有人看到你并活着说出去。
QuestLoc_SecretWeaponTest_QuestName,秘密武器测试
QuestLoc_SecretWeaponTest_QuestObjective_1,在敌人身上测试垃圾喷射器。
QuestLoc_SecretWeaponTest_QuestShortDescription,测试根据回收蓝图制作的武器。
QuestLoc_SecretWeaponTest_RaiderLine_1,来看看这小家伙能做什么！
QuestLoc_SecretWeaponTest_RaiderLine_2,跟我的大块头朋友打个招呼吧！
QuestLoc_SecretWeaponTest_RaiderLine_3,有垃圾吗？这里还有更多！
QuestLoc_SetEmUpFamine_Conversation_1_NPCEnd_1,别管那个！现在是吃饭时间！
QuestLoc_SetEmUpFamine_Conversation_1_NPCStart_1,你们这些害虫为什么来到这个饥饿的堡垒？
QuestLoc_SetEmUpFamine_Conversation_1_NPCStart_2,你只会找到病弱、憔悴的空壳，对他们来说你就是崇高的救星。
QuestLoc_SetEmUpFamine_Conversation_1_NPCStart_3,可悲的生物，它们的心理构造精妙的诡计来逃避现实。
QuestLoc_SetEmUpFamine_Conversation_1_NPCStart_4,例如，我……变成……一本……活字典？（神情困惑。）
QuestLoc_SetEmUpFamine_Conversation_1_Team_1,我们不想打架。我们只是要给饥饿帮的首领们带个口信。
QuestLoc_SetEmUpFamine_Conversation_2_NPCEnd_1,别放弃！你们是唯一还能对抗天启骑士的人了！
QuestLoc_SetEmUpFamine_Conversation_2_NPCStart_1,嗨！是我，德鲁西拉，避难所科技档案馆的档案员。
QuestLoc_SetEmUpFamine_Conversation_2_NPCStart_2,我觉得我可以安全地过来看看这里在吵什么。
QuestLoc_SetEmUpFamine_Conversation_2_NPCStart_3,这些饥饿帮真是死脑筋。不过说起来，我自己也有点饿了……
QuestLoc_SetEmUpFamine_Conversation_2_NPCStart_4,你们最后找到死亡的山洞了吗？
QuestLoc_SetEmUpFamine_Conversation_2_Team_1,没有，它可能在任何地方。与此同时，144号避难所还在忙着想办法唤醒死亡。
QuestLoc_SetEmUpFamine_Conversation_3_NPCEnd_1,哦，他会搞定的，而且他会吃掉*所有*食物！
QuestLoc_SetEmUpFamine_Conversation_3_NPCStart_1,饭前讲个故事如何？
QuestLoc_SetEmUpFamine_Conversation_3_NPCStart_2,“将害虫与罗勒、大蒜、帕尔马干酪、橄榄油和松子混合。”
QuestLoc_SetEmUpFamine_Conversation_3_NPCStart_3,“搅拌成细腻的糊状。根据口味调味。”
QuestLoc_SetEmUpFamine_Conversation_3_NPCStart_4,瞧！害虫酱！
QuestLoc_SetEmUpFamine_Conversation_3_Team_1,等等！瘟疫很快就要在226号避难所与战争对决。饥荒能赶来赴宴吗？
QuestLoc_SetEmUpFamine_QuestLongDescription,害虫们将把瘟疫带到226号避难所，战争也必然会随之而来。如果我们也能把饥荒引过去，那么天启骑士和他们的信徒们或许会互相残杀！我们需要伪装成害虫，与饥饿部落的非狂暴领袖交谈。
QuestLoc_SetEmUpFamine_QuestName,设局：饥荒
QuestLoc_SetEmUpFamine_QuestObjective_1,让饥饿部落将饥荒引向226号避难所。
QuestLoc_SetEmUpFamine_QuestObjective_2,与德鲁西拉交谈。
QuestLoc_SetEmUpFamine_QuestShortDescription,将饥荒引诱至废弃的226号避难所。
QuestLoc_SetEmUpFamine_RaiderLine_1,让我们的饥饿吞噬你！
QuestLoc_SetEmUpFamine_RaiderLine_2,你们这些害虫全是红肉！
QuestLoc_SetEmUpFamine_RaiderLine_3,饥荒会怎么做？当然是吃掉你！
QuestLoc_SetEmUpFamine_RaiderLine_4,让我们结束这场饥饿抗议！
QuestLoc_SetEmUpPestilence_Conversation_1_NPCEnd_1,也好。我实际上没有客厅。
QuestLoc_SetEmUpPestilence_Conversation_1_NPCStart_1,你们这些战争崇拜者不应该来这里。
QuestLoc_SetEmUpPestilence_Conversation_1_NPCStart_2,但在我们杀你之前，我有一个问题。
QuestLoc_SetEmUpPestilence_Conversation_1_NPCStart_3,你愿意走进我的客厅吗？
QuestLoc_SetEmUpPestilence_Conversation_1_Team_1,其实我们已经在这儿了，而且我们给负责人带了个口信。
QuestLoc_SetEmUpPestilence_Conversation_2_NPCStart_1,你必须帮我！我曾为《每周博览》做卧底，但他们发现了我。
QuestLoc_SetEmUpPestilence_Conversation_2_NPCStart_2,他们给我下了...不，赐予了我...瘟疫的...辐射...
QuestLoc_SetEmUpPestilence_Conversation_2_NPCStart_3,我无法...清醒思考...赞美...赞美...赞美被辐射者！
QuestLoc_SetEmUpPestilence_Conversation_2_NPCStart_4,我...不配...不！我现在已经值得了！
QuestLoc_SetEmUpPestilence_Conversation_2_Team_1,呃...鹰？
QuestLoc_SetEmUpPestilence_Conversation_3_NPCEnd_1,我们无所谓。瘟疫会在那里开始清除...天启骑士中的败类！
QuestLoc_SetEmUpPestilence_Conversation_3_NPCStart_1,我们只想把瘟疫的荣光传遍整个废土。
QuestLoc_SetEmUpPestilence_Conversation_3_NPCStart_2,这要求真的过分吗？
QuestLoc_SetEmUpPestilence_Conversation_3_NPCStart_3,那么看在瘟疫的份上，能*请你*放过我们吗？
QuestLoc_SetEmUpPestilence_Conversation_3_Team_1,当然，但战争（愿他永生）向瘟疫下了战书。一对一在避难所226。
QuestLoc_SetEmUpPestilence_QuestLongDescription,休战已被遗忘，战争现在嗜血，准备翻遍废土寻找瘟疫！耗时越长，就会有越多无辜的定居者死去，所以我们打扮成战争崇拜者，说服瘟疫信徒把瘟疫带到战争面前。避难所226，废弃在山中，将成为他们末日对决的绝佳竞技场！
QuestLoc_SetEmUpPestilence_QuestName,设局：瘟疫
QuestLoc_SetEmUpPestilence_QuestObjective_1,让害虫们将瘟疫引到避难所226。
QuestLoc_SetEmUpPestilence_QuestObjective_2,与每周展览记者交谈。
QuestLoc_SetEmUpPestilence_QuestShortDescription,将瘟疫诱骗至废弃的避难所226。
QuestLoc_SetEmUpPestilence_RaiderLine_1,愿受辐射者得福！
QuestLoc_SetEmUpPestilence_RaiderLine_2,价值被高估了！
QuestLoc_SetEmUpPestilence_RaiderLine_3,等我们杀了你，瘟疫会发出...骄傲的光芒！
QuestLoc_SetEmUpPestilence_RaiderLine_4,我同意对我们组织名称的批评！
QuestLoc_SeventhInningStretch_Conversation_1_NPCStart_1,没有，没啥，没什么。
QuestLoc_SeventhInningStretch_QuestLongDescription,教练真的有那件运动衫吗？有线索表明他可能在那栋旧办公大楼里，值得去调查一下。
QuestLoc_SeventhInningStretch_QuestName,第七局
QuestLoc_SeventhInningStretch_QuestObjective_1,寻找拉基·乔宾逊的棒球运动衫。
QuestLoc_SeventhInningStretch_QuestShortDescription,在办公大楼寻找教练。
QuestLoc_ShamrocktheCasbah_Conversation_1_NPCStart_1,好吧，这真令人失望。
QuestLoc_ShamrocktheCasbah_Conversation_1_NPCStart_2,三叶草枝应该只有三片叶子...
QuestLoc_ShamrocktheCasbah_Conversation_1_NPCStart_3,……但这里的样本都有四片叶子。肯定是一种不同的植物。
QuestLoc_ShamrocktheCasbah_Conversation_1_NPCStart_4,真倒霉。走吧，我们回家。
QuestLoc_ShamrocktheCasbah_QuestLongDescription,我们收到消息，避难所317里存有大灾变前的三叶草样本。这种坚韧且营养丰富的杂草被认为已经灭绝，可能成为我们的重要主食。我们需要带回这些样本——如果还有剩余的话！
QuestLoc_ShamrocktheCasbah_QuestName,敲响卡萨巴
QuestLoc_ShamrocktheCasbah_QuestObjective_1,探索避难所317
QuestLoc_ShamrocktheCasbah_QuestShortDescription,从一座废弃避难所中取回三叶草样本。
QuestLoc_ShamrocktheCasbah_RaiderLine_1,早安给你！
QuestLoc_ShamrocktheCasbah_RaiderLine_2,我现在真想来点绿色啤酒……
QuestLoc_ShamrocktheCasbah_RaiderLine_3,爱尔兰万岁！
QuestLoc_ShotgunWedding_Conversation_1_NPCStart_1,把我弄出去！
QuestLoc_ShotgunWedding_QuestLongDescription,一个坠入还和的掠夺者头目决定结婚了，但是新娘根本就没有像和他结婚。请从野兽手中救出那位美人。
QuestLoc_ShotgunWedding_QuestName,婚姻风云
QuestLoc_ShotgunWedding_QuestObjective_1,拯救被绑架的避难所居民。
QuestLoc_ShotgunWedding_QuestObjective_2,打败掠夺者Boss。
QuestLoc_ShotgunWedding_QuestShortDescription,从掠夺者Boss手中救出被绑架的居民。
QuestLoc_ShotgunWedding_RaiderLine_1,你别想妨碍我结婚！
QuestLoc_SignalFailure_Conversation_1_NPCStart_1,快看看那个，上帝啊，貌似是战前的东西。
QuestLoc_SignalFailure_Conversation_1_NPCStart_2,“我们今天已经收到了巧手先生，如果我们要及时赶上修理工期的话，我们就得用上这个。”
QuestLoc_SignalFailure_Conversation_2_NPCStart_1,啊哈，又一张便条。
QuestLoc_SignalFailure_Conversation_2_NPCStart_2,“修理比我想象的要麻烦，我要叫上楼下的所有人，希望我们能一切顺利。”
QuestLoc_SignalFailure_Conversation_2_NPCStart_3,哦，上帝啊……
QuestLoc_SignalFailure_Conversation_3_NPCStart_1,这应该就是那个信号了，而且这里还有另一张便条。
QuestLoc_SignalFailure_Conversation_3_NPCStart_2,“那扇门，关不上了。我开启了求救信号，也许会有人来帮我们。不然的话……我们被那些怪物干掉就只是时间的问题了。”
QuestLoc_SignalFailure_Conversation_3_NPCStart_3,那些尸鬼……是避难所的居民……我都做了什么啊？
QuestLoc_SignalFailure_Conversation_3_NPCStart_4,嘿，那是一台巧手先生吗？太好了！
QuestLoc_SignalFailure_QuestLongDescription,你从废弃的233号避难所发现了求救信号，去不去那里调查完全取决于你。
QuestLoc_SignalFailure_QuestName,求救信号
QuestLoc_SignalFailure_QuestObjective_1,找到位于233号避难所的求救信号源。
QuestLoc_SignalFailure_QuestShortDescription,追踪位于233号避难所的求救信号！
QuestLoc_SignalFailure_RaiderLine_1,嘿！是我们先到这里的，这个避难所是我们的！
QuestLoc_SlashandBurn_Conversation_1_NPCEnd_1,不，求你去救救我的小队吧，他们被困在390号避难所了。
QuestLoc_SlashandBurn_Conversation_1_NPCStart_1,你太迟了，我本来是马克森的手下……但是因为辐射的关系，我变成了这样。
QuestLoc_SlashandBurn_Conversation_1_Team_1,听到这个很抱歉，能帮上忙吗？
QuestLoc_SlashandBurn_QuestLongDescription,有一个马克森蛮子告诉我他的小队要去扫荡一个核子可乐工厂，那应该就是我下一个目标了。
QuestLoc_SlashandBurn_QuestName,烧杀抢掠
QuestLoc_SlashandBurn_QuestObjective_1,杀死发光者。
QuestLoc_SlashandBurn_QuestObjective_2,探索核子可乐工厂。
QuestLoc_SlashandBurn_QuestShortDescription,在核子可乐工厂寻找马克森的蛮子。
QuestLoc_SlidingintoHome_Conversation_1_NPCStart_1,这里只有甜麦炮弹，却没有运动衫的影子。
QuestLoc_SlidingintoHome_QuestLongDescription,也许教练肚子饿了，然后去了粮食加工工厂。拉基·乔宾逊的运动衫，我们来了！
QuestLoc_SlidingintoHome_QuestName,回家
QuestLoc_SlidingintoHome_QuestObjective_1,寻找拉基·乔宾逊的棒球运动衫。
QuestLoc_SlidingintoHome_QuestShortDescription,找到拉基·乔宾森的棒球衫。
QuestLoc_SnakeWater_Conversation_1_NPCEnd_1,明智的选择！拿上你的奖励，我忠诚的臣民们！
QuestLoc_SnakeWater_Conversation_1_NPCEnd_2,好吧！既然不是生命之水，那就尝尝死亡之血！接招吧！
QuestLoc_SnakeWater_Conversation_1_NPCStart_1,你们找到了我，强大的流水大巫师！喝水的执事！口渴的泰坦！
QuestLoc_SnakeWater_Conversation_1_NPCStart_2,你以为能在武器战斗中赢我？休想！我纯净清凉的水会保护我！
QuestLoc_SnakeWater_Conversation_1_NPCStart_3,但也不必走到那一步……免遭我的怒火，我们可以平分利润！
QuestLoc_SnakeWater_Conversation_1_NPCStart_4,你们怎么说，贱民们？
QuestLoc_SnakeWater_Conversation_1_Team_1,冷静点，巫师。我们不想打。我们只想要我们那份。
QuestLoc_SnakeWater_Conversation_1_Team_2,你坑了太多人。你完蛋了，“巫师”！
QuestLoc_SnakeWater_QuestLongDescription,我们终于找到了流水巫师。是时候面对他，阻止他再卖他那吹上天的自来水了。也许我们还能顺便赚点外快……
QuestLoc_SnakeWater_QuestName,蛇水
QuestLoc_SnakeWater_QuestObjective_1,关闭水巫师的行动。
QuestLoc_SnakeWater_QuestShortDescription,关闭水巫师的行动。
QuestLoc_Snipping_QuestName,剪优惠券
QuestLoc_Snipping_QuestLongDescription,马君要求你前往附近的超级杜伯超市获取补给。睁大眼睛。你永远不知道会在那里遇到谁或什么。
QuestLoc_Snipping_QuestShortDescription,搜索超级杜伯超市。
QuestLoc_Snipping_QuestObjective,搜索超级杜伯超市。
QuestLoc_Snipping_Conversation01_NPC01,哦！幸会！多么机缘巧合。
QuestLoc_Snipping_Conversation01_NPC02,我以为我会永远孤独！
QuestLoc_Snipping_01_Answer01_PC01,呃，你是什么？
QuestLoc_Snipping_01_Answer01_NPC01,我是剪剪先生！我发现了一些玉米！请允许我跟随你，它全是你的！
QuestLoc_SomewhereintheBallpark_Conversation_1_NPCStart_1,没有运动衫，只有无穷无尽的冒险，对吗？
QuestLoc_SomewhereintheBallpark_QuestLongDescription,我们要出发前往第十个寻找拉基·乔宾逊的运动衫的位置了，也许这一次会有好运……不是吗？
QuestLoc_SomewhereintheBallpark_QuestName,摸索
QuestLoc_SomewhereintheBallpark_QuestObjective_1,寻找拉基·乔宾逊的棒球运动衫。
QuestLoc_SomewhereintheBallpark_QuestShortDescription,找到 Rackie Jobinson 的棒球衫。
QuestLoc_SOS_Conversation_1_NPCEnd_1,你是一个真正的英雄，我虽然没有瓶盖，但是这些也许能帮上你的忙。
QuestLoc_SOS_Conversation_1_NPCEnd_2,我不相信！不可能有人能拿大斯派做热狗，我没有瓶盖，不过也许这些会对你有所帮助。
QuestLoc_SOS_Conversation_1_NPCStart_1,谢天谢地！我还以为我的屁股完蛋了。
QuestLoc_SOS_Conversation_1_NPCStart_2,一些掠夺者在仓库带走了我的狗，大斯派。
QuestLoc_SOS_Conversation_1_NPCStart_3,我想他们肯定是要把他吃掉！
QuestLoc_SOS_Conversation_1_NPCStart_4,你得去救他，保证他的安全！
QuestLoc_SOS_Conversation_1_Team_1,诱拐犬类可是犯罪行为，我会把他找回来的！
QuestLoc_SOS_Conversation_1_Team_2,如果有什么东西呗烤了的话，那肯定就是你的狗了。
QuestLoc_SOS_QuestLongDescription,你从一栋废弃的大楼里收到了求救信号，请派遣救援小队找到信号源。
QuestLoc_SOS_QuestName,SOS！
QuestLoc_SOS_QuestObjective_1,寻找源头。
QuestLoc_SOS_QuestShortDescription,寻找求救信号的源头。
QuestLoc_SpearFishing_Conversation_1_NPCEnd_1,真是难到我了，我们已经派出了我们最好的追踪者，影狼，去追踪信号的源头。他一直往北去了，大约一个小时之前。
QuestLoc_SpearFishing_Conversation_1_NPCStart_1,你来这里是为了那些训练过的鼹鼠？那是我见过最疯狂的东西。
QuestLoc_SpearFishing_Conversation_1_NPCStart_2,我们在土豆上面设置了陷阱，只要有轻微的震动，尖利的长矛就会直插地下。
QuestLoc_SpearFishing_Conversation_1_NPCStart_3,带几袋土豆，给我们抓一些鼹鼠来，要肥一些的那种，它们肯定会从地底钻过来偷这些东西的！
QuestLoc_SpearFishing_Conversation_1_Team_1,你是怎么训练鼹鼠的？
QuestLoc_SpearFishing_QuestLongDescription,那似乎并不是瘟疫 - 有人看到了那些土豆是怎么失踪的！我们得和他们取得联系。
QuestLoc_SpearFishing_QuestName,长矛狩猎
QuestLoc_SpearFishing_QuestObjective_1,见见第一批庄稼失窃的农夫。
QuestLoc_SpearFishing_QuestShortDescription,见见第一批土豆失窃的农夫。
QuestLoc_SpelunKingTraining_QuestName,探险大王训练
QuestLoc_SpelunKingTraining_QuestObjective_1,探索洞穴。
QuestLoc_SpelunKingTraining_QuestObjective_2,见见其它参加探险大王比赛的竞争对手。
QuestLoc_SpelunKingTrainingA_Conversation_1_NPCEnd_1,哦，当然。等这比赛结束了，你就能更好地认识自己了！
QuestLoc_SpelunKingTrainingA_Conversation_1_NPCEnd_2,想法简单的人总是想用暴力去解决这些……
QuestLoc_SpelunKingTrainingA_Conversation_1_NPCStart_1,看啊，那些固步自封的傻子！
QuestLoc_SpelunKingTrainingA_Conversation_1_NPCStart_2,你知道钟乳石和石笋的区别吗？
QuestLoc_SpelunKingTrainingA_Conversation_1_NPCStart_3,我们肯定会成为探险大王的，所以你是不是应该作出点让步，或者说“放弃”。
QuestLoc_SpelunKingTrainingA_Conversation_1_Team_1,洞穴里湿哒哒的，而且还有尖尖的石头，我们知道该怎么赢。
QuestLoc_SpelunKingTrainingA_Conversation_1_Team_2,俘获-*这个*，书呆子！意思是，“动手吧”。
QuestLoc_SpelunKingTrainingA_Conversation_2_NPCStart_1,这些洞穴应该没可能了！
QuestLoc_SpelunKingTrainingA_Conversation_2_NPCStart_2,监督者肯定要派我们去参加探险大王的比赛了。
QuestLoc_SpelunKingTrainingA_QuestLongDescription,年度探险大王比赛即将到来了，但是该派哪些居民去呢？我们还是派出最幸运最机敏的居民去吧，看看他们会怎么做！
QuestLoc_SpelunKingTrainingA_QuestShortDescription,强壮并且机智的居民们可以吗？
QuestLoc_SpelunKingTrainingB_Conversation_1_NPCEnd_1,好吧，有人忘了那些鬼鬼祟祟的孩子了吗？
QuestLoc_SpelunKingTrainingB_Conversation_1_NPCEnd_2,保护团队！
QuestLoc_SpelunKingTrainingB_Conversation_1_NPCStart_1,我们认为你们是一群双头牛，一群慢悠悠闹哄哄的双头牛。
QuestLoc_SpelunKingTrainingB_Conversation_1_NPCStart_2,又安静又快速，我们肯定轻轻松松的就能拿到探险大王比赛的优胜。
QuestLoc_SpelunKingTrainingB_Conversation_1_NPCStart_3,消失吧，狡猾的家伙！
QuestLoc_SpelunKingTrainingB_Conversation_1_Team_1,我们还是能看到你……
QuestLoc_SpelunKingTrainingB_Conversation_1_Team_2,我们只是来抓住你这个像忍者一样的家伙的。
QuestLoc_SpelunKingTrainingB_Conversation_2_NPCStart_1,而*那*就是你探险的方式。
QuestLoc_SpelunKingTrainingB_Conversation_2_NPCStart_2,监督者肯定要派我们去比赛了！
QuestLoc_SpelunKingTrainingB_QuestLongDescription,年度探险大王比赛即将到来了，但是该派哪些居民去呢？我们还是派出最迷人最机智的居民去吧，看看他们会怎么做！
QuestLoc_SpelunKingTrainingB_QuestShortDescription,迷人且机智的居民可以吗？
QuestLoc_SpelunKingTrainingC_Conversation_1_NPCEnd_1,所以我们从现在开始就要被监视了？有趣……
QuestLoc_SpelunKingTrainingC_Conversation_1_NPCEnd_2,决一死战吗？真是好猜。
QuestLoc_SpelunKingTrainingC_Conversation_1_NPCStart_1,居民无法击败一队前任监督者。
QuestLoc_SpelunKingTrainingC_Conversation_1_NPCStart_2,我们看得到你们心里的想法，可以看得到你们的每一步举动，我们完完全全地掌控着你们！
QuestLoc_SpelunKingTrainingC_Conversation_1_NPCStart_3,回到自己的岗位上，然后把冠军拿回来！
QuestLoc_SpelunKingTrainingC_Conversation_1_Team_1,不错的努力，但是监督者早就操控了我们的每一步举动。
QuestLoc_SpelunKingTrainingC_Conversation_1_Team_2,我们监督者派我们来杀你。
QuestLoc_SpelunKingTrainingC_Conversation_2_NPCStart_1,洞穴探险简直小菜一碟！
QuestLoc_SpelunKingTrainingC_Conversation_2_NPCStart_2,监督者肯定要派我们去参加探险大王的比赛了。
QuestLoc_SpelunKingTrainingC_QuestLongDescription,年度探险大王比赛即将到来了，但是该派哪些居民去呢？我们还是派出最顽强最幸运的居民去吧，看看他们会怎么做！
QuestLoc_SpelunKingTrainingC_QuestShortDescription,顽强且幸运的居民可以吗？
QuestLoc_SpelunKingTrainingD_Conversation_1_NPCEnd_1,你们理应获得胜利，而我们会一直注视着你们的。
QuestLoc_SpelunKingTrainingD_Conversation_1_NPCEnd_2,你确定我们用语言来沟通吗？
QuestLoc_SpelunKingTrainingD_Conversation_1_NPCStart_1,探险比赛里需要的是老练和魅力。
QuestLoc_SpelunKingTrainingD_Conversation_1_NPCStart_2,而你，这两者貌似都具备。
QuestLoc_SpelunKingTrainingD_Conversation_1_NPCStart_3,我们没希望了，你们肯定是下一届探险大王了。
QuestLoc_SpelunKingTrainingD_Conversation_1_Team_1,谢谢！这样的运动精神已经很少见了。
QuestLoc_SpelunKingTrainingD_Conversation_1_Team_2,我看到了你的所作所为，你该闭嘴了。
QuestLoc_SpelunKingTrainingD_Conversation_2_NPCStart_1,那就是冠军要做的！
QuestLoc_SpelunKingTrainingD_Conversation_2_NPCStart_2,监督者肯定要派我们去参加探险大王的比赛了。
QuestLoc_SpelunKingTrainingD_QuestLongDescription,年度探险大王比赛即将到来了，但是该派哪些居民去呢？我们还是派出最顽强最聪明的居民去吧，看看他们会怎么做！
QuestLoc_SpelunKingTrainingD_QuestShortDescription,顽强且聪明的居民可以吗？
QuestLoc_SpelunKingTrainingE_Conversation_1_NPCEnd_1,哈！我觉得你应该再看看我们那强健的肌肉。
QuestLoc_SpelunKingTrainingE_Conversation_1_NPCEnd_2,哈！你看过我们的剑吗？
QuestLoc_SpelunKingTrainingE_Conversation_1_NPCStart_1,弱鸡！你有看过我们的肌肉吗？
QuestLoc_SpelunKingTrainingE_Conversation_1_NPCStart_2,瞧瞧这些胸肌、三角肌还有臀大肌！羡慕吗？你是赢不过的。
QuestLoc_SpelunKingTrainingE_Conversation_1_NPCStart_3,探险大王的优胜肯定是我们的了，因为力量才是一切。
QuestLoc_SpelunKingTrainingE_Conversation_1_Team_1,要赢肯定得花不少力气！
QuestLoc_SpelunKingTrainingE_Conversation_1_Team_2,肌肉可不是赢得比赛的关键。
QuestLoc_SpelunKingTrainingE_Conversation_2_NPCStart_1,我们来了，我们也见到了，同样，也探索了。
QuestLoc_SpelunKingTrainingE_Conversation_2_NPCStart_2,监督者肯定要派我们去比赛了！
QuestLoc_SpelunKingTrainingE_QuestLongDescription,年度探险大王比赛即将到来了，但是该派哪些居民去呢？我们还是派出最迷人最灵活的居民去吧，看看他们会怎么做！
QuestLoc_SpelunKingTrainingE_QuestShortDescription,迷人且灵活的居民可以吗？
QuestLoc_SpelunKingTrainingF_Conversation_1_NPCEnd_1,然后就顺其自然吧！
QuestLoc_SpelunKingTrainingF_Conversation_1_NPCEnd_2,世事难料！人定胜天！
QuestLoc_SpelunKingTrainingF_Conversation_1_NPCStart_1,有我们参赛的话，一切不利因素就都在你那边了！
QuestLoc_SpelunKingTrainingF_Conversation_1_NPCStart_2,你们在刚出发的时候就处于不利境地了。
QuestLoc_SpelunKingTrainingF_Conversation_1_NPCStart_3,我们会成为探险大王的，咱们可以打赌。
QuestLoc_SpelunKingTrainingF_Conversation_1_Team_1,不需要骰子！避难所只会赢不会输。
QuestLoc_SpelunKingTrainingF_Conversation_1_Team_2,除非我们阻止了你，还有你那种扯淡的比喻。
QuestLoc_SpelunKingTrainingF_Conversation_2_NPCStart_1,我们不可能会被阻挠，我们所向无敌！
QuestLoc_SpelunKingTrainingF_Conversation_2_NPCStart_2,监督者肯定要派我们去比赛了！
QuestLoc_SpelunKingTrainingF_QuestLongDescription,年度探险大王比赛即将到来了，但是该派哪些居民去呢？我们还是派出最强壮最聪明的居民去吧，看看他们会怎么做！
QuestLoc_SpelunKingTrainingF_QuestShortDescription,强壮且聪明的居民可以吗？
QuestLoc_SpelunKingTrainingG_Conversation_1_NPCEnd_1,（听上去很满意。）
QuestLoc_SpelunKingTrainingG_Conversation_1_NPCEnd_2,（听上去很困惑。）
QuestLoc_SpelunKingTrainingG_Conversation_1_NPCStart_1,（含含糊糊的语气。）
QuestLoc_SpelunKingTrainingG_Conversation_1_NPCStart_2,（一直叨叨个不停，听上去很傲慢。）
QuestLoc_SpelunKingTrainingG_Conversation_1_NPCStart_3,(似乎没有注意到，隔着面具根本没办法理解他的话)
QuestLoc_SpelunKingTrainingG_Conversation_1_Team_1,呃……好吧，随你的便。
QuestLoc_SpelunKingTrainingG_Conversation_1_Team_2,没有人可以在侮辱我们之后还能活着！
QuestLoc_SpelunKingTrainingG_Conversation_2_NPCStart_1,没有人可以阻挡我们！
QuestLoc_SpelunKingTrainingG_Conversation_2_NPCStart_2,监督者肯定要派我们去参加探险大王的比赛了。
QuestLoc_SpelunKingTrainingG_QuestLongDescription,年度探险大王比赛即将到来了，但是该派哪些居民去呢？我们还是派出最幸运最机敏的居民去吧，看看他们会怎么做！
QuestLoc_SpelunKingTrainingG_QuestShortDescription,幸运且机敏的居民可以吗？
QuestLoc_SpringForwardFallBack_Conversation_1_NPCEnd_1,啊！无信者！我们有个更快的办法让你们去见原子！
QuestLoc_SpringForwardFallBack_Conversation_1_NPCEnd_2,你们阻止不了我们，我们是奉原子之命而来！
QuestLoc_SpringForwardFallBack_Conversation_1_NPCStart_1,欢迎，疲惫的旅人。
QuestLoc_SpringForwardFallBack_Conversation_1_NPCStart_2,你们是来沐浴原子之光的吗？
QuestLoc_SpringForwardFallBack_Conversation_1_NPCStart_3,再靠近一点……
QuestLoc_SpringForwardFallBack_Conversation_1_Team_1,离远点，你这怪胎！
QuestLoc_SpringForwardFallBack_Conversation_1_Team_2,不了谢谢，我们是来礼貌地请你们别再喷人的。
QuestLoc_SpringForwardFallBack_Conversation_2_NPCEnd_1,好吧。我们这么做只是为了拯救白天，但我们会找其他不那么扰民的办法。
QuestLoc_SpringForwardFallBack_Conversation_2_NPCEnd_2,那么，如果不是我们，谁还能守护日光呢？不过我想我们不需要牵扯定居者也能做到……
QuestLoc_SpringForwardFallBack_Conversation_2_NPCStart_1,求求你们，让我们结束这场暴力吧。
QuestLoc_SpringForwardFallBack_Conversation_2_NPCStart_2,原子似乎对你露出了微笑，我们必须承认这一点。
QuestLoc_SpringForwardFallBack_Conversation_2_NPCStart_3,而且，你们的火力比我们强。
QuestLoc_SpringForwardFallBack_Conversation_2_NPCStart_4,我是忏悔者阿尔瓦拉多。你想从我们这里得到什么？
QuestLoc_SpringForwardFallBack_Conversation_2_Team_1,我们的监督者要你停止随机喷洒毒物。
QuestLoc_SpringForwardFallBack_Conversation_2_Team_2,给我一个不枪毙你的好理由……
QuestLoc_SpringForwardFallBack_QuestLongDescription,调查表明，近期喷洒毒物的袭击是原子教的一个地方分会所为。我们必须直面其领袖忏悔者阿尔瓦拉多，让他停止这些袭击，否则后果自负。
QuestLoc_SpringForwardFallBack_QuestName,夏令时，退后
QuestLoc_SpringForwardFallBack_QuestObjective_1,与忏悔者阿尔瓦拉多交谈。
QuestLoc_SpringForwardFallBack_QuestShortDescription,与当地的原子教领袖对峙。
QuestLoc_SpringForwardFallBack_RaiderLine_1,欢呼吧，E-Ster 就要来了！
QuestLoc_SpringForwardFallBack_RaiderLine_2,“所有眼睛都将被他的荣光致盲！”
QuestLoc_SpringForwardFallBack_RaiderLine_3,向原子投降吧！
QuestLoc_SpringingtheTrap_Conversation_1_NPCEnd_1,很不幸，他们正在废土上游荡。眼下，你可以帮我们在这里找到动力装甲。
QuestLoc_SpringingtheTrap_Conversation_1_NPCEnd_2,真正的信徒早就知道了，异教徒！
QuestLoc_SpringingtheTrap_Conversation_1_NPCEnd_3,伤害？！你竟敢侮辱灾疫，你这异端！
QuestLoc_SpringingtheTrap_Conversation_1_NPCEnd_4,这说得通！而且这还是真的。他身上总是沾着泥土。谢谢你！
QuestLoc_SpringingtheTrap_Conversation_1_NPCStart_1,欢迎！你是来接受灾疫的祝福，还是加入害虫团？
QuestLoc_SpringingtheTrap_Conversation_1_NPCStart_2,当一名害虫意味着不配承受他的辐射，所以我们以其他方式侍奉。
QuestLoc_SpringingtheTrap_Conversation_1_NPCStart_3,“呜呼哀哉，呜呼哀哉，我实不配。但‘瘟疫’伟大，浑身发光并……”
QuestLoc_SpringingtheTrap_Conversation_1_NPCStart_4,目前我就说这些。那么，我们能帮你什么？
QuestLoc_SpringingtheTrap_Conversation_1_Team_1,祝福不错。‘瘟疫’在哪里？
QuestLoc_SpringingtheTrap_Conversation_1_Team_2,“发光”？‘瘟疫’到底是什么？
QuestLoc_SpringingtheTrap_Conversation_1_Team_3,‘瘟疫’的祝福是辐射？那不会伤害他的追随者吗？
QuestLoc_SpringingtheTrap_Conversation_1_Team_4,那“浑身发光且土里土气”呢？
QuestLoc_SpringingtheTrap_Conversation_2_NPCEnd_1,所以没有人能避开‘瘟疫’的祝福，当然！但真正的追随者会知道……
QuestLoc_SpringingtheTrap_Conversation_2_NPCStart_1,你！是新来的皈依者吗？
QuestLoc_SpringingtheTrap_Conversation_2_NPCStart_2,希望下面的‘害虫’没给你太多麻烦。
QuestLoc_SpringingtheTrap_Conversation_2_NPCStart_3,他们都是前掠夺者，所以遇到新人的时候可能过于热情。
QuestLoc_SpringingtheTrap_Conversation_2_NPCStart_4,可惜，我们还没有找到任何动力装甲的踪迹。你呢？
QuestLoc_SpringingtheTrap_Conversation_2_Team_1,也没有运气。提醒我一下，我们为什么要找这些装甲？
QuestLoc_SpringingtheTrap_Conversation_3_NPCEnd_1,邪教逻辑吧。不过别去跟他们说瘟疫的“祝福”会杀了他们。
QuestLoc_SpringingtheTrap_Conversation_3_NPCEnd_2,不，我不知道为什么，但那些害虫教徒穿着全封闭服装时，它就不会攻击他们。
QuestLoc_SpringingtheTrap_Conversation_3_NPCEnd_3,没什么。据我所知，它只是一只普通的野兽。真搞不懂他们为什么崇拜它。
QuestLoc_SpringingtheTrap_Conversation_3_NPCEnd_4,你说得对，但他们确实不太聪明。
QuestLoc_SpringingtheTrap_Conversation_3_NPCStart_1,哦，太好了，你们不是害虫教徒！我是《每周博览》的卧底记者。
QuestLoc_SpringingtheTrap_Conversation_3_NPCStart_2,我们在三个活跃的天启骑士中都有卧底。至于死亡骑士——如果存在的话——还没有消息。
QuestLoc_SpringingtheTrap_Conversation_3_NPCStart_3,你必须把我的发现告诉我的编辑。瘟疫骑士不像战争骑士那样是人！
QuestLoc_SpringingtheTrap_Conversation_3_NPCStart_4,是一只发光辐射蝎！所有害虫教徒穿的服装都能保护他们免受它的辐射。
QuestLoc_SpringingtheTrap_Conversation_3_Team_1,那这些关于不配的传闻是怎么回事？
QuestLoc_SpringingtheTrap_Conversation_3_Team_2,但瘟神不会攻击他们吗？
QuestLoc_SpringingtheTrap_Conversation_3_Team_3,这只发光辐射蝎有什么特别的？
QuestLoc_SpringingtheTrap_Conversation_3_Team_4,为什么叫自己害虫？“不配者”要好得多。
QuestLoc_SpringingtheTrap_QuestLongDescription,在三狗的建议下，我们散布消息，说某个洞穴里藏了一打动力装甲。害虫们上钩了，目前正在里面寻找那些装甲。是时候进去，看看我们能从瘟神和害虫那里发现什么了！
QuestLoc_SpringingtheTrap_QuestName,设陷阱
QuestLoc_SpringingtheTrap_QuestObjective_1,发现瘟神的身份。
QuestLoc_SpringingtheTrap_QuestObjective_2,与第一群害虫交谈。
QuestLoc_SpringingtheTrap_QuestObjective_3,与第二群害虫交谈。
QuestLoc_SpringingtheTrap_QuestShortDescription,从被你诱入陷阱的害虫那里获取答案。
QuestLoc_SpringingtheTrap_RaiderLine_1,辐射者蒙福！
QuestLoc_SpringingtheTrap_RaiderLine_2,我们不配！
QuestLoc_SpringingtheTrap_RaiderLine_3,把瘟疫的辐射迎入你们心中！
QuestLoc_SpringtimeforAtom_QuestlineName,原子之春
QuestLoc_SpyonRaiders_Conversation_1A_NPCEnd_1,你猜的？到底是什么样的掠夺者才会像那种样子？抓住他们！
QuestLoc_SpyonRaiders_Conversation_1A_NPCEnd_2,哇，我感觉到了他们的愤怒，好吧，准备好！
QuestLoc_SpyonRaiders_Conversation_1A_NPCEnd_3,哦，等等，你是认真的吗？你死定了！
QuestLoc_SpyonRaiders_Conversation_1A_NPCStart_1,我们这里有什么吗？竟然想着加入碎骨者？
QuestLoc_SpyonRaiders_Conversation_1A_NPCStart_2,你究竟凭什么认为你自己很强？
QuestLoc_SpyonRaiders_Conversation_1A_Team_1,我们真的很喜欢骨头，呃，我是说，把骨头敲碎……
QuestLoc_SpyonRaiders_Conversation_1A_Team_2,我们是废土里最坏的掠夺者集团！别挡道！
QuestLoc_SpyonRaiders_Conversation_1A_Team_3,其实我们是乔装打扮的避难所居民，来这里是为了暗中监视你！
QuestLoc_SpyonRaiders_Conversation_1B_NPCEnd_1,你说我蠢？你死定了！
QuestLoc_SpyonRaiders_Conversation_1B_NPCEnd_2,就是那样！继续。
QuestLoc_SpyonRaiders_Conversation_1B_NPCEnd_3,哦，等等，你是认真的吗？你死定了！
QuestLoc_SpyonRaiders_Conversation_1B_NPCStart_1,我们这里有什么吗？竟然想着加入我们的组织？
QuestLoc_SpyonRaiders_Conversation_1B_NPCStart_2,我们被称作是尖啸猎鹰，那种又大又可怕的鸟，你明白吗？
QuestLoc_SpyonRaiders_Conversation_1B_NPCStart_3,所以你在战斗的时候必须噶-噶的叫，明白了吗？
QuestLoc_SpyonRaiders_Conversation_1B_Team_1,这是我听过最蠢的事情了。
QuestLoc_SpyonRaiders_Conversation_1B_Team_2,噶！
QuestLoc_SpyonRaiders_Conversation_1B_Team_3,其实我们是乔装打扮的避难所居民，来这里是为了暗中监视你！
QuestLoc_SpyonRaiders_Conversation_1C_NPCEnd_1,你说什么？杀了他们！
QuestLoc_SpyonRaiders_Conversation_1C_NPCEnd_2,哈哈，那就对了！你们几个继续。
QuestLoc_SpyonRaiders_Conversation_1C_NPCEnd_3,哦，等等，你是认真的吗？你死定了！
QuestLoc_SpyonRaiders_Conversation_1C_NPCStart_1,我们这里有什么吗？竟然想着加入我们的组织？
QuestLoc_SpyonRaiders_Conversation_1C_NPCStart_2,我们是尖刺钉鞋，因为我们的鞋子上都有尖刺。
QuestLoc_SpyonRaiders_Conversation_1C_NPCStart_3,你觉得怎么样，嗯？
QuestLoc_SpyonRaiders_Conversation_1C_Team_1,这真是我所听过的最愚蠢的事情了。
QuestLoc_SpyonRaiders_Conversation_1C_Team_2,只有最强大的掠夺者才配拥有最多的尖刺！
QuestLoc_SpyonRaiders_Conversation_1C_Team_3,其实我们是乔装打扮的避难所居民，来这里是为了暗中监视你！
QuestLoc_SpyonRaiders_Conversation_1D_NPCEnd_1,你在撒谎，你死定了！
QuestLoc_SpyonRaiders_Conversation_1D_NPCEnd_2,我们就爱听这个，继续继续。
QuestLoc_SpyonRaiders_Conversation_1D_NPCEnd_3,哦，等等，你是认真的吗？你死定了！
QuestLoc_SpyonRaiders_Conversation_1D_NPCStart_1,我们这里有什么吗？竟然想着加入我们的组织？
QuestLoc_SpyonRaiders_Conversation_1D_NPCStart_2,我们是燃烧子弹团，经常向人开枪，然后把他们点燃。
QuestLoc_SpyonRaiders_Conversation_1D_NPCStart_3,你能做到吗？
QuestLoc_SpyonRaiders_Conversation_1D_Team_1,说真的，我们都很喜欢这种事情。
QuestLoc_SpyonRaiders_Conversation_1D_Team_2,子弹和火？算我一个！
QuestLoc_SpyonRaiders_Conversation_1D_Team_3,其实我们是乔装打扮的避难所居民，来这里是为了暗中监视你！
QuestLoc_SpyonRaiders_Conversation_1E_NPCEnd_1,就是那样，你死定了！
QuestLoc_SpyonRaiders_Conversation_1E_NPCEnd_2,我们就爱听这个，继续继续。
QuestLoc_SpyonRaiders_Conversation_1E_NPCEnd_3,哦，等等，你是认真的吗？你死定了！
QuestLoc_SpyonRaiders_Conversation_1E_NPCStart_1,我们这里有什么吗？竟然想着加入我们的组织？
QuestLoc_SpyonRaiders_Conversation_1E_NPCStart_2,我们是铅笔团，喜欢用铅笔刺进人的身体里。
QuestLoc_SpyonRaiders_Conversation_1E_NPCStart_3,你觉得自己够实力加入我们吗？
QuestLoc_SpyonRaiders_Conversation_1E_Team_1,说真的，我们更加喜欢用钢笔。
QuestLoc_SpyonRaiders_Conversation_1E_Team_2,终于有人能理解这种死亡的艺术了！
QuestLoc_SpyonRaiders_Conversation_1E_Team_3,其实我们是乔装打扮的避难所居民，来这里是为了暗中监视你！
QuestLoc_SpyonRaiders_Conversation_2A_NPCEnd_1,你知道吗，我就是为了等现在，这是我第一次找到了机会。
QuestLoc_SpyonRaiders_Conversation_2A_NPCEnd_2,你说谁是弱鸟？！我分分钟打碎骨头给你看！
QuestLoc_SpyonRaiders_Conversation_2A_NPCEnd_3,等等，什么？你是来监视的？抓住他们！
QuestLoc_SpyonRaiders_Conversation_2A_NPCEnd_4,什么？叛徒！杀了他们！
QuestLoc_SpyonRaiders_Conversation_2A_NPCStart_1,新同事，我要告诉你一个秘密。你应该找机会逃出去。
QuestLoc_SpyonRaiders_Conversation_2A_NPCStart_2,敲碎骨头是我们一开始取乐的方式，不过很快，你就会患上精神病。
QuestLoc_SpyonRaiders_Conversation_2A_Team_1,听上去你想要摆脱这种掠夺的生活。
QuestLoc_SpyonRaiders_Conversation_2A_Team_2,你太弱了！我们要一直这么干下去！
QuestLoc_SpyonRaiders_Conversation_2A_Team_3,你能再说一遍吗？我们得把这些记下来，因为我们正在监视你。
QuestLoc_SpyonRaiders_Conversation_2A_Team_4,你知道吗？我们刚刚差点就要动手杀你了。
QuestLoc_SpyonRaiders_Conversation_2B_NPCEnd_1,嘿，你是对的！轮到我活下来了！
QuestLoc_SpyonRaiders_Conversation_2B_NPCEnd_2,噢耶，你怎么还不行动起来？
QuestLoc_SpyonRaiders_Conversation_2B_NPCEnd_3,等等，什么？你是来监视的？抓住他们！
QuestLoc_SpyonRaiders_Conversation_2B_NPCEnd_4,什么？叛徒！杀了他们！
QuestLoc_SpyonRaiders_Conversation_2B_NPCStart_1,噶！欢迎加入尖啸猎鹰，新人！
QuestLoc_SpyonRaiders_Conversation_2B_NPCStart_2,你看上去是一个好人，我希望你不会像我一样别这种掠夺者的生活所折磨。
QuestLoc_SpyonRaiders_Conversation_2B_NPCStart_3,我失去了许多朋友。
QuestLoc_SpyonRaiders_Conversation_2B_Team_1,苦海无涯，回头永远不会太迟。
QuestLoc_SpyonRaiders_Conversation_2B_Team_2,噶！
QuestLoc_SpyonRaiders_Conversation_2B_Team_3,你能再说一遍吗？我们得把这些记下来，因为我们正在监视你。
QuestLoc_SpyonRaiders_Conversation_2B_Team_4,你知道吗？我们刚刚差点就要动手杀你了。
QuestLoc_SpyonRaiders_Conversation_2C_NPCEnd_1,嘿，你是对的！轮到我活下来了！
QuestLoc_SpyonRaiders_Conversation_2C_NPCEnd_2,哦，好吧，你想怎么做都随便你了。
QuestLoc_SpyonRaiders_Conversation_2C_NPCEnd_3,等等，什么？你是来监视的？抓住他们！
QuestLoc_SpyonRaiders_Conversation_2C_NPCEnd_4,什么？叛徒！杀了他们！
QuestLoc_SpyonRaiders_Conversation_2C_NPCStart_1,刚进尖刺钉鞋的？是谁想的名字？
QuestLoc_SpyonRaiders_Conversation_2C_NPCStart_2,我做掠夺者已经很长时间了，而这个团伙是我见过最蠢的。
QuestLoc_SpyonRaiders_Conversation_2C_NPCStart_3,有种让我想撒手不干的想法。
QuestLoc_SpyonRaiders_Conversation_2C_Team_1,你应该离开，你本该有更好的生活。
QuestLoc_SpyonRaiders_Conversation_2C_Team_2,尖刺最棒了！我们应该换个名字叫尖尖碰碰拳！
QuestLoc_SpyonRaiders_Conversation_2C_Team_3,你能再说一遍吗？我们得把这些记下来，因为我们正在监视你。
QuestLoc_SpyonRaiders_Conversation_2C_Team_4,你知道吗？我们刚刚差点就要动手杀你了。
QuestLoc_SpyonRaiders_Conversation_2D_NPCEnd_1,没错，我已经想好了，是时候脱离这些蠢蛋了。
QuestLoc_SpyonRaiders_Conversation_2D_NPCEnd_2,别想了，赶紧给我滚。
QuestLoc_SpyonRaiders_Conversation_2D_NPCEnd_3,等等，什么？你是来监视的？抓住他们！
QuestLoc_SpyonRaiders_Conversation_2D_NPCEnd_4,什么？叛徒！杀了他们！
QuestLoc_SpyonRaiders_Conversation_2D_NPCStart_1,嘿，我没听说燃烧子弹团有什么新成员加入。
QuestLoc_SpyonRaiders_Conversation_2D_NPCStart_2,说真的，我对火药的味道有点犯恶心了。
QuestLoc_SpyonRaiders_Conversation_2D_NPCStart_3,也许我应该退休了，办个农场，种点花什么的也不错。
QuestLoc_SpyonRaiders_Conversation_2D_Team_1,你应该做些正确的事情。
QuestLoc_SpyonRaiders_Conversation_2D_Team_2,你是打算烧花了吗？
QuestLoc_SpyonRaiders_Conversation_2D_Team_3,你能再说一遍吗？我们得把这些记下来，因为我们正在监视你。
QuestLoc_SpyonRaiders_Conversation_2D_Team_4,你知道吗？我们刚刚差点就要动手杀你了。
QuestLoc_SpyonRaiders_Conversation_2E_NPCEnd_1,你知道吗，其实你的是对的！是时候开始新生活了！
QuestLoc_SpyonRaiders_Conversation_2E_NPCEnd_2,我想是的，我得开始动手了。
QuestLoc_SpyonRaiders_Conversation_2E_NPCEnd_3,等等，什么？你是来监视的？抓住他们！
QuestLoc_SpyonRaiders_Conversation_2E_NPCEnd_4,什么？叛徒！杀了他们！
QuestLoc_SpyonRaiders_Conversation_2E_NPCStart_1,你是谁？新来的？
QuestLoc_SpyonRaiders_Conversation_2E_NPCStart_2,我可是这个团伙的元老，可是我真想换个名字。
QuestLoc_SpyonRaiders_Conversation_2E_NPCStart_3,我还是觉得其他的名字更适合我们团伙。
QuestLoc_SpyonRaiders_Conversation_2E_Team_1,你应该去开始自己信的人生，离开这个地方吧。
QuestLoc_SpyonRaiders_Conversation_2E_Team_2,你永远不可能做老大的，铅笔团的名字最棒了！
QuestLoc_SpyonRaiders_Conversation_2E_Team_3,你能再说一遍吗？我们得把这些记下来，因为我们正在监视你。
QuestLoc_SpyonRaiders_Conversation_2E_Team_4,你知道吗？我们刚刚差点就要动手杀你了。
QuestLoc_SpyonRaiders_Conversation_3A_NPCEnd_1,很好，我该走了，顺便告发这个团伙的罪行。
QuestLoc_SpyonRaiders_Conversation_3A_NPCEnd_2,很好，拿上这个然后离开！
QuestLoc_SpyonRaiders_Conversation_3A_NPCEnd_3,我觉得碎骨者应该可以分出来一些东西，赶紧离开！
QuestLoc_SpyonRaiders_Conversation_3A_NPCEnd_4,这真是天大的背叛！
QuestLoc_SpyonRaiders_Conversation_3A_NPCStart_1,我是爆裂的纳克尔兹，碎骨者的头领！
QuestLoc_SpyonRaiders_Conversation_3A_NPCStart_2,你是来这里分一杯羹的吗？
QuestLoc_SpyonRaiders_Conversation_3A_Team_1,没错，我们想要一些新武器！
QuestLoc_SpyonRaiders_Conversation_3A_Team_2,我们需要医疗物资，老大！
QuestLoc_SpyonRaiders_Conversation_3A_Team_3,来点垃圾怎么样？我们想要做点东西。
QuestLoc_SpyonRaiders_Conversation_3A_Team_4,去死吧，该死的掠夺者！
QuestLoc_SpyonRaiders_Conversation_3B_NPCEnd_1,很好，我该走了，顺便告发这个团伙的罪行。
QuestLoc_SpyonRaiders_Conversation_3B_NPCEnd_2,很好，拿上这个然后离开！
QuestLoc_SpyonRaiders_Conversation_3B_NPCEnd_3,我想我们应该能分出来一些东西，现在赶紧给我离开！
QuestLoc_SpyonRaiders_Conversation_3B_NPCEnd_4,这真是天大的背叛！
QuestLoc_SpyonRaiders_Conversation_3B_NPCStart_1,我是鸟嘴，尖啸猎鹰的头领！
QuestLoc_SpyonRaiders_Conversation_3B_NPCStart_2,你是来这里分一杯羹的吗？
QuestLoc_SpyonRaiders_Conversation_3B_Team_1,没错，我们想要一些新武器！
QuestLoc_SpyonRaiders_Conversation_3B_Team_2,我们需要医疗物资，老大！
QuestLoc_SpyonRaiders_Conversation_3B_Team_3,来点垃圾怎么样？我们想要做点东西。
QuestLoc_SpyonRaiders_Conversation_3B_Team_4,去死吧，该死的掠夺者！
QuestLoc_SpyonRaiders_Conversation_3C_NPCEnd_1,很好，我该走了，顺便告发这个团伙的罪行。
QuestLoc_SpyonRaiders_Conversation_3C_NPCEnd_2,很好，拿上这个然后离开！
QuestLoc_SpyonRaiders_Conversation_3C_NPCEnd_3,我想我们应该能分出来一些东西，现在赶紧给我离开！
QuestLoc_SpyonRaiders_Conversation_3C_NPCEnd_4,这真是天大的背叛！
QuestLoc_SpyonRaiders_Conversation_3C_NPCStart_1,我是斯派克，尖刺钉鞋的老大！
QuestLoc_SpyonRaiders_Conversation_3C_NPCStart_2,你是来这里分一杯羹的吗？
QuestLoc_SpyonRaiders_Conversation_3C_Team_1,没错，我们想要一些新武器！
QuestLoc_SpyonRaiders_Conversation_3C_Team_2,我们需要医疗物资，老大！
QuestLoc_SpyonRaiders_Conversation_3C_Team_3,来点垃圾怎么样？我们想要做点东西。
QuestLoc_SpyonRaiders_Conversation_3C_Team_4,去死吧，该死的掠夺者！
QuestLoc_SpyonRaiders_Conversation_3D_NPCEnd_1,很好，我该走了，顺便告发这个团伙的罪行。
QuestLoc_SpyonRaiders_Conversation_3D_NPCEnd_2,很好，拿上这个然后离开！
QuestLoc_SpyonRaiders_Conversation_3D_NPCEnd_3,我想我们应该能分出来一些东西，现在赶紧给我离开！
QuestLoc_SpyonRaiders_Conversation_3D_NPCEnd_4,这真是天大的背叛！
QuestLoc_SpyonRaiders_Conversation_3D_NPCStart_1,我是英孚尔诺，燃烧子弹团的老大。
QuestLoc_SpyonRaiders_Conversation_3D_NPCStart_2,你是来这里分一杯羹的吗？
QuestLoc_SpyonRaiders_Conversation_3D_Team_1,没错，我们想要一些新武器！
QuestLoc_SpyonRaiders_Conversation_3D_Team_2,我们需要医疗物资，老大！
QuestLoc_SpyonRaiders_Conversation_3D_Team_3,来点垃圾怎么样？我们想要做点东西。
QuestLoc_SpyonRaiders_Conversation_3D_Team_4,去死吧，该死的掠夺者！
QuestLoc_SpyonRaiders_Conversation_3E_NPCEnd_1,很好，我该走了，顺便告发这个团伙的罪行。
QuestLoc_SpyonRaiders_Conversation_3E_NPCEnd_2,很好，拿上这个然后离开！
QuestLoc_SpyonRaiders_Conversation_3E_NPCEnd_3,我想我们应该能分出来一些东西，现在赶紧给我离开！
QuestLoc_SpyonRaiders_Conversation_3E_NPCEnd_4,这真是天大的背叛！
QuestLoc_SpyonRaiders_Conversation_3E_NPCStart_1,我是夏普·波英特，铅笔团的老大！
QuestLoc_SpyonRaiders_Conversation_3E_NPCStart_2,你是来这里分一杯羹的吗？
QuestLoc_SpyonRaiders_Conversation_3E_Team_1,没错，我们想要一些新武器！
QuestLoc_SpyonRaiders_Conversation_3E_Team_2,我们需要医疗物资，老大！
QuestLoc_SpyonRaiders_Conversation_3E_Team_3,来点垃圾怎么样？我们想要做点东西。
QuestLoc_SpyonRaiders_Conversation_3E_Team_4,去死吧，该死的掠夺者！
QuestLoc_SpyonRaiders_QuestLongDescription,让我们把这些掠夺者的装备用在正途上吧！派一些居民去掠夺者营地监视他们。
QuestLoc_SpyonRaiders_QuestName,监视掠夺者！
QuestLoc_SpyonRaiders_QuestObjective_1,与掠夺者头目交谈。
QuestLoc_SpyonRaiders_QuestObjective_2,与掠夺者交谈。
QuestLoc_SpyonRaiders_QuestObjective_3,与掠夺者交谈。
QuestLoc_SpyonRaiders_QuestShortDescription,派居民乔装打扮混入掠夺者营地！
QuestLoc_SpyonRaiders_RaiderLine_1A,我们叫碎骨者是有理由的！
QuestLoc_SpyonRaiders_RaiderLine_1B,噶！
QuestLoc_SpyonRaiders_RaiderLine_1C,戳死他们！
QuestLoc_SpyonRaiders_RaiderLine_1D,射击和燃烧！
QuestLoc_SpyonRaiders_RaiderLine_2A,烧光杀光抢光！
QuestLoc_SpyonRaiders_RaiderLine_2B,噶-噶！
QuestLoc_SpyonRaiders_RaiderLine_2C,我们要戳死你！
QuestLoc_SpyonRaiders_RaiderLine_2D,射死他们！烧死他们！
QuestLoc_SpyonRaiders_RaiderLine_3A,我们要把你打成碎片！
QuestLoc_SpyonRaiders_RaiderLine_3B,噶噶噶！
QuestLoc_SpyonRaiders_RaiderLine_3C,是时候戳死他们了！
QuestLoc_SpyonRaiders_RaiderLine_3D,炸死他们！烧死他们！
QuestLoc_StopthePresses_Conversation_1_NPCEnd_1,聪明的举动！我们本来应该可以打败你的，这是你的战利品。
QuestLoc_StopthePresses_Conversation_1_NPCEnd_2,很好，那么，有你的！
QuestLoc_StopthePresses_Conversation_1_NPCStart_1,你觉得光凭武力就可以让我的纸消失么？准备好接受社会的制裁吧！
QuestLoc_StopthePresses_Conversation_1_NPCStart_2,并不仅仅是那样，我会把你的名字公布到你所在的避难所 - 我的掠夺者朋友们会把你们的东西扫荡个精光！
QuestLoc_StopthePresses_Conversation_1_NPCStart_3,但是……我从掠夺者那里拿到了一半的东西，事实上，如果你只是这么走了的话，我会阻止你的。
QuestLoc_StopthePresses_Conversation_1_Team_1,我们会带上瓶盖，记住把掠夺者关在我们避难所的外边！
QuestLoc_StopthePresses_Conversation_1_Team_2,说谎话的下场就是死！我们是来这里阻止你的！
QuestLoc_StopthePresses_QuestLongDescription,我们发现“新波士顿号角报”完完全全就是一个骗局，我们要逮住编辑，然后让他彻彻底底破产。
QuestLoc_StopthePresses_QuestName,让媒体闭嘴！
QuestLoc_StopthePresses_QuestObjective_1,遭遇编辑。
QuestLoc_StopthePresses_QuestShortDescription,遭遇编辑。
QuestLoc_SuperDuperTrooper_Conversation_1_NPCEnd_1,哦是吗？我看你该清醒清醒了...
QuestLoc_SuperDuperTrooper_Conversation_1_NPCEnd_2,好吧。我们正试着把藏在地下室里的危险分子熏出来。
QuestLoc_SuperDuperTrooper_Conversation_1_NPCEnd_3,非常感谢，多谢！
QuestLoc_SuperDuperTrooper_Conversation_1_NPCStart_1,你！不许动！
QuestLoc_SuperDuperTrooper_Conversation_1_NPCStart_2,这是钢铁兄弟会的战术行动。
QuestLoc_SuperDuperTrooper_Conversation_1_NPCStart_3,请告知你的身份。
QuestLoc_SuperDuperTrooper_Conversation_1_Team_1,噩梦，你最大的噩梦。
QuestLoc_SuperDuperTrooper_Conversation_1_Team_2,我只是一个在废土探索的避难所居民。
QuestLoc_SuperDuperTrooper_Conversation_1_Team_3,嗯，有你们在，我们都觉得更安全了。
QuestLoc_SuperDuperTrooper_Conversation_2_NPCEnd_1,你做到了？我们本来能搞定，不过谢谢！来，拿着这些。
QuestLoc_SuperDuperTrooper_Conversation_2_NPCEnd_2,将武器功率调到最大。
QuestLoc_SuperDuperTrooper_Conversation_2_NPCEnd_3,哼，我们才不在乎你呢，就这样！
QuestLoc_SuperDuperTrooper_Conversation_2_NPCStart_1,别动——我们需要扫描你。
QuestLoc_SuperDuperTrooper_Conversation_2_NPCStart_2,中等辐射，卫生状况尚可，脑部活动低下……
QuestLoc_SuperDuperTrooper_Conversation_2_NPCStart_3,这一定是个避难所居民。
QuestLoc_SuperDuperTrooper_Conversation_2_NPCStart_4,是友是敌？
QuestLoc_SuperDuperTrooper_Conversation_2_Team_1,朋友。我为你干掉了那群兄弟会的蠢货。
QuestLoc_SuperDuperTrooper_Conversation_2_Team_2,敌人，必须的！
QuestLoc_SuperDuperTrooper_Conversation_2_Team_3,你知道吗？我根本不在乎你们的小打小闹。
QuestLoc_SuperDuperTrooper_QuestLongDescription,你的一位居民在探索废土时，听到超级杜珀超市传来枪声！你应该去调查一下。
QuestLoc_SuperDuperTrooper_QuestName,超级杜珀士兵
QuestLoc_SuperDuperTrooper_QuestObjective_1,与对峙双方交谈。
QuestLoc_SuperDuperTrooper_QuestShortDescription,调查超级杜珀超市的一场对峙。
QuestLoc_SynthinaPinch_Conversation_1_NPCStart_1,谢谢你救了我！
QuestLoc_SynthinaPinch_Conversation_1_NPCStart_2,有一部分逃脱了，不过我却没能逃走。
QuestLoc_SynthinaPinch_Conversation_1_NPCStart_3,他们去了一间克莱斯拉大楼，你能保证他们没事吗？
QuestLoc_SynthinaPinch_QuestLongDescription,合成人和他们的铁路特工被掠夺者抓走了，我们得在发生一些可怕的事情之前找到他们！
QuestLoc_SynthinaPinch_QuestName,合成人大危机
QuestLoc_SynthinaPinch_QuestObjective_1,拯救被绑架的合成人。
QuestLoc_SynthinaPinch_QuestShortDescription,拯救被绑架的合成人！
QuestLoc_SynthinaPinch_RaiderLine_1,避难所的居民！？
QuestLoc_SynthinaPinch_RaiderLine_2,哦不，合成人是我的！我会从学院那儿获得一大笔钱的！
QuestLoc_SynthsforSale_Conversation_1_NPCEnd_1,也许不行，但是我们得把握机会！
QuestLoc_SynthsforSale_Conversation_1_NPCEnd_2,哦，上帝啊，你不能问别人是不是机器人！那很没礼貌！
QuestLoc_SynthsforSale_Conversation_1_NPCEnd_3,你也知道，我……呃，我只是不确定！太奇怪了。
QuestLoc_SynthsforSale_Conversation_1_NPCEnd_4,这些连体衣貌似是某种免费的样品，不是吗？谢谢你的建议。
QuestLoc_SynthsforSale_Conversation_1_NPCStart_1,太谢谢了，我们本来都没有任何希望了！
QuestLoc_SynthsforSale_Conversation_1_NPCStart_2,我们得找个地方躲起来，暂时避避风头。
QuestLoc_SynthsforSale_Conversation_1_NPCStart_3,但是最起码我们现在有机会可以享受平凡的日子了。
QuestLoc_SynthsforSale_Conversation_1_Team_1,我恐怕“平凡”的生活现在已经不可能再会有了。
QuestLoc_SynthsforSale_Conversation_1_Team_2,你真的是机器人吗？
QuestLoc_SynthsforSale_Conversation_1_Team_3,学院在哪儿？
QuestLoc_SynthsforSale_Conversation_1_Team_4,你也许会想要找一些不一样的衣服。
QuestLoc_SynthsforSale_QuestLongDescription,掠夺者们想要把合成人卖给学院，是时候插手管管了！
QuestLoc_SynthsforSale_QuestName,合成人出售
QuestLoc_SynthsforSale_QuestObjective_1,拯救合成人！
QuestLoc_SynthsforSale_QuestShortDescription,拯救合成人。
QuestLoc_SynthsforSale_RaiderLine_1,你们不是学院来的，对吗？那么，你们死定了！
QuestLoc_TakeMeOuttotheBallGame_Conversation_1_NPCEnd_1,这是一个提示！好吧，许多提示。
QuestLoc_TakeMeOuttotheBallGame_Conversation_1_NPCEnd_2,四坏球！你得回家了。
QuestLoc_TakeMeOuttotheBallGame_Conversation_1_NPCStart_1,我是斯拉格，这个棒球俱乐部的队长。
QuestLoc_TakeMeOuttotheBallGame_Conversation_1_NPCStart_2,这是第九局的下半局，我方击球。
QuestLoc_TakeMeOuttotheBallGame_Conversation_1_NPCStart_3,你来打这个球吗？
QuestLoc_TakeMeOuttotheBallGame_Conversation_1_Team_1,我会的。
QuestLoc_TakeMeOuttotheBallGame_Conversation_1_Team_2,我还是算了，我想应该是你投球吧。
QuestLoc_TakeMeOuttotheBallGame_QuestLongDescription,掠夺者斯拉格正在参加一场棒球比赛，但是他忘了邀请你，是时候把他从本垒板上丢出去了。
QuestLoc_TakeMeOuttotheBallGame_QuestName,带我离开棒球游戏。
QuestLoc_TakeMeOuttotheBallGame_QuestObjective_1,打败斯拉格。
QuestLoc_TakeMeOuttotheBallGame_QuestShortDescription,在游戏中打败掠夺者斯拉格。
QuestLoc_TakeMeOuttotheBallGame_RaiderLine_1,既然你已经到了第一垒，那么我们会让你在第二垒出局的。
QuestLoc_TakeMeOuttotheBallGame_RaiderLine_2,双内场！我想我们需要一个内场队员了！
QuestLoc_TakeMeOuttotheBallGame_RaiderLine_3,第三垒！我们要让你永远回不了本垒。
QuestLoc_TakeMeOuttotheBallGame_RaiderLine_4,本垒打！是时候让队员跑起来了！
QuestLoc_TakingOuttheTrash_Conversation_1_NPCEnd_1,在罗布科公司办公室有另一个小队长需要你的帮助！
QuestLoc_TakingOuttheTrash_Conversation_1_NPCStart_1,你真的非常擅长做这些。
QuestLoc_TakingOuttheTrash_Conversation_1_NPCStart_2,你在钢铁兄弟会完全可以当上一名光荣的骑士。
QuestLoc_TakingOuttheTrash_Conversation_1_NPCStart_3,欢迎来到我们的团队，士兵！
QuestLoc_TakingOuttheTrash_Conversation_1_Team_1,我很荣幸，有什么命令吗？
QuestLoc_TakingOuttheTrash_QuestLongDescription,为了向钢铁兄弟会证明避难所是建立哨站的绝佳地点，我们得去清理掉840号避难所的尸鬼。
QuestLoc_TakingOuttheTrash_QuestName,清理垃圾
QuestLoc_TakingOuttheTrash_QuestObjective_1,清理840号避难所的尸鬼。
QuestLoc_TakingOuttheTrash_QuestShortDescription,清理掉840号避难所的尸鬼。
QuestLoc_Tankbusting_QuestLongDescription,333号避难所的监督者也许能够帮助我们找到保拉·普朗布金，但是首先我们得杀死坦克弗兰克。
QuestLoc_Tankbusting_QuestName,坦克爆裂
QuestLoc_Tankbusting_QuestObjective_1,杀死坦克弗兰克。
QuestLoc_Tankbusting_QuestShortDescription,找到并且杀死坦克弗兰克。
QuestLoc_Tankbusting_RaiderLine_1,我是坦克弗兰克，我要把你们这些白痴都杀光！
QuestLoc_TargetPractice_QuestLongDescription,你的居民们可以利用机会提升他们的武器技能，虽说并不是射击训练场，但是也比这个差不了多少。
QuestLoc_TargetPractice_QuestName,打靶训练
QuestLoc_TargetPractice_QuestObjective_1,杀死发光的辐射蟑螂。
QuestLoc_TargetPractice_QuestShortDescription,猎杀辐射蟑螂。
QuestLoc_Test_01_QuestName,测试
QuestLoc_Test_QuestLongDescription,这只是一次测试。保持冷静。
QuestLoc_Test_QuestShortDescription,执行测试。
QuestLoc_Test_Conversation01,嘿，我们是新避难所的居民。你们愿意和我们做朋友吗？
QuestLoc_Test_Conversation01_Answer01PC,是的！
QuestLoc_Test_Conversation01_Answer02PC,不。
QuestLoc_Test_Conversation01_Answer01NPC,你已经通过了测试。
QuestLoc_Test_Conversation01_Answer02NPC,你没有通过测试。等你能够通过测试再来吧。
QuestLoc_The20thInning_Conversation_1_NPCStart_1,又是新的一天，又是一间空空的房间。
QuestLoc_The20thInning_QuestLongDescription,教练拉基·乔宾逊的运动衫，他还在那儿吗？他真的有带着运动衫？只有一个办法能够查明！
QuestLoc_The20thInning_QuestName,第20局
QuestLoc_The20thInning_QuestObjective_1,寻找拉基·乔宾逊的棒球运动衫。
QuestLoc_The20thInning_QuestShortDescription,找到拉基·罗宾森的棒球衫。
QuestLoc_TheAbyss_Conversation_1_NPCEnd_1,当然。我想是的。我自己从来没见过，但*一定*有一个，对吧？
QuestLoc_TheAbyss_Conversation_1_NPCEnd_2,你应该问我哥哥，他曾是这个避难所的监督者。
QuestLoc_TheAbyss_Conversation_1_NPCEnd_3,去找那些不敢追你到更深处去的死亡爪。
QuestLoc_TheAbyss_Conversation_1_NPCStart_1,哦，你好，我刚才没看到你。
QuestLoc_TheAbyss_Conversation_1_NPCStart_2,我们这下面没什么访客，到处都是小动物什么的。
QuestLoc_TheAbyss_Conversation_1_NPCStart_3,越往下越糟糕，我兄弟是这么说的。
QuestLoc_TheAbyss_Conversation_1_NPCStart_4,他住在靠近底部的地方，那里凉爽又安静。
QuestLoc_TheAbyss_Conversation_1_Team_1,所以，还真*有*个底部？
QuestLoc_TheAbyss_Conversation_1_Team_2,关于这地方，你知道什么？
QuestLoc_TheAbyss_Conversation_1_Team_3,你兄弟住的地方还要往下多远？
QuestLoc_TheAbyss_Conversation_2_NPCEnd_1,差不多吧。有些机器人继续挖了一点。
QuestLoc_TheAbyss_Conversation_2_NPCEnd_2,我喜欢这儿的宁静。下面很安全，你知道吗？
QuestLoc_TheAbyss_Conversation_2_NPCEnd_3,没错。我们的实验就是让机器人干所有的体力活。
QuestLoc_TheAbyss_Conversation_2_NPCEnd_4,是啊，我有一阵子没见他了。也许春天我会去看看他。
QuestLoc_TheAbyss_Conversation_2_NPCStart_1,我的眼睛一定是看花了……
QuestLoc_TheAbyss_Conversation_2_NPCStart_2,几十年来没人深入过这里……
QuestLoc_TheAbyss_Conversation_2_NPCStart_3,就算有，也屈指可数。这个避难所大部分是机器人建造的。
QuestLoc_TheAbyss_Conversation_2_NPCStart_4,它们出了故障，一直挖到坏掉为止。
QuestLoc_TheAbyss_Conversation_2_Team_1,那么这就是底部了？
QuestLoc_TheAbyss_Conversation_2_Team_2,你为什么待在这儿？
QuestLoc_TheAbyss_Conversation_2_Team_3,所以，这就是机器人出故障的后果？！
QuestLoc_TheAbyss_Conversation_2_Team_4,我觉得你哥哥想你了。
QuestLoc_TheAbyss_QuestLongDescription,我们都听说过一个无底避难所的传言，它比任何已建造的避难所都要深，但现在我们似乎真的找到了它的位置！我们需要派一支侦察队去探索这个避难所，解开它致命的秘密。
QuestLoc_TheAbyss_QuestName,深渊
QuestLoc_TheAbyss_QuestObjective_1,解开避难所的秘密。
QuestLoc_TheAbyss_QuestShortDescription,探索深不见底的避难所。
QuestLoc_TheAbyss_RaiderLine_1,进入此门者，请放弃一切希望……
QuestLoc_TheAbyss_RaiderLine_2,这到底有多深啊？
QuestLoc_TheAbyss_RaiderLine_3,我凝视深渊，但深渊并没有凝视我。
QuestLoc_TheAbyss_RaiderLine_4,为什么要建造这种地方？简直莫名其妙。
QuestLoc_TheBansheesKeen_Conversation_1_NPCEnd_1,什么，你们听不到吗？但它那么*响*！
QuestLoc_TheBansheesKeen_Conversation_1_NPCEnd_2,太感谢你们了！拿着，这个或许有用。
QuestLoc_TheBansheesKeen_Conversation_1_NPCEnd_3,真的吗？它那么响，我几乎听不清你在说什么！
QuestLoc_TheBansheesKeen_Conversation_1_NPCStart_1,欢迎居民们！天啊，我们见到你们太高兴了。
QuestLoc_TheBansheesKeen_Conversation_1_NPCStart_2,那没完没了的哀嚎把这里的人都逼疯了。
QuestLoc_TheBansheesKeen_Conversation_1_NPCStart_3,有人说那是死亡的预兆，他们也许没说错……
QuestLoc_TheBansheesKeen_Conversation_1_NPCStart_4,人们开始互相攻击了！
QuestLoc_TheBansheesKeen_Conversation_1_Team_1,那哀嚎听起来像什么？
QuestLoc_TheBansheesKeen_Conversation_1_Team_2,别担心，我们会处理的。
QuestLoc_TheBansheesKeen_Conversation_1_Team_3,我们什么也没听到……
QuestLoc_TheBansheesKeen_Conversation_2_NPCEnd_1,那你就是他们一伙的，必须死！
QuestLoc_TheBansheesKeen_Conversation_2_NPCEnd_2,最好如此，不然连你们一起杀！
QuestLoc_TheBansheesKeen_Conversation_2_NPCEnd_3,行。好。随便。拿着吧！
QuestLoc_TheBansheesKeen_Conversation_2_NPCEnd_4,螺母？螺、母？！让你见识见识螺母的厉害！
QuestLoc_TheBansheesKeen_Conversation_2_NPCStart_1,你！赶紧让那噪音停下来！
QuestLoc_TheBansheesKeen_Conversation_2_NPCStart_2,我们都没法正常思考了……
QuestLoc_TheBansheesKeen_Conversation_2_NPCStart_3,杀其他居民能暂时缓解，但只管一小会儿。
QuestLoc_TheBansheesKeen_Conversation_2_Team_1,抱歉，但我们什么都听不见。
QuestLoc_TheBansheesKeen_Conversation_2_Team_2,让我们过去！我们来处理。
QuestLoc_TheBansheesKeen_Conversation_2_Team_3,先把你们的武器交出来，然后我们就让噪音停下。
QuestLoc_TheBansheesKeen_Conversation_2_Team_4,你们这群疯子！
QuestLoc_TheBansheesKeen_Conversation_3_NPCEnd_1,当然可以！这是为了更伟大的利益，或者类似的东西……
QuestLoc_TheBansheesKeen_Conversation_3_NPCEnd_2,切，我们只是奉命行事。
QuestLoc_TheBansheesKeen_Conversation_3_NPCEnd_3,好吧，反正我们本来也干完了。
QuestLoc_TheBansheesKeen_Conversation_3_NPCStart_1,所以就是你们在干扰我们的小实验……
QuestLoc_TheBansheesKeen_Conversation_3_NPCStart_2,我们直接把仓鸮尖叫声传入定居者的大脑。
QuestLoc_TheBansheesKeen_Conversation_3_NPCStart_3,然后测量他们多快开始互相敌视。
QuestLoc_TheBansheesKeen_Conversation_3_NPCStart_4,而且没错，我们知道猫头鹰已经灭绝了。我们训练了鹦鹉来模仿它们。
QuestLoc_TheBansheesKeen_Conversation_3_Team_1,未经同意就拿定居者做实验是不行的。
QuestLoc_TheBansheesKeen_Conversation_3_Team_2,你们的科学实验正在助长迷信思想。
QuestLoc_TheBansheesKeen_Conversation_3_Team_3,把鹦鹉交出来，我们就饶你们一命。
QuestLoc_TheBansheesKeen_QuestLongDescription,我们收到附近定居者的报告，说他们的建筑里闹鬼，有一个哭泣的女灵。这听起来不太可能，但我们应该以……科学的名义去调查！别担心，如果那些愤怒的死者最终吞噬了你们的灵魂，我们会铭记你们的。
QuestLoc_TheBansheesKeen_QuestName,女妖的尖叫
QuestLoc_TheBansheesKeen_QuestObjective_1,解开哭泣幽灵之谜。
QuestLoc_TheBansheesKeen_QuestObjective_2,与居民交谈。
QuestLoc_TheBansheesKeen_QuestObjective_3,与居民交谈。
QuestLoc_TheBansheesKeen_QuestShortDescription,解开闹鬼建筑的谜团。
QuestLoc_TheBansheesKeen_RaiderLine_1,也许居民们听到的是鼹鼠的交配叫声？
QuestLoc_TheBansheesKeen_RaiderLine_2,至少这些我们可以开枪打……不像鬼魂！
QuestLoc_TheBansheesKeen_RaiderLine_3,让它停下来！
QuestLoc_TheBansheesKeen_RaiderLine_4,女妖的哀嚎是在为*你*而鸣！
QuestLoc_TheBigsbyBrownCase_Conversation_1_NPCEnd_1,很好！拿上这个，干得好就应该被嘉奖，现在，出发吧！已经没有时间给你浪费了！
QuestLoc_TheBigsbyBrownCase_Conversation_1_NPCEnd_2,我绝对不会亲自去面对那些死亡爪，但是我也不会让你白干活。带上这个然后出发吧！没时间给我们浪费了！
QuestLoc_TheBigsbyBrownCase_Conversation_1_NPCStart_1,哇哦，再晚一分钟我就变成碎肉了。
QuestLoc_TheBigsbyBrownCase_Conversation_1_NPCStart_2,名字叫大斯派，尼克送你的，对吗？不过你得知道，我们有一堆更加重要的事情要做。
QuestLoc_TheBigsbyBrownCase_Conversation_1_NPCStart_3,我要救的那些家伙马上就要变成死亡爪的晚餐了！
QuestLoc_TheBigsbyBrownCase_Conversation_1_NPCStart_4,你要替我完成这件事情。
QuestLoc_TheBigsbyBrownCase_Conversation_1_Team_1,让我来搞定！
QuestLoc_TheBigsbyBrownCase_Conversation_1_Team_2,你为什么去做？
QuestLoc_TheBigsbyBrownCase_Conversation_2_NPCEnd_1,真的？喔，那真是太好了！再次感谢！现在，我们离开这里吧！
QuestLoc_TheBigsbyBrownCase_Conversation_2_NPCEnd_2,啊，我明白了，好吧，不管怎么样，还是得谢谢你来救我们，现在，我们离开这里吧！
QuestLoc_TheBigsbyBrownCase_Conversation_2_NPCStart_1,我的天！我都快以为自己要不行了！你真是一个救世主，知道么？
QuestLoc_TheBigsbyBrownCase_Conversation_2_NPCStart_2,如果你需要什么东西，尽管开口便是！
QuestLoc_TheBigsbyBrownCase_Conversation_2_Team_1,来我的避难所怎么样？
QuestLoc_TheBigsbyBrownCase_Conversation_2_Team_2,事实上，我可不想多养一个人。
QuestLoc_TheBigsbyBrownCase_QuestLongDescription,尼克的老朋友大斯派·布朗失踪了，一个狡猾的家伙说他有可能去寻找失踪的避难所居民了，不过并没有人听到过他的消息，请去追查下去。
QuestLoc_TheBigsbyBrownCase_QuestName,大斯派·布朗事件
QuestLoc_TheBigsbyBrownCase_QuestObjective_1,找到大斯派·布朗。
QuestLoc_TheBigsbyBrownCase_QuestObjective_2,杀死阿尔法死亡爪。
QuestLoc_TheBigsbyBrownCase_QuestObjective_3,拯救失踪的避难所居民。
QuestLoc_TheBigsbyBrownCase_QuestShortDescription,追踪大斯派。
QuestLoc_TheBigsbyBrownCase_RaiderLine_1,如果你来这里是为了找那个侦探，你就必须先通过我们！
QuestLoc_TheBigsbyBrownCase_RaiderLine_2,哦，看啊，我们的宠物有点心了，抓住他们！
QuestLoc_TheBookofWuv_QuestlineName,爱之书
QuestLoc_TheBrothersGrime_Conversation_1_NPCStart_1,我们还是专心工作吧！
QuestLoc_TheBrothersGrime_Conversation_1_Team_1,我们把这个邋遢鬼搞定吧！
QuestLoc_TheBrothersGrime_Conversation_2_NPCStart_1,肮脏的避难所居民！你对我的兄弟做出了那样的事情，你必须付出代价！
QuestLoc_TheBrothersGrime_Conversation_2_Team_1,我们用这个来擦地板吧！
QuestLoc_TheBrothersGrime_QuestLongDescription,一些掠夺者比道上出了名的格里姆兄弟还要肮脏，是时候教训一下这些家伙了。
QuestLoc_TheBrothersGrime_QuestName,格里姆兄弟。
QuestLoc_TheBrothersGrime_QuestObjective_1,杀死格里姆兄弟。
QuestLoc_TheBrothersGrime_QuestObjective_2,杀死格里姆兄弟。
QuestLoc_TheBrothersGrime_QuestShortDescription,遭遇卑鄙的掠夺者兄弟。
QuestLoc_TheCaseoftheCapturedCanine_Conversation_1_NPCEnd_1,嘿，自己管好自己的。
QuestLoc_TheCaseoftheCapturedCanine_Conversation_1_NPCEnd_2,同样的，光皮肤。
QuestLoc_TheCaseoftheCapturedCanine_Conversation_1_NPCEnd_3,祝你好运！你会需要这个的！
QuestLoc_TheCaseoftheCapturedCanine_Conversation_1_NPCEnd_4,因为爸爸教得好！而且，我的扁桃体也很完整。
QuestLoc_TheCaseoftheCapturedCanine_Conversation_1_NPCStart_1,避难所居民！为什么你们在这附近偷偷摸摸的？
QuestLoc_TheCaseoftheCapturedCanine_Conversation_1_NPCStart_2,你们应该不是在找那些偷鸡摸狗的家伙，对吗？
QuestLoc_TheCaseoftheCapturedCanine_Conversation_1_NPCStart_3,最好快点！狂尸鬼们要开吃了！
QuestLoc_TheCaseoftheCapturedCanine_Conversation_1_NPCStart_4,生狗肉……恶心，不过烤过的猫……美味！
QuestLoc_TheCaseoftheCapturedCanine_Conversation_1_Team_1,恶心。
QuestLoc_TheCaseoftheCapturedCanine_Conversation_1_Team_2,谢谢你能抬头看一样！你并不是那么糟糕……对一只尸鬼来说。
QuestLoc_TheCaseoftheCapturedCanine_Conversation_1_Team_3,哎呀！现在没有时间可以浪费了！
QuestLoc_TheCaseoftheCapturedCanine_Conversation_1_Team_4,你们怎么……那么讲道理了？
QuestLoc_TheCaseoftheCapturedCanine_QuestLongDescription,你发现了一些未解决的案子的文件，拥有者是大名鼎鼎的废土侦探尼克·瓦伦丁！第一件是 - 被捕获的狗！
QuestLoc_TheCaseoftheCapturedCanine_QuestName,被捕获的狗事件
QuestLoc_TheCaseoftheCapturedCanine_QuestObjective_1,从狂尸鬼手中救出那条狗。
QuestLoc_TheCaseoftheCapturedCanine_QuestShortDescription,狂尸鬼抓住了我的狗！请去救救那条也许马上就变成菜肴的小狗。
QuestLoc_TheCaseoftheLostLunch_Conversation_1_NPCEnd_1,什么？不！我们什么都不会做的，我的意思是说，看看这个地方，有什么能偷的？现在，求求你们，去救救我的伙计，好吗？
QuestLoc_TheCaseoftheLostLunch_Conversation_1_NPCEnd_2,你们愿意帮忙？哦，谢谢你们！当然当然，我什么都不会做的，这是做人基本的诚信，嗯嗯。
QuestLoc_TheCaseoftheLostLunch_Conversation_1_NPCEnd_3,你是说你会帮忙的？哦，谢谢，这些拿着，这是我有的全部东西了。
QuestLoc_TheCaseoftheLostLunch_Conversation_1_NPCStart_1,等等，你不是尼克，你来这里是帮忙的吗？这边的居民抢走了我的……呃，生意伙伴，据说是因为他偷了他们的食物。
QuestLoc_TheCaseoftheLostLunch_Conversation_1_NPCStart_2,但是我们根本什么都没做！
QuestLoc_TheCaseoftheLostLunch_Conversation_1_NPCStart_3,如果我进到里面，他们肯定会把我打死的，请你替我和他们谈谈，好吗？
QuestLoc_TheCaseoftheLostLunch_Conversation_1_Team_1,告诉我们事件的真相，我们才会考虑帮不帮忙，你们到底有没有偷？
QuestLoc_TheCaseoftheLostLunch_Conversation_1_Team_2,我会帮忙的，但是是在你们再也不偷东西的前提下。
QuestLoc_TheCaseoftheLostLunch_Conversation_1_Team_3,我可不会无缘无故做这些。
QuestLoc_TheCaseoftheLostLunch_Conversation_2_NPCEnd_1,你觉得我想要做这种事情？我们只是太饿了！听着，你找到我们的食物，也许我们可以考虑放他走。
QuestLoc_TheCaseoftheLostLunch_Conversation_2_NPCEnd_2,哇哦！不需要这样！但是在找到我们的食物之前，我们是不会放那个掠夺者走的，你找到食物，那么我们也许可以放了他。
QuestLoc_TheCaseoftheLostLunch_Conversation_2_NPCEnd_3,好吧，但是如果不是那个掠夺者干的，那么会是谁呢？听着，你找到食物，也许我们会考虑放了他。
QuestLoc_TheCaseoftheLostLunch_Conversation_2_NPCStart_1,你，如果你来这里是为了那个掠夺者说情的，那么你完全是在浪费时间，还不如早点回去。
QuestLoc_TheCaseoftheLostLunch_Conversation_2_NPCStart_2,那个掠夺者需要明白，他是不可能偷走我们的食物或是我们的命的。
QuestLoc_TheCaseoftheLostLunch_Conversation_2_Team_1,让那个掠夺者走！
QuestLoc_TheCaseoftheLostLunch_Conversation_2_Team_2,别逼我伤害你们。
QuestLoc_TheCaseoftheLostLunch_Conversation_2_Team_3,你们怎么知道是他干的？
QuestLoc_TheCaseoftheLostLunch_Conversation_3_NPCStart_1,你！你来这里是为了帮忙，对吗？听着，我没干，不管是什么偷了他们的食物，它肯定还待在这座大楼里，而且肯定还是个很卑鄙的家伙！求求你，救我出去！
QuestLoc_TheCaseoftheLostLunch_Conversation_4_NPCStart_1,看上去像是那些无良的辐射蟑螂偷了那些食物！这应该可以把那个掠夺者救出来！
QuestLoc_TheCaseoftheLostLunch_QuestLongDescription,你在尼克的文件里发现了一张字写得歪歪扭扭的字条，请求帮助他救一个被绑架了的伙伴。
QuestLoc_TheCaseoftheLostLunch_QuestName,丢失的午餐案件
QuestLoc_TheCaseoftheLostLunch_QuestObjective_1,与掠夺者交谈。
QuestLoc_TheCaseoftheLostLunch_QuestObjective_2,与居民交谈。
QuestLoc_TheCaseoftheLostLunch_QuestObjective_3,遭遇盗贼。
QuestLoc_TheCaseoftheLostLunch_QuestShortDescription,有人被绑架了！请把他们带回家！
QuestLoc_TheCaseoftheMissingMitt_Conversation_1_NPCEnd_1,很好，不管怎么样，我只要能拿到我的东西就行了。
QuestLoc_TheCaseoftheMissingMitt_Conversation_1_NPCEnd_2,那就对了，现在出发吧，人家可不会自己回来。
QuestLoc_TheCaseoftheMissingMitt_Conversation_1_NPCEnd_3,因为这附近压根就没人，现在，我可不会自个儿没趣去找审问，我只想那些人回来。所以，出发吧。
QuestLoc_TheCaseoftheMissingMitt_Conversation_1_NPCEnd_4,这是我的，那就是特殊的地方，而且我不会让人们从我这里偷东西的，那么，你去怎么样，嗯？
QuestLoc_TheCaseoftheMissingMitt_Conversation_1_NPCStart_1,哦，你一定是尼克的朋友了，真是花了不少时间，在这里，你帮我找到了我最……最……最……
QuestLoc_TheCaseoftheMissingMitt_Conversation_1_NPCStart_2,……最喜欢的祖夫的东西？嗯，我保证你会的。
QuestLoc_TheCaseoftheMissingMitt_Conversation_1_NPCStart_3,在我们聊天的时候，犯人就躲藏在这里。
QuestLoc_TheCaseoftheMissingMitt_Conversation_1_NPCStart_4,那个傲慢的家伙偷走了我的东西，你去教训他们一下，然后把东西拿回来给我，怎么样？
QuestLoc_TheCaseoftheMissingMitt_Conversation_1_Team_1,如果我只是和他们聊天呢？请求他们把东西还回来？
QuestLoc_TheCaseoftheMissingMitt_Conversation_1_Team_2,教训一下？听上去不错。
QuestLoc_TheCaseoftheMissingMitt_Conversation_1_Team_3,你怎么知道是这个“傲慢的家伙”呢？
QuestLoc_TheCaseoftheMissingMitt_Conversation_1_Team_4,这东西到底有什么特别的？
QuestLoc_TheCaseoftheMissingMitt_Conversation_2_NPCEnd_1,没，但是它可不会自己消失，也许是这附近的什么人把它带走了。
QuestLoc_TheCaseoftheMissingMitt_Conversation_2_NPCEnd_2,嘿，嘿，我们在这里别这么毛毛躁躁的，给你看看我“发现”的一些东西。那么，你还不去找吗？
QuestLoc_TheCaseoftheMissingMitt_Conversation_2_NPCEnd_3,真的？正好有人惹我不开心了，我要让他永远笑不出来。
QuestLoc_TheCaseoftheMissingMitt_Conversation_2_NPCStart_1,哇哦哇哦，是克拉伦斯派你来的？听着，我没拿他的东西。
QuestLoc_TheCaseoftheMissingMitt_Conversation_2_NPCStart_2,我是说，确实是我干的，但是现在不见了。
QuestLoc_TheCaseoftheMissingMitt_Conversation_2_NPCStart_3,它在我睡觉的时候被偷了。
QuestLoc_TheCaseoftheMissingMitt_Conversation_2_NPCStart_4,如果你把它找回来的话，你就得自己去找了。
QuestLoc_TheCaseoftheMissingMitt_Conversation_2_Team_1,有什么线索吗？
QuestLoc_TheCaseoftheMissingMitt_Conversation_2_Team_2,克拉伦斯建议我对你粗暴点，你有什么理由让我不要这样做吗？
QuestLoc_TheCaseoftheMissingMitt_Conversation_2_Team_3,为什么要偷他的东西？
QuestLoc_TheCaseoftheMissingMitt_QuestLongDescription,在尼克的文件堆里有一张便条上写着他需要有人帮他找回一件失踪了的传家宝 - 一副战前时期的棒球手套，那副手套对他来说非常重要。
QuestLoc_TheCaseoftheMissingMitt_QuestName,丢失的手套案件
QuestLoc_TheCaseoftheMissingMitt_QuestObjective_1,与克拉伦斯交谈。
QuestLoc_TheCaseoftheMissingMitt_QuestObjective_2,遭遇盗贼。
QuestLoc_TheCaseoftheMissingMitt_QuestObjective_3,找回棒球手套。
QuestLoc_TheCaseoftheMissingMitt_QuestShortDescription,帮助一个老尸鬼找回传家宝，可以吗？
QuestLoc_TheCaseoftheQuantumCreeper_Conversation_1_NPCEnd_1,哦，谢天谢地，上次有人发现它的时候，还是在避难所的深处，求求你，搞定那个怪物！
QuestLoc_TheCaseoftheQuantumCreeper_Conversation_1_NPCEnd_2,真的？好吧，拿着这个，请保证能把那东西搞定，好吗？
QuestLoc_TheCaseoftheQuantumCreeper_Conversation_1_NPCEnd_3,好吧，我都没正脸看过，不过我可以非常确定地告诉你，它绝对是个丑家伙。有三个头，跑得比子弹还快，最关键的是，它还喜欢量子型核子可乐！它把我们拥有的全偷走了！
QuestLoc_TheCaseoftheQuantumCreeper_Conversation_1_NPCStart_1,尼——尼克派你来的？你得帮帮我们！“量子爬行者”。它一直在吃我们的人。我们就剩这些了。
QuestLoc_TheCaseoftheQuantumCreeper_Conversation_1_NPCStart_2,我闭上眼睛的时候总是能看到它在发光。
QuestLoc_TheCaseoftheQuantumCreeper_Conversation_1_NPCStart_3,求求你！请让我们摆脱那种威胁！我求求你！
QuestLoc_TheCaseoftheQuantumCreeper_Conversation_1_Team_1,那个爬行者完了！
QuestLoc_TheCaseoftheQuantumCreeper_Conversation_1_Team_2,你确定我值得去做这个？
QuestLoc_TheCaseoftheQuantumCreeper_Conversation_1_Team_3,跟我说说关于爬行者的事情。
QuestLoc_TheCaseoftheQuantumCreeper_Conversation_2_NPCStart_1,等等！
QuestLoc_TheCaseoftheQuantumCreeper_Conversation_2_NPCStart_2,这里有血，还有蓝色的液体，是核量子型子可乐！它肯定就在附近！
QuestLoc_TheCaseoftheQuantumCreeper_Conversation_3_NPCStart_1,等等，那些是……爪印吗？它们……在发光。肯定就在附近了。
QuestLoc_TheCaseoftheQuantumCreeper_QuestLongDescription,尼克请求你去解决“量子爬行者”的问题，它是一头以人类为食并且会从避难所偷取量子型核子可乐的野兽，你要帮他们的忙吗？
QuestLoc_TheCaseoftheQuantumCreeper_QuestName,量子爬行者案件
QuestLoc_TheCaseoftheQuantumCreeper_QuestObjective_1,与避难所居民交谈。
QuestLoc_TheCaseoftheQuantumCreeper_QuestObjective_2,解决掉“量子爬行者。”
QuestLoc_TheCaseoftheQuantumCreeper_QuestShortDescription,追踪量子爬行者。
QuestLoc_TheCatBurglar_Conversation_1_NPCEnd_1,你会为那个廉价的跨界笑话死在这！
QuestLoc_TheCatBurglar_Conversation_1_NPCEnd_2,不，别！我发誓不再为我妈偷猫了！
QuestLoc_TheCatBurglar_Conversation_1_NPCEnd_3,显然这规矩对我不适用。废话！
QuestLoc_TheCatBurglar_Conversation_1_NPCStart_1,来，咪咪……等等，你不是猫！
QuestLoc_TheCatBurglar_Conversation_1_NPCStart_2,这里是指定的无人区。
QuestLoc_TheCatBurglar_Conversation_1_NPCStart_3,很简单：四条腿活，两条腿死。
QuestLoc_TheCatBurglar_Conversation_1_Team_1,要是你膝盖中箭少了一条腿呢？
QuestLoc_TheCatBurglar_Conversation_1_Team_2,放弃吧，不然我们就淹死这只小猫。
QuestLoc_TheCatBurglar_Conversation_1_Team_3,好吧，你有两条腿，所以你死定了。
QuestLoc_TheCatBurglar_Conversation_2_NPCEnd_1,我眼神好着呢，亲爱的。来，吃块饼干。
QuestLoc_TheCatBurglar_Conversation_2_NPCEnd_2,嗯，难怪没听到呼噜声。拿着这个，辛苦你了。
QuestLoc_TheCatBurglar_Conversation_2_NPCEnd_3,你是来装饰帽子的吗？给，这个你可以用。
QuestLoc_TheCatBurglar_Conversation_2_NPCStart_1,是你吗，亲爱的？
QuestLoc_TheCatBurglar_Conversation_2_NPCStart_2,你又给我带新朋友来了吗？
QuestLoc_TheCatBurglar_Conversation_2_Team_1,导盲犬怎么样？
QuestLoc_TheCatBurglar_Conversation_2_Team_2,你注意到这里大部分动物都是鼹鼠了吗？
QuestLoc_TheCatBurglar_Conversation_2_Team_3,抱歉，我们是来带走你的猫的。
QuestLoc_TheCatBurglar_QuestLongDescription,一个偷猫贼接连光顾多个避难所，偷走居民们的宠物。趁她再偷别的猫之前快阻止她！
QuestLoc_TheCatBurglar_QuestName,偷猫贼
QuestLoc_TheCatBurglar_QuestObjective_1,让偷猫贼不能再偷。
QuestLoc_TheCatBurglar_QuestShortDescription,解开神秘窃贼之谜。
QuestLoc_TheCatBurglar_RaiderLine_1,闻到猫砂的味道……肯定是这条路。
QuestLoc_TheCatBurglar_RaiderLine_2,嗯，真是太喵了……
QuestLoc_TheCatBurglar_RaiderLine_3,喵的，不能回头了！
QuestLoc_TheCatBurglar_RaiderLine_4,现在真想打个猫盹。
QuestLoc_TheDeBuggers_Conversation_1_NPCEnd_1,这是一个避难所模拟器。我们叫它“核地堡”。
QuestLoc_TheDeBuggers_Conversation_1_NPCEnd_2,我们本来想做电子表格，结果跑偏了……
QuestLoc_TheDeBuggers_Conversation_1_NPCEnd_3,不，你的哔哔小子太旧了。也许你可以试试加装这个扩展卡……
QuestLoc_TheDeBuggers_Conversation_1_NPCStart_1,看，是除虫小队！见到你们真是太高兴了！
QuestLoc_TheDeBuggers_Conversation_1_NPCStart_2,辐射蟑螂老是烧毁主机的电路……
QuestLoc_TheDeBuggers_Conversation_1_NPCStart_3,结果我的目标清单老是莫名其妙地重置！
QuestLoc_TheDeBuggers_Conversation_1_NPCStart_4,这也太烦人了吧？！
QuestLoc_TheDeBuggers_Conversation_1_Team_1,你们的游戏是讲什么的？
QuestLoc_TheDeBuggers_Conversation_1_Team_2,你们干嘛把时间浪费在这么无聊的游戏上？
QuestLoc_TheDeBuggers_Conversation_1_Team_3,我能试试你们的游戏吗？
QuestLoc_TheDeBuggers_Conversation_2_NPCEnd_1,别担心，在这之前你应该能好好玩上三分钟。
QuestLoc_TheDeBuggers_Conversation_2_NPCEnd_2,虽然听起来很离谱，但有些人真会花瓶盖来玩游戏。
QuestLoc_TheDeBuggers_Conversation_2_NPCEnd_3,我是后勤：我确保每天都有新鲜果蔬，这样团队才能保持健康。
QuestLoc_TheDeBuggers_Conversation_2_NPCStart_1,谢谢你们帮忙达成了里程碑。
QuestLoc_TheDeBuggers_Conversation_2_NPCStart_2,这是我们用来衡量进度的词。
QuestLoc_TheDeBuggers_Conversation_2_NPCStart_3,每次完成一个目标，我们就往石板刻上“干得好！”。
QuestLoc_TheDeBuggers_Conversation_2_NPCStart_4,然后我们用它压扁效率最低的团队成员。
QuestLoc_TheDeBuggers_Conversation_2_Team_1,这个游戏会耗尽我的哔哔小子电池吗？
QuestLoc_TheDeBuggers_Conversation_2_Team_2,你不应该做点有用的东西吗，比如武器？
QuestLoc_TheDeBuggers_Conversation_2_Team_3,那你负责什么？
QuestLoc_TheDeBuggers_QuestLongDescription,我们收到了505号避难所的求助。他们一直在进行一个特殊项目，让居民能在他们的哔哔小子上玩游戏。想象一下！不幸的是，他们也被辐射蟑螂侵占了。我们必须帮助他们！
QuestLoc_TheDeBuggers_QuestName,除虫者
QuestLoc_TheDeBuggers_QuestObjective_1,与开发者交谈。
QuestLoc_TheDeBuggers_QuestObjective_2,与制作人交谈。
QuestLoc_TheDeBuggers_QuestShortDescription,帮助505号避难所解决它的虫患。
QuestLoc_TheDeBuggers_RaiderLine_1,似乎每次我解决一个虫子，就会冒出两个来……
QuestLoc_TheDeBuggers_RaiderLine_2,谁会玩便携式电子设备上的游戏呢？
QuestLoc_TheDeBuggers_RaiderLine_3,游戏结束，老兄！
QuestLoc_TheDoorBuster_Conversation_1_NPCEnd_1,也许是个陷阱，这地方到处都是掠夺者，祝你好运。
QuestLoc_TheDoorBuster_Conversation_1_NPCEnd_2,好吧，这也许只是一个掠夺者的陷阱。
QuestLoc_TheDoorBuster_Conversation_1_NPCStart_1,哦，太好了，更多的人。
QuestLoc_TheDoorBuster_Conversation_1_NPCStart_2,让我猜猜，你来这里是为了宝藏，对吗？
QuestLoc_TheDoorBuster_Conversation_1_Team_1,你知道这是什么吗？
QuestLoc_TheDoorBuster_Conversation_1_Team_2,滚开，我们才是先来的！
QuestLoc_TheDoorBuster_QuestLongDescription,有传言说一堆名为“进门就白拿”的宝藏就在废土，看来是时候去把它抢过来了！
QuestLoc_TheDoorBuster_QuestName,进门就白拿
QuestLoc_TheDoorBuster_QuestObjective_1,寻找宝藏。
QuestLoc_TheDoorBuster_QuestShortDescription,寻找并且抢占宝藏！
QuestLoc_TheDoorBuster_RaiderLine_1,你们这些混蛋是来找宝藏的吗？那些宝藏是我们的！
QuestLoc_TheDoorBuster_RaiderLine_2,废土的垃圾？看上去这地方像是逃难的样子！
QuestLoc_TheDoorBuster_RaiderLine_3,就这么点东西，下次我还是睡大觉好了！
QuestLoc_TheDoorBuster_RaiderLine_4,更多的人？啧！这些人真是越来越扯淡了！
QuestLoc_TheEndoftheRainbow_Conversation_1_NPCEnd_1,不，我们是自由职业者，为了快乐和利益而杀人。
QuestLoc_TheEndoftheRainbow_Conversation_1_NPCEnd_2,有道理。到目前为止我们找到的只有这些垃圾。
QuestLoc_TheEndoftheRainbow_Conversation_1_NPCEnd_3,谈到这个话题，你相信子弹吗？
QuestLoc_TheEndoftheRainbow_Conversation_1_NPCStart_1,你们想要什么，居民？
QuestLoc_TheEndoftheRainbow_Conversation_1_NPCStart_2,别告诉我你也在找肖恩的宝藏……
QuestLoc_TheEndoftheRainbow_Conversation_1_NPCStart_3,等有人找到它的时候，也没剩多少了！
QuestLoc_TheEndoftheRainbow_Conversation_1_NPCStart_4,我们甚至不确定它是否存在！
QuestLoc_TheEndoftheRainbow_Conversation_1_Team_1,你不是肖恩的打手吗？
QuestLoc_TheEndoftheRainbow_Conversation_1_Team_2,我听说财宝在彩虹的*另一头*。
QuestLoc_TheEndoftheRainbow_Conversation_1_Team_3,只要我们相信，它就在我们心中。
QuestLoc_TheEndoftheRainbow_Conversation_2_NPCEnd_1,嗯……你大声说出来*确实*有点傻。
QuestLoc_TheEndoftheRainbow_Conversation_2_NPCEnd_2,啊，的确如此。
QuestLoc_TheEndoftheRainbow_Conversation_2_NPCEnd_3,我会的，你们这些蠢蛋！
QuestLoc_TheEndoftheRainbow_Conversation_2_NPCStart_1,你们来错地方了，小子们！
QuestLoc_TheEndoftheRainbow_Conversation_2_NPCStart_2,觉得你们能来这儿抢我茶杯里的奶？
QuestLoc_TheEndoftheRainbow_Conversation_2_NPCStart_3,你怎么了，小子？是脑子出问题了还是怎么的？
QuestLoc_TheEndoftheRainbow_Conversation_2_Team_1,所以你就是彩虹尽头的麻风肖恩？
QuestLoc_TheEndoftheRainbow_Conversation_2_Team_2,我不太明白你在说什么，但我感觉你很不高兴。
QuestLoc_TheEndoftheRainbow_Conversation_2_Team_3,交出你的宝藏，一切都会没事的。
QuestLoc_TheEndoftheRainbow_QuestLongDescription,我们听到了奇怪的传闻，说彩虹尽头埋藏着一大笔宝藏！根据计算，那就在西边废弃的滑石矿附近，由一个神秘强盗头目“麻风肖恩”统治着。
QuestLoc_TheEndoftheRainbow_QuestName,彩虹尽头
QuestLoc_TheEndoftheRainbow_QuestObjective_1,找到主宝藏库。
QuestLoc_TheEndoftheRainbow_QuestObjective_2,找到副宝藏库。
QuestLoc_TheEndoftheRainbow_QuestShortDescription,在彩虹尽头找到宝藏。
QuestLoc_TheEndoftheRainbow_RaiderLine_1,瞧瞧这些小畜生！
QuestLoc_TheEndoftheRainbow_RaiderLine_2,这天气可真够呛……
QuestLoc_TheEndoftheRainbow_RaiderLine_3,嚯，这玩意儿长得真奇怪！
QuestLoc_TheFinalHunt_Conversation_1_NPCStart_1,你们挺厉害的，我十分敬佩。
QuestLoc_TheFinalHunt_Conversation_1_NPCStart_2,但是我可是废土的第一猎手，而不是你！
QuestLoc_TheFinalHunt_Conversation_1_NPCStart_3,你看上去会非常棒的，而且我要把你摆在陈列室里！
QuestLoc_TheFinalHunt_QuestLongDescription,大块头维斯在叫你呢！是时候让他明白谁才是废土第一猎手了。
QuestLoc_TheFinalHunt_QuestName,最终的狩猎
QuestLoc_TheFinalHunt_QuestObjective_1,杀死大块头维斯。
QuestLoc_TheFinalHunt_QuestShortDescription,跟踪并且干掉大块头维斯。
QuestLoc_TheFinalPush_Conversation_1_NPCEnd_1,士兵，带着这个，这东西你拿着比我们有用。
QuestLoc_TheFinalPush_Conversation_1_NPCEnd_2,穿好装备，这个给你，这东西你拿着比我们有用。
QuestLoc_TheFinalPush_Conversation_1_NPCEnd_3,呼，好吧，这个给你，这东西你拿着比我们有用。
QuestLoc_TheFinalPush_Conversation_1_NPCEnd_4,我们会的，带着这个，这东西你拿着比我们有用。
QuestLoc_TheFinalPush_Conversation_1_NPCStart_1,干得好，士兵！
QuestLoc_TheFinalPush_Conversation_1_NPCStart_2,我们的动力装甲很早就不能用了，我们根本不是死亡爪的对手。
QuestLoc_TheFinalPush_Conversation_1_NPCStart_3,代表钢铁兄弟会，向你致敬！
QuestLoc_TheFinalPush_Conversation_1_Team_1,这是一份荣耀。
QuestLoc_TheFinalPush_Conversation_1_Team_2,我不是士兵！
QuestLoc_TheFinalPush_Conversation_1_Team_3,我想，我得谢谢你。
QuestLoc_TheFinalPush_Conversation_1_Team_4,下一次得更加小心些。
QuestLoc_TheFinalPush_QuestLongDescription,在390号避难所的废墟里，一个掠夺者的头目告诉我马克森的蛮子就在避难所科技指挥部，我很担心他们的安全问题，所以我得赶快带好装备！
QuestLoc_TheFinalPush_QuestName,最终攻势。
QuestLoc_TheFinalPush_QuestObjective_1,找到马克森的蛮子。
QuestLoc_TheFinalPush_QuestShortDescription,在避难所科技指挥部找到马克森的蛮子。
QuestLoc_TheGreatAmericanPastime_Conversation_1_NPCStart_1,没有运动服，但是我们越来越靠近了！我能感觉到。
QuestLoc_TheGreatAmericanPastime_QuestLongDescription,好吧，教练并没有在体育酒吧，也许他不喝酒吧。希望他别在那件运动服上洒上茶！现在，是时候继续寻找了……
QuestLoc_TheGreatAmericanPastime_QuestName,旧美国的光辉时光
QuestLoc_TheGreatAmericanPastime_QuestObjective_1,寻找拉基·乔宾逊的棒球运动衫。
QuestLoc_TheGreatAmericanPastime_QuestShortDescription,找到拉奇·乔宾森的棒球衫。
QuestLoc_TheGreatTatoFamine_QuestlineName,大饥荒
QuestLoc_TheGridironGang_QuestlineName,烤架帮
QuestLoc_TheHauntingofVault110_Conversation_1_NPCEnd_1,我……我不知道！我保证我会离开的！
QuestLoc_TheHauntingofVault110_Conversation_1_NPCEnd_2,什么？！伪装？我会让你见到一个真正的幽灵！
QuestLoc_TheHauntingofVault110_Conversation_1_NPCStart_1,哎呀！为什么没人告诉我这个地方闹鬼？！
QuestLoc_TheHauntingofVault110_Conversation_1_NPCStart_2,求……求求你，别伤害我！你……你想要什么？
QuestLoc_TheHauntingofVault110_Conversation_1_Team_1,你侵扰了我休息的地方，凡人！赶快给我离开！
QuestLoc_TheHauntingofVault110_Conversation_1_Team_2,哈！你个白痴！
QuestLoc_TheHauntingofVault110_QuestLongDescription,和大多数地痞一样，掠夺者大部分都很胆小。有谣言说接管化学大楼的掠夺者头目也是一样，所以也许你可以吓唬吓唬他，这样就用不着战斗了。
QuestLoc_TheHauntingofVault110_QuestName,闹鬼的化学大楼
QuestLoc_TheHauntingofVault110_QuestObjective_1,吓唬掠夺者头目。
QuestLoc_TheHauntingofVault110_QuestShortDescription,吓唬盘踞在化学大楼里的掠夺者头目。
QuestLoc_TheHauntingofVault110_RaiderLine_1,一个幽灵！小心！
QuestLoc_TheInfiltrationGame_Conversation_1_NPCEnd_1,好吧，JF，我……嘿，等一下……
QuestLoc_TheInfiltrationGame_Conversation_1_NPCEnd_2,我做了？哦，那就没事了。继续吧。
QuestLoc_TheInfiltrationGame_Conversation_1_NPCEnd_3,我先问你的！
QuestLoc_TheInfiltrationGame_Conversation_1_NPCStart_1,嘿，你！
QuestLoc_TheInfiltrationGame_Conversation_1_NPCStart_2,我不记得之前见过你……你叫什么名字？
QuestLoc_TheInfiltrationGame_Conversation_1_Team_1,我叫约翰·弗朗西斯·米勒·掠夺者首领杀手……但叫我JF就行。
QuestLoc_TheInfiltrationGame_Conversation_1_Team_2,你今天已经问过我两次了！
QuestLoc_TheInfiltrationGame_Conversation_1_Team_3,我叫什么名字？你*叫*什么名字？
QuestLoc_TheInfiltrationGame_Conversation_2_NPCEnd_1,看来我*确实*得重新开始开枪杀人了。
QuestLoc_TheInfiltrationGame_Conversation_2_NPCEnd_2,那是个脏餐巾，不是蓝图，而且你是个间谍！
QuestLoc_TheInfiltrationGame_Conversation_2_NPCEnd_3,呃，我简直……给，记得把找零拿回来！
QuestLoc_TheInfiltrationGame_Conversation_2_NPCStart_1,我要的东西你带回来了吗？
QuestLoc_TheInfiltrationGame_Conversation_2_NPCStart_2,伯爵红茶，加一点牛奶和糖。
QuestLoc_TheInfiltrationGame_Conversation_2_NPCStart_3,我可是一个多小时前就让你去买了……
QuestLoc_TheInfiltrationGame_Conversation_2_NPCStart_4,难道又要我开枪杀人吗？
QuestLoc_TheInfiltrationGame_Conversation_2_Team_1,死人不喝茶。
QuestLoc_TheInfiltrationGame_Conversation_2_Team_2,先让我把那些秘密蓝图拿到手。
QuestLoc_TheInfiltrationGame_Conversation_2_Team_3,我需要一些钱来买茶。
QuestLoc_TheInfiltrationGame_QuestLongDescription,利用我们卧底特工的情报，我们发现掠夺者手中可能握有秘密武器蓝图。我们需要一位居民潜入他们的基地，尽快取回那些文件。
QuestLoc_TheInfiltrationGame_QuestName,潜入游戏
QuestLoc_TheInfiltrationGame_QuestObjective_1,取回“绝密”文件。
QuestLoc_TheInfiltrationGame_QuestObjective_2,取回“仅供亲阅”文件。
QuestLoc_TheInfiltrationGame_QuestShortDescription,从掠夺者手中取回失窃文件。
QuestLoc_TheLastGobble_Conversation_1_NPCEnd_1,拿上这个，然后往下走！你会在那里看到一个格布勒！
QuestLoc_TheLastGobble_Conversation_1_NPCEnd_2,拿上这个。往下走！格布勒在那筑巢！
QuestLoc_TheLastGobble_Conversation_1_NPCEnd_3,拿上这个，然后往下走！格布勒就在下面建了一个巢穴！
QuestLoc_TheLastGobble_Conversation_1_NPCStart_1,我正在等人跟着我。
QuestLoc_TheLastGobble_Conversation_1_NPCStart_2,我是多廷博士，是我创造了格布勒！
QuestLoc_TheLastGobble_Conversation_1_NPCStart_3,我在废土的生物体内植入了一种对富含防腐剂的食物有着极度渴求的DNA。
QuestLoc_TheLastGobble_Conversation_1_NPCStart_4,为什么？当然是为了科学！不过我犯了一个愚蠢的错误，我必须了解这一切！
QuestLoc_TheLastGobble_Conversation_1_Team_1,介意给我们一些火力支援吗，博士？
QuestLoc_TheLastGobble_Conversation_1_Team_2,你把其它的实验交出来怎么样？
QuestLoc_TheLastGobble_Conversation_1_Team_3,有什么东西能保护我们不受格布勒的伤害吗？
QuestLoc_TheLastGobble_QuestLongDescription,我们一路跟着格布勒留下的红莓果酱到了261号避难所，现在，是时候结束这一切了！
QuestLoc_TheLastGobble_QuestName,最后的格布勒！
QuestLoc_TheLastGobble_QuestObjective_1,杀死格布勒！
QuestLoc_TheLastGobble_QuestShortDescription,是时候干掉格布勒了！
QuestLoc_TheMoleRatMan_Conversation_1_NPCStart_1,你！我听说过你！你不是植物学家！你只是个废土的渣渣！我才是这里唯一的科学家！
QuestLoc_TheMoleRatMan_Conversation_1_NPCStart_2,你是来抢走的我宝贝的！我绝对不会让这一切发生的！它们是我的宝贝！
QuestLoc_TheMoleRatMan_Conversation_1_NPCStart_3,要保护它们，也许我会死，但是我宁愿看你死比较开心点！
QuestLoc_TheMoleRatMan_Conversation_1_NPCStart_4,进攻，我的宝贝们！！！
QuestLoc_TheMoleRatMan_QuestLongDescription,有一个自称鼹鼠人的疯子养着一群鼹鼠，并且带着它们攻击人们的住所，偷取他们的食物。现在，是时候进攻了！
QuestLoc_TheMoleRatMan_QuestName,鼹鼠人
QuestLoc_TheMoleRatMan_QuestObjective_1,遭遇鼹鼠人。
QuestLoc_TheMoleRatMan_QuestShortDescription,在基地遭遇鼹鼠人。
QuestLoc_TheMostDangerousGame_Conversation_1_NPCStart_1,你们就是那群什么都愿意干的避难所居民对吧？
QuestLoc_TheMostDangerousGame_Conversation_1_NPCStart_2,听着，我不会成为任何人的展览品的！
QuestLoc_TheMostDangerousGame_Conversation_1_NPCStart_3,我要把你的头挂在我的墙上！
QuestLoc_TheMostDangerousGame_QuestLongDescription,看起来你需要一个更大的挑战，那么去试试看猎杀人类怎么样？这一次，你只能穿上你的避难所服装。
QuestLoc_TheMostDangerousGame_QuestName,最危险的游戏
QuestLoc_TheMostDangerousGame_QuestObjective_1,杀死掠夺者Boss。
QuestLoc_TheMostDangerousGame_QuestShortDescription,杀死掠夺者Boss。
QuestLoc_TheMysteriousDisappearingSpuds_Conversation_1_NPCEnd_1,有一个小队占领了街对面的一间旧工厂 - 请前去调查。
QuestLoc_TheMysteriousDisappearingSpuds_Conversation_1_NPCStart_1,你得帮我们！我们的食物马上就要没了！甚至连庄稼都活不成！
QuestLoc_TheMysteriousDisappearingSpuds_Conversation_1_NPCStart_2,这可是非常让人头疼的。
QuestLoc_TheMysteriousDisappearingSpuds_Conversation_1_NPCStart_3,再说，你不是植物学家，对吧？
QuestLoc_TheMysteriousDisappearingSpuds_Conversation_1_Team_1,不是，但是我们听说你可不是唯一一个遭遇类似事情的人，你知道其他农夫也有同样的情况吗？
QuestLoc_TheMysteriousDisappearingSpuds_QuestLongDescription,在整个联邦，一场神秘的疫病席卷了几乎所有的土豆庄稼，人们开始闹饥荒！也许我们能够帮上忙。
QuestLoc_TheMysteriousDisappearingSpuds_QuestName,神秘消失的土豆
QuestLoc_TheMysteriousDisappearingSpuds_QuestObjective_1,见见农夫。
QuestLoc_TheMysteriousDisappearingSpuds_QuestShortDescription,找到更多关于土豆消失的事情。
QuestLoc_TheMysteryofVault31_QuestlineName,神秘的31号避难所
QuestLoc_TheMysteryofVault666_Conversation_1_NPCEnd_1,你在说谁二流？
QuestLoc_TheMysteryofVault666_Conversation_1_NPCEnd_2,你不会懂的。
QuestLoc_TheMysteryofVault666_Conversation_1_NPCEnd_3,我在那里等你！
QuestLoc_TheMysteryofVault666_Conversation_1_NPCEnd_4,每个人都很重要。
QuestLoc_TheMysteryofVault666_Conversation_1_NPCStart_1,哇哈哈哈哈！
QuestLoc_TheMysteryofVault666_Conversation_1_NPCStart_2,哦！你发现了我的巢穴！666号避难所！我……
QuestLoc_TheMysteryofVault666_Conversation_1_NPCStart_3,埃尔·迪亚波罗！
QuestLoc_TheMysteryofVault666_Conversation_1_NPCStart_4,那么请告诉我……你是打算烧掉吗？！
QuestLoc_TheMysteryofVault666_Conversation_1_Team_1,给我闭嘴，你这个二流的反派！
QuestLoc_TheMysteryofVault666_Conversation_1_Team_2,一个隐蔽的避难所……为什么你们这些小恶魔……
QuestLoc_TheMysteryofVault666_Conversation_1_Team_3,去……反正你知道那里的！
QuestLoc_TheMysteryofVault666_Conversation_1_Team_4,真的？666号避难所？埃尔·迪亚波罗？
QuestLoc_TheMysteryofVault666_QuestLongDescription,在探险的时候，一个居民发现了一张通往666号避难所的地图，
QuestLoc_TheMysteryofVault666_QuestName,神秘的666号避难所
QuestLoc_TheMysteryofVault666_QuestObjective_1,调查666号避难所。
QuestLoc_TheMysteryofVault666_QuestShortDescription,666号避难所并没有在避难所科技进行过官方注册，是时候去调查一下了。
QuestLoc_TheNightWatch_Conversation_1_NPCEnd_1,我去过麦克卢尔那里了，他们是第一批遭到攻击的，并且已经设置了第二波庄稼作为诱饵。
QuestLoc_TheNightWatch_Conversation_1_NPCStart_1,这根本不是植物学的问题，我们不需要一堆只会说白话的科学家来教我们怎么做……
QuestLoc_TheNightWatch_Conversation_1_NPCStart_2,我们在晚上派人监视着庄稼……
QuestLoc_TheNightWatch_Conversation_1_NPCStart_3,有东西从地下偷走了我们的土豆！
QuestLoc_TheNightWatch_Conversation_1_NPCStart_4,我见过最奇葩的事情……植物一株接着一株地倒下！真是怪异。
QuestLoc_TheNightWatch_Conversation_1_Team_1,有其他人见过这种情况吗？
QuestLoc_TheNightWatch_QuestLongDescription,我们听说在那里有一群居民有更多关于土豆失踪的信息，我们和他们谈谈然后瞧瞧他们知道些啥吧。
QuestLoc_TheNightWatch_QuestName,守夜人
QuestLoc_TheNightWatch_QuestObjective_1,获取更多关于土豆消失的情报。
QuestLoc_TheNightWatch_QuestShortDescription,找到更多关于土豆消失的理论情报。
QuestLoc_ThePartyattheEndoftheWorld_QuestlineName,末世派对
QuestLoc_ThePathofPaulaPlumbkin_Conversation_1_NPCEnd_1,一些旧的核子可乐工厂，那并不重要，你是没办法活着离开这里的！
QuestLoc_ThePathofPaulaPlumbkin_Conversation_1_NPCStart_1,你们比上一批入侵者还要糟糕，保拉那个啥！
QuestLoc_ThePathofPaulaPlumbkin_Conversation_1_Team_1,普朗布金！保拉·普朗布金！她去哪儿了？
QuestLoc_ThePathofPaulaPlumbkin_QuestLongDescription,你找到了保拉·普朗布金的日记，一个前去调查神秘的乌托邦（避难所）的监督者，请跟着她的阻击！第一站 - 730号避难所。
QuestLoc_ThePathofPaulaPlumbkin_QuestName,保拉·普朗布金之路
QuestLoc_ThePathofPaulaPlumbkin_QuestObjective_1,探索730号避难所。
QuestLoc_ThePathofPaulaPlumbkin_QuestShortDescription,跟随保拉·普朗布金的阻击前往730号避难所。
QuestLoc_TheQuestforVault525_Conversation_1_NPCStart_1,噢！神圣的奶油馅儿卷饼！就在地上！保拉·普朗布金日记中的一页就在地上！
QuestLoc_TheQuestforVault525_Conversation_1_NPCStart_2,“需要重新补给，但是我已经很接近了，525号避难所！
QuestLoc_TheQuestforVault525_Conversation_1_NPCStart_3,他们拥有G.E.C.K.，而我只知道他们会用这个！
QuestLoc_TheQuestforVault525_Conversation_1_NPCStart_4,还不确定它在哪儿，不过市长办公室应该会有信息！”
QuestLoc_TheQuestforVault525_QuestLongDescription,我们必须去找到525号避难所，但是我们的补给已经不多了，是时候去大无敌超市弄点我们继续进行搜查工作所必要的东西了。
QuestLoc_TheQuestforVault525_QuestName,525号避难所
QuestLoc_TheQuestforVault525_QuestObjective_1,在大无敌超市补给。
QuestLoc_TheQuestforVault525_QuestShortDescription,我们正在寻找525号避难所，但是必须先进行一下补给。
QuestLoc_TheRedRocketReveal_Conversation_1_NPCEnd_1,避难所就在隐蔽山谷里！把这个带到你的坟墓里吧！
QuestLoc_TheRedRocketReveal_Conversation_1_NPCEnd_2,白痴！避难所在隐蔽山谷里！你这辈子见不到了！
QuestLoc_TheRedRocketReveal_Conversation_1_NPCEnd_3,在隐蔽山谷里，如果你一定要知道的话！现在，准备受死吧！
QuestLoc_TheRedRocketReveal_Conversation_1_NPCEnd_4,哦，我会的！我也知道它在哪儿！在隐蔽山谷！哈哈哈哈哈！
QuestLoc_TheRedRocketReveal_Conversation_1_NPCStart_1,哈！我们终于亲自见上面了，你真是追了我一辈子！
QuestLoc_TheRedRocketReveal_Conversation_1_NPCStart_2,我 - 保拉·普朗布金！废土让我受到了锻炼！
QuestLoc_TheRedRocketReveal_Conversation_1_NPCStart_3,没错，525号避难所就是避难所之城！还有，并不是这里！我假造了那条信息！
QuestLoc_TheRedRocketReveal_Conversation_1_NPCStart_4,我引你来这里是为了杀了你！避难所之城是我的！我将会成为那里的监督者！
QuestLoc_TheRedRocketReveal_Conversation_1_Team_1,好吧，不得不承认，我没有看到那个过来。
QuestLoc_TheRedRocketReveal_Conversation_1_Team_2,哦……真是神转折，太有想法了。
QuestLoc_TheRedRocketReveal_Conversation_1_Team_3,那么，如果避难所之城不在这儿，那又会在哪儿呢？
QuestLoc_TheRedRocketReveal_Conversation_1_Team_4,你这个狡猾的婊子！你永远不会掌权的！
QuestLoc_TheRedRocketReveal_QuestLongDescription,避难所科技发往市长办公室的官方文件里有写明525号避难所的入口，a.k.a.避难所之城，隐藏在红火箭指挥部！你还在等什么？赶紧去525号避难所！
QuestLoc_TheRedRocketReveal_QuestName,红火箭现世！
QuestLoc_TheRedRocketReveal_QuestObjective_1,探索红火箭指挥部。
QuestLoc_TheRedRocketReveal_QuestShortDescription,525号避难所的入口就在红火箭指挥部！
QuestLoc_TheReluctantShill_Conversation_1_NPCEnd_1,他在不远处一座破败的工厂里。小心，他变得越来越……古怪了。
QuestLoc_TheReluctantShill_Conversation_1_NPCStart_1,没错，我为那个巫师工作过一阵子。我们到处卖那种“神奇”的水。
QuestLoc_TheReluctantShill_Conversation_1_NPCStart_2,别误会，那水确实不错。他真的有很棒的战前过滤系统。
QuestLoc_TheReluctantShill_Conversation_1_NPCStart_3,不知道怎么回事，但老天那水真新鲜。不过绝不可能有魔力。
QuestLoc_TheReluctantShill_Conversation_1_NPCStart_4,我再也受不了骗人了。要是他没这么贪心，也许还能行得通。
QuestLoc_TheReluctantShill_Conversation_1_Team_1,能告诉我们他在哪吗？
QuestLoc_TheReluctantShill_QuestLongDescription,我们快找到那个巫师了！显然他的助手抛弃了他，躲在一家超级杜普超市里。必要的话我们会逼他说出真相！
QuestLoc_TheReluctantShill_QuestName,不情愿的托儿
QuestLoc_TheReluctantShill_QuestObjective_1,追踪巫师的助手。
QuestLoc_TheReluctantShill_QuestShortDescription,追踪巫师的助手。
QuestLoc_TheresnoCryinginBaseball_Conversation_1_NPCStart_1,该死！球衣不在这。继续搜索！
QuestLoc_TheresnoCryinginBaseball_QuestLongDescription,这里有一家老旧的五金店我们还没有调查，也许教练会去那里补给，我们得去看看。
QuestLoc_TheresnoCryinginBaseball_QuestName,在棒球比赛里可不准哭！
QuestLoc_TheresnoCryinginBaseball_QuestObjective_1,寻找拉基·乔宾逊的棒球运动衫。
QuestLoc_TheresnoCryinginBaseball_QuestShortDescription,找到拉奇·罗宾森的棒球球衣。
QuestLoc_TheRiteofSpraying_Conversation_1_NPCEnd_1,他们自称“原子教”。崇拜辐射，诸如此类。
QuestLoc_TheRiteofSpraying_Conversation_1_NPCEnd_2,他们一直嚷嚷我们应该欢庆，“E-Ster”即将到来。不知道那是什么意思。
QuestLoc_TheRiteofSpraying_Conversation_1_NPCStart_1,非常感谢你的帮助，我们真的很感激！
QuestLoc_TheRiteofSpraying_Conversation_1_NPCStart_2,那些宗教狂信徒说他们有“好消息”要告诉我们。
QuestLoc_TheRiteofSpraying_Conversation_1_NPCStart_3,然后他们就开始到处喷人。
QuestLoc_TheRiteofSpraying_Conversation_1_NPCStart_4,我侥幸躲过去了，但其他人就没那么走运了。有些人甚至变成了尸鬼。
QuestLoc_TheRiteofSpraying_Conversation_1_Team_1,你说他们是宗教狂热分子？
QuestLoc_TheRiteofSpraying_Conversation_1_Team_2,他们有没有提为什么这么做？
QuestLoc_TheRiteofSpraying_Conversation_2_NPCEnd_1,不知道，但他们老说什么「它」要来了。也许是某个神祇吧？
QuestLoc_TheRiteofSpraying_Conversation_2_NPCEnd_2,是啊。他们平时挺无害的。不知道是中了什么邪。
QuestLoc_TheRiteofSpraying_Conversation_2_NPCEnd_3,嗯，从那道门进去……但对他们来说可能已经太迟了。
QuestLoc_TheRiteofSpraying_Conversation_2_NPCStart_1,看，终于有人来帮我们了！来得正是时候……
QuestLoc_TheRiteofSpraying_Conversation_2_NPCStart_2,再晚几个小时，我这朋友就要发疯了。
QuestLoc_TheRiteofSpraying_Conversation_2_NPCStart_3,诅咒那些原子神教的狂热分子！
QuestLoc_TheRiteofSpraying_Conversation_2_NPCStart_4,让他们那个什么「伊斯塔」见鬼去吧！
QuestLoc_TheRiteofSpraying_Conversation_2_Team_1,“E-Ster”是什么意思？
QuestLoc_TheRiteofSpraying_Conversation_2_Team_2,你确定是原子神教干的？
QuestLoc_TheRiteofSpraying_Conversation_2_Team_3,还有更多的受害者吗？
QuestLoc_TheRiteofSpraying_QuestLongDescription,我们接到报告，附近的定居者遭到不明袭击者随机喷射放射性物质。我们应给那些定居者送些消辐宁，并查明袭击的更多情况。
QuestLoc_TheRiteofSpraying_QuestName,喷（洒）之礼
QuestLoc_TheRiteofSpraying_QuestObjective_1,与定居者交谈。
QuestLoc_TheRiteofSpraying_QuestObjective_2,与更多定居者交谈。
QuestLoc_TheRiteofSpraying_QuestShortDescription,调查放射性喷涂事件。
QuestLoc_TheRiteofSpraying_RaiderLine_1,我不明白。随机让人受到辐射有什么意义？
QuestLoc_TheRiteofSpraying_RaiderLine_2,幸好我们多带了消辐宁……
QuestLoc_TheRoadtoVaultopolis_Conversation_1_NPCStart_1,嘿！我是阿尔瓦雷斯监督者，让我猜猜……
QuestLoc_TheRoadtoVaultopolis_Conversation_1_NPCStart_2,你在找避难所之城，和保拉女士一样是吧。
QuestLoc_TheRoadtoVaultopolis_Conversation_1_NPCStart_3,我会把和她说的话完完全全一模一样地告诉你 - 你找错地方了！
QuestLoc_TheRoadtoVaultopolis_Conversation_1_NPCStart_4,避难所之城确实存在，搜查北边的避难所科技办公室！
QuestLoc_TheRoadtoVaultopolis_QuestLongDescription,在核电站，一个没有敌意的尸鬼告诉了我们保拉·普朗布金仍旧在寻找避难所之城，她去了813号避难所，我们要赶紧追过去！
QuestLoc_TheRoadtoVaultopolis_QuestName,通往避难所之城之路
QuestLoc_TheRoadtoVaultopolis_QuestObjective_1,在813号避难所搜查保拉·普朗布金。
QuestLoc_TheRoadtoVaultopolis_QuestShortDescription,在813号避难所搜查保拉·普朗布金。
QuestLoc_TheScenicRoute_Conversation_1_NPCEnd_1,我希望你这么说！
QuestLoc_TheScenicRoute_Conversation_1_NPCEnd_2,这里……安全？哦，真是谢谢了。
QuestLoc_TheScenicRoute_Conversation_1_NPCStart_1,我没有迷路！我只是，呃……在看风景！
QuestLoc_TheScenicRoute_Conversation_1_Team_1,你应该去我们的避难所，在那里你会安全得多。
QuestLoc_TheScenicRoute_Conversation_1_Team_2,楼上的尸鬼都死了，你现在安全了。
QuestLoc_TheScenicRoute_QuestLongDescription,一个目光锐利的废土探索者在远处发现了一间孤零零的房子。看上去里面似乎潜伏者什么人或是什么东西。
QuestLoc_TheScenicRoute_QuestName,风景线
QuestLoc_TheScenicRoute_QuestObjective_1,探索小屋。
QuestLoc_TheScenicRoute_QuestShortDescription,在那个房子里，有什么人或是东西潜伏着？只有一个办法能找出来……
QuestLoc_TheScenicRoute_QuestLongDescription_LA,一位目光敏锐的废土探险家发现远处有一个孤独的前哨站。看起来有什么人或什么东西潜伏在里面。
QuestLoc_TheScenicRoute_QuestObjective_1_LA,探索前哨站。
QuestLoc_TheScenicRoute_QuestShortDescription_LA,谁，或者什么，潜伏在那个前哨站里？只有一个办法能搞清楚……
QuestLoc_TheScorpionKing_Conversation_1_NPCEnd_1,听着，我会付钱给你的，给我走开！
QuestLoc_TheScorpionKing_Conversation_1_NPCEnd_2,我还没拿到呢，真是谢谢你了！带上这个然后快走！
QuestLoc_TheScorpionKing_Conversation_1_NPCEnd_3,你问什么意思？你给我滚！你走了之后我就会把钱给你！
QuestLoc_TheScorpionKing_Conversation_1_NPCEnd_4,你的商务顾问跟你一样讨厌！拿着这个，然后别来烦我了！
QuestLoc_TheScorpionKing_Conversation_1_NPCStart_1,你们好，人们都叫我辐射蝎伯爵！
QuestLoc_TheScorpionKing_Conversation_1_NPCStart_2,最起码他们这么叫，直到你把这里搞的一团糟！
QuestLoc_TheScorpionKing_Conversation_1_NPCStart_3,你知道那种毒药卖多少价格吗？
QuestLoc_TheScorpionKing_Conversation_1_NPCStart_4,而现在你让我这一切都泡汤了！
QuestLoc_TheScorpionKing_Conversation_1_Team_1,你就当是讽刺吧，伯爵。
QuestLoc_TheScorpionKing_Conversation_1_Team_2,你去别的地方卖你的毒吧，混蛋！
QuestLoc_TheScorpionKing_Conversation_1_Team_3,你已经被正义的铁钳夹住了！
QuestLoc_TheScorpionKing_Conversation_1_Team_4,你还是去干别的活吧，比方说种田什么的。
QuestLoc_TheScorpionKing_QuestLongDescription,到处都有人被蛰，而这个问题就来自伯爵的辐射蝎卖场，是时候让他失业了。
QuestLoc_TheScorpionKing_QuestName,蝎子……王？
QuestLoc_TheScorpionKing_QuestObjective_1,找到伯爵。
QuestLoc_TheScorpionKing_QuestObjective_2,杀死发光的辐射蝎。
QuestLoc_TheScorpionKing_QuestShortDescription,养殖辐射蝎可是非常危险的活儿。
QuestLoc_TheScorpionKing_RaiderLine_1,首先，你得先养小虫，现在还得对付居民们？真是讽刺的活儿！
QuestLoc_TheScorpionKing_RaiderLine_2,伯爵不会给我足够的钱让我睁一只眼闭一只眼的！
QuestLoc_TheSearchforJobinsonsJersey_QuestlineName,搜查乔宾逊的运动服！
QuestLoc_TheSecretofREDACTED_Conversation_1_NPCEnd_1,是啊，我可不这么认为。
QuestLoc_TheSecretofREDACTED_Conversation_1_NPCEnd_2,你试过去问共济会了吗？
QuestLoc_TheSecretofREDACTED_Conversation_1_NPCEnd_3,嘘，小声点……给，你会需要这个的。Ordo Templi Borealis！
QuestLoc_TheSecretofREDACTED_Conversation_1_NPCStart_1,嗨……我好像以前没见过你。
QuestLoc_TheSecretofREDACTED_Conversation_1_NPCStart_2,你需要帮助吗？迷路了吗？
QuestLoc_TheSecretofREDACTED_Conversation_1_NPCStart_3,如果你愿意，我们可以帮你找到回避难所的路。
QuestLoc_TheSecretofREDACTED_Conversation_1_Team_1,只是路过而已，23 skidoo！
QuestLoc_TheSecretofREDACTED_Conversation_1_Team_2,我们在找莫利。
QuestLoc_TheSecretofREDACTED_Conversation_1_Team_3,我们是因为[REDACTED]来的。
QuestLoc_TheSecretofREDACTED_Conversation_2_NPCEnd_1,啊，真可爱，你第一次尝试行贿！
QuestLoc_TheSecretofREDACTED_Conversation_2_NPCEnd_2,啊，你早该说嘛。不得不小心，你懂的？
QuestLoc_TheSecretofREDACTED_Conversation_2_NPCEnd_3,嘿，真巧，我们也是。 Discordia 万岁！
QuestLoc_TheSecretofREDACTED_Conversation_2_NPCStart_1,抱歉，我觉得你们不该来这里。
QuestLoc_TheSecretofREDACTED_Conversation_2_NPCStart_2,这里是禁区，只有[REDACTED]才能进入。
QuestLoc_TheSecretofREDACTED_Conversation_2_NPCStart_3,除非你们有钥匙，否则我们只能杀了你们。
QuestLoc_TheSecretofREDACTED_Conversation_2_Team_1,我们有的是瓶盖。
QuestLoc_TheSecretofREDACTED_Conversation_2_Team_2,我们搞到了这只玩具熊……
QuestLoc_TheSecretofREDACTED_Conversation_2_Team_3,我们有枪。
QuestLoc_TheSecretofREDACTED_Conversation_3_NPCEnd_1,好吧，这确实很好笑，但我们还是得杀了你。
QuestLoc_TheSecretofREDACTED_Conversation_3_NPCEnd_2,那……是我听过的最深刻的话。走吧，我得重新审视一切了。
QuestLoc_TheSecretofREDACTED_Conversation_3_NPCEnd_3,你就是这么想的？哼，走着瞧！
QuestLoc_TheSecretofREDACTED_Conversation_3_NPCStart_1,我不知道你是怎么走到这一步的，但你的旅程到此为止了。
QuestLoc_TheSecretofREDACTED_Conversation_3_NPCStart_2,你知道你卷进什么事里了吗？
QuestLoc_TheSecretofREDACTED_Conversation_3_NPCStart_3,当然不知道。你们就像待宰的牛一样。
QuestLoc_TheSecretofREDACTED_Conversation_3_NPCStart_4,临终遗言？
QuestLoc_TheSecretofREDACTED_Conversation_3_Team_1,[REDACTED]
QuestLoc_TheSecretofREDACTED_Conversation_3_Team_2,[REDACTED]
QuestLoc_TheSecretofREDACTED_Conversation_3_Team_3,[REDACTED]
QuestLoc_TheSecretofREDACTED_Conversation_4_NPCEnd_1,真的吗？！从来没人告诉我任何事！就这样，我要回[REDACTED]了！
QuestLoc_TheSecretofREDACTED_Conversation_4_NPCStart_1,嘘……居民们，这边！
QuestLoc_TheSecretofREDACTED_Conversation_4_NPCStart_2,是我，Moley！靠近点，这样我就能分享[REDACTED]的秘密了。
QuestLoc_TheSecretofREDACTED_Conversation_4_NPCStart_3,准备好了吗？我自己都几乎不敢相信……就是这个。
QuestLoc_TheSecretofREDACTED_Conversation_4_NPCStart_4,避难所科技公司对居民进行实验已经*多年*了！
QuestLoc_TheSecretofREDACTED_Conversation_4_Team_1,切，我们早就知道了……现在已经是常识了。
QuestLoc_TheSecretofREDACTED_QuestLongDescription,别说出去，我们的一名秘密特工（代号Moley）联系了我们，他说他揭露了一个影响深远的巨大阴谋。去322号避难所听听Moley的劲爆故事吧！
QuestLoc_TheSecretofREDACTED_QuestName,[REDACTED]的秘密
QuestLoc_TheSecretofREDACTED_QuestObjective_1,揭开阴谋。
QuestLoc_TheSecretofREDACTED_QuestObjective_2,质问避难所居民。
QuestLoc_TheSecretofREDACTED_QuestObjective_3,质问监督者。
QuestLoc_TheSecretofREDACTED_QuestShortDescription,揭开一个影响深远的阴谋。
QuestLoc_TheSecretofREDACTED_RaiderLine_1,弗诺德。
QuestLoc_TheSecretofREDACTED_RaiderLine_2,如果他们真的*想*害你，那不是妄想。
QuestLoc_TheSecretofREDACTED_RaiderLine_3,我现在来点维尔（Vril）也不错。我是说……克拉姆（Cram）。对，就那个。
QuestLoc_TheShadowWolf_Conversation_1_NPCStart_1,勇敢的植物学家，你把我从那些一路跟着我来的掠夺者手中救了出来，我欠你一辈子人情。
QuestLoc_TheShadowWolf_Conversation_1_NPCStart_2,人们叫我影狼，不过你可以叫我史蒂夫，我猜你应该知道鼹鼠人的事情？
QuestLoc_TheShadowWolf_Conversation_1_NPCStart_3,他就住在那个工厂里，训练着他的“宝贝”，那个疯子对待它们就像对待孩子一样，千万别以为他的脑袋是正常的。
QuestLoc_TheShadowWolf_QuestLongDescription,一些坏家伙一直在训练鼹鼠，然后派它们从人们的眼皮子底下偷土豆，我们需要去见见那个发现了踪迹的人。
QuestLoc_TheShadowWolf_QuestName,影狼
QuestLoc_TheShadowWolf_QuestObjective_1,跟上追踪者。
QuestLoc_TheShadowWolf_QuestShortDescription,去见见发现鼹鼠源头的追踪者。
QuestLoc_TheSixthSun_Conversation_1_NPCEnd_1,他现在是我们兄弟了，他不会跟你走的。
QuestLoc_TheSixthSun_Conversation_1_NPCEnd_2,就这样，我们都加入！
QuestLoc_TheSixthSun_Conversation_1_NPCEnd_3,到我这里来，掠夺者们！
QuestLoc_TheSixthSun_Conversation_1_NPCStart_1,避难所居民！这里没你们的事！
QuestLoc_TheSixthSun_Conversation_1_NPCStart_2,趁我们还没发怒，赶紧掉头离开！
QuestLoc_TheSixthSun_Conversation_1_NPCStart_3,已经警告过你们了！
QuestLoc_TheSixthSun_Conversation_1_Team_1,放了威尔兄弟，你们就不会有事。
QuestLoc_TheSixthSun_Conversation_1_Team_2,我倒要看看你的怒火，再给你加一份暴怒。
QuestLoc_TheSixthSun_Conversation_1_Team_3,给你个警告：让开，不然杀了你。
QuestLoc_TheSixthSun_Conversation_2_NPCEnd_1,那你最好和他谈谈，因为他不想回去。
QuestLoc_TheSixthSun_Conversation_2_NPCEnd_2,确认一下，你知道那只是个比喻，对吧？
QuestLoc_TheSixthSun_Conversation_2_NPCEnd_3,他让我们救他，因为教会的兄弟们正想杀他。
QuestLoc_TheSixthSun_Conversation_2_NPCStart_1,你们居民很勇敢，但那位兄弟受我们保护。
QuestLoc_TheSixthSun_Conversation_2_NPCStart_2,如果你想杀他，就得先过我们这关。
QuestLoc_TheSixthSun_Conversation_2_NPCStart_3,放马过来吧，居民们！
QuestLoc_TheSixthSun_Conversation_2_Team_1,什么？我们不是要杀他，而是要把他还给原子神教。
QuestLoc_TheSixthSun_Conversation_2_Team_2,如果必须过你们这关，那我们就过。
QuestLoc_TheSixthSun_Conversation_2_Team_3,你说“在你的保护下”是什么意思？
QuestLoc_TheSixthSun_Conversation_3_NPCEnd_1,为什么？他找到了吗？如果是这样，我们都完了！
QuestLoc_TheSixthSun_Conversation_3_NPCEnd_2,他确信太阳正在消亡，必须点燃一颗新的太阳来“拯救日光”。
QuestLoc_TheSixthSun_Conversation_3_NPCEnd_3,就在明天的死亡爪蛋狩猎仪式之后。
QuestLoc_TheSixthSun_Conversation_3_NPCStart_1,居民们，请听我说！我是威尔修士。
QuestLoc_TheSixthSun_Conversation_3_NPCStart_2,你们必须在E-Ster到达之前阻止忏悔者阿尔瓦拉多的计划。
QuestLoc_TheSixthSun_Conversation_3_NPCStart_3,那就是他计划引爆一颗2000万吨级炸弹的时刻，也就是所谓的“第六太阳”。
QuestLoc_TheSixthSun_Conversation_3_NPCStart_4,幸运的是，我在逃跑前藏起了炸弹的主电路板。
QuestLoc_TheSixthSun_Conversation_3_Team_1,你说电路板？哎呀……
QuestLoc_TheSixthSun_Conversation_3_Team_2,他为什么想要引爆这颗炸弹？
QuestLoc_TheSixthSun_Conversation_3_Team_3,这个E-Ster计划什么时候发生？
QuestLoc_TheSixthSun_QuestLongDescription,我们认为威尔兄弟——那位失踪的教会学徒——可能被附近扎营的一群掠夺者绑架了。我们将派出一支队伍去营救他，并在把他安全带回来后通知忏悔者阿尔瓦拉多。
QuestLoc_TheSixthSun_QuestName,第六太阳
QuestLoc_TheSixthSun_QuestObjective_1,从掠夺者手中救出威尔兄弟。
QuestLoc_TheSixthSun_QuestShortDescription,救出教会失踪的兄弟。
QuestLoc_TheSpiritofTaking_Conversation_1_NPCEnd_1,你是对的，我得去找别的礼物了，这个，你拿着。
QuestLoc_TheSpiritofTaking_Conversation_1_NPCEnd_2,真的吗？谢谢！我一直都梦想着能进避难所生活。
QuestLoc_TheSpiritofTaking_Conversation_1_NPCStart_1,我觉得一只宠物才是最好的礼物。
QuestLoc_TheSpiritofTaking_Conversation_1_NPCStart_2,但是很不巧，一些掠夺者突然冒出来，抢走了我的宠物笼。
QuestLoc_TheSpiritofTaking_Conversation_1_NPCStart_3,我想要靠自己抢回来，但是本事不够。
QuestLoc_TheSpiritofTaking_Conversation_1_NPCStart_4,如果你能找到的话，那就归你了，我只想离开这里！
QuestLoc_TheSpiritofTaking_Conversation_1_Team_1,你安全了，赶紧回家吧。
QuestLoc_TheSpiritofTaking_Conversation_1_Team_2,也许你应该去我们的避难所。
QuestLoc_TheSpiritofTaking_Conversation_2_NPCEnd_1,哦……好吧！带上这个！在我改变主意之前赶紧离开。
QuestLoc_TheSpiritofTaking_Conversation_2_NPCEnd_2,赶紧的！
QuestLoc_TheSpiritofTaking_Conversation_2_NPCStart_1,如果你想要这个小家伙，那么你就得准备好干上一架了！
QuestLoc_TheSpiritofTaking_Conversation_2_NPCStart_2,我是光明正大抢的，绝对不会让给你的！
QuestLoc_TheSpiritofTaking_Conversation_2_Team_1,那可不是普通的战利品，那是要送给我最好的朋友的！把它交出来！
QuestLoc_TheSpiritofTaking_Conversation_2_Team_2,如果这就是你想要的战斗，那么就动手吧！
QuestLoc_TheSpiritofTaking_QuestLongDescription,一些没心没肺的掠夺者抢劫了一个废土居民，并且想要把抢来的东西送给他的一个朋友，真是讽刺！
QuestLoc_TheSpiritofTaking_QuestName,掠夺之魂
QuestLoc_TheSpiritofTaking_QuestObjective_1,遭遇掠夺者。
QuestLoc_TheSpiritofTaking_QuestObjective_2,拯救废土居民。
QuestLoc_TheSpiritofTaking_QuestObjective_3,可选
QuestLoc_TheSpiritofTaking_QuestShortDescription,寻找抢东西的掠夺者团伙。
QuestLoc_TheSpiritofTaking_RaiderLine_1,哦，真是太棒了！你带来了更多战利品！
QuestLoc_TheSpiritofTaking_RaiderLine_2,你在找我们抢走的东西？要不换成枪子儿行不行！
QuestLoc_TheSpiritofTaking_RaiderLine_3,哦，瞧瞧这是谁来了！
QuestLoc_TheSpreadingBlight_Conversation_1_NPCEnd_1,你得去要求他们 - 我们需要种上新的庄稼！
QuestLoc_TheSpreadingBlight_Conversation_1_NPCStart_1,你们就是那群帮过其它居民的植物学家？！谢天谢地你们终于来了！
QuestLoc_TheSpreadingBlight_Conversation_1_NPCStart_2,我们已经有一个月没办法做薯条了！
QuestLoc_TheSpreadingBlight_Conversation_1_NPCStart_3,在那边的学院里有一支团队，他们认为这并不是疫病，并且提出了一个假设……
QuestLoc_TheSpreadingBlight_Conversation_1_Team_1,我们不是植物学家，但是我们想要帮忙 - 他们的假设是什么？？
QuestLoc_TheSpreadingBlight_QuestLongDescription,我们从一群农夫那里发现土豆消失并仅仅发生在一个地方 - 在废土许多农场都是这样！
QuestLoc_TheSpreadingBlight_QuestName,散播的荒芜
QuestLoc_TheSpreadingBlight_QuestObjective_1,获取更多关于土豆消失的情报。
QuestLoc_TheSpreadingBlight_QuestShortDescription,去见见其它农夫，他们也见证了土豆荒的问题。
QuestLoc_TheTailContinues_Conversation_1_NPCEnd_1,他们是一群顽强的家伙，我打赌萨利躲在314号避难所，那里已经废弃了，所以得小心！
QuestLoc_TheTailContinues_Conversation_1_NPCStart_1,谢谢你来救我们！我都以为自己马上就要被撕碎了。
QuestLoc_TheTailContinues_Conversation_1_NPCStart_2,这咬痕还这么不协调！
QuestLoc_TheTailContinues_Conversation_1_NPCStart_3,话说回来，你见到一个小女孩和一条狗了吗？
QuestLoc_TheTailContinues_Conversation_1_NPCStart_4,我们在遭到埋伏的时候被迫分开了。
QuestLoc_TheTailContinues_Conversation_1_Team_1,没有，你知道她们去哪儿了吗？
QuestLoc_TheTailContinues_QuestLongDescription,监督者艾玛说比格斯比顺道去了他们的避难所。之后，一支回收小组带着他一起去了原子玩具仓库执行任务，但再也没有回来。
QuestLoc_TheTailContinues_QuestName,追踪
QuestLoc_TheTailContinues_QuestObjective_1,寻找救援队。
QuestLoc_TheTailContinues_QuestShortDescription,在奥拓马托伊仓库寻找899号避难所的救援小队。
QuestLoc_TheThinlyVeiledPlotThickens_Conversation_1_NPCEnd_1,在他拜访了机器人工厂的居民们后，他来到了这里，更换了一下物资和宝贝。
QuestLoc_TheThinlyVeiledPlotThickens_Conversation_1_NPCEnd_2,我想要和机器人工厂的居民们聊几句，他们是第一批遭到攻击的，他们知道更多关于吹号员和编辑的事情。
QuestLoc_TheThinlyVeiledPlotThickens_Conversation_1_NPCStart_1,就在黎明到来之前……它们突然就出现了。
QuestLoc_TheThinlyVeiledPlotThickens_Conversation_1_NPCStart_2,大家都死了，所有人！这本该是不会发生的事情，我们可是有无与伦比的安全保障的！
QuestLoc_TheThinlyVeiledPlotThickens_Conversation_1_NPCStart_3,就是那个该死的号！你的名字一旦被提及，你就会遭到攻击。
QuestLoc_TheThinlyVeiledPlotThickens_Conversation_1_NPCStart_4,吹号员告诉我们这东西绝对不能落入掠夺者的手里。
QuestLoc_TheThinlyVeiledPlotThickens_Conversation_1_Team_1,吹号员？
QuestLoc_TheThinlyVeiledPlotThickens_Conversation_1_Team_2,你知道那个号放在哪里了吗？
QuestLoc_TheThinlyVeiledPlotThickens_QuestLongDescription,404号避难所已经被掠夺者摧毁了……但是120号避难所也许还有一些信息。
QuestLoc_TheThinlyVeiledPlotThickens_QuestName,欲盖弥彰
QuestLoc_TheThinlyVeiledPlotThickens_QuestObjective_1,与120号避难所监督者交谈。
QuestLoc_TheThinlyVeiledPlotThickens_QuestShortDescription,与120号避难所的监督者谈谈关于新号角的事情。
QuestLoc_TheThrilloftheHunt_QuestlineName,狩猎战栗
QuestLoc_TheToweringIlForno_Conversation_1_NPCEnd_1,来，我给你看看。
QuestLoc_TheToweringIlForno_Conversation_1_NPCEnd_2,你为了一个食谱连命都不要了？有点可悲啊。
QuestLoc_TheToweringIlForno_Conversation_1_NPCEnd_3,看起来他跟你有点过节……
QuestLoc_TheToweringIlForno_Conversation_1_NPCStart_1,你们在找什么东西？
QuestLoc_TheToweringIlForno_Conversation_1_NPCStart_2,服装？必死的结局？贵重的垃圾？
QuestLoc_TheToweringIlForno_Conversation_1_Team_1,第二个是什么来着？
QuestLoc_TheToweringIlForno_Conversation_1_Team_2,我们是来取回一份绝密烹饪文件的。
QuestLoc_TheToweringIlForno_Conversation_1_Team_3,我们又被厨师派来执行一次自杀任务了。
QuestLoc_TheToweringIlForno_Conversation_2_NPCEnd_1,食谱？我只有这个武器化意式肉酱的蓝图。
QuestLoc_TheToweringIlForno_Conversation_2_NPCEnd_2,嗯，我们可不想让他失望，对吧？
QuestLoc_TheToweringIlForno_Conversation_2_NPCEnd_3,真方便。
QuestLoc_TheToweringIlForno_Conversation_2_NPCStart_1,到此为止了，居民们。这是你们的最后一站。
QuestLoc_TheToweringIlForno_Conversation_2_NPCStart_2,是什么鬼使神差让你们来到这个地方？
QuestLoc_TheToweringIlForno_Conversation_2_NPCStart_3,你们肯定知道自己这是来送死的吧？
QuestLoc_TheToweringIlForno_Conversation_2_Team_1,我们来是为了食谱。交出来。
QuestLoc_TheToweringIlForno_Conversation_2_Team_2,我敢肯定咱们的厨师派我们来这儿是想害死我们。
QuestLoc_TheToweringIlForno_Conversation_2_Team_3,为了吃顿好的，死也值了。
QuestLoc_TheToweringIlForno_QuestLongDescription,那块死爪牛排至少可以说……有点塞牙。厨师对此感到过意不去，想做他最喜欢的暖心菜——千层面。不幸的是，掠夺者偷走了他的秘制酱料配方，我们得先去他们的高塔巢穴把它抢回来。
QuestLoc_TheToweringIlForno_QuestName,高塔熔炉
QuestLoc_TheToweringIlForno_QuestObjective_1,找到秘制配方。
QuestLoc_TheToweringIlForno_QuestShortDescription,获取厨师的秘密配方。
QuestLoc_TheToweringIlForno_RaiderLine_1,五楼：家居用品、女式内衣、辐射蝎……
QuestLoc_TheToweringIlForno_RaiderLine_2,这栋楼到底有多高？
QuestLoc_TheToweringIlForno_RaiderLine_3,那份千层面最好他妈的超棒！
QuestLoc_TheVaultTecVantage_Conversation_1_NPCStart_1,我们在避难所之城发现了避难所科技留下的信息！上面说道……
QuestLoc_TheVaultTecVantage_Conversation_1_NPCStart_2,有一种叫G.E.C.K.的东西 - 一个可以创造生命的设备！
QuestLoc_TheVaultTecVantage_Conversation_1_NPCStart_3,它能够创造一个避难所乌托邦，一个避难所之城！而525号避难所就有一个！
QuestLoc_TheVaultTecVantage_Conversation_1_NPCStart_4,但是525号避难所在哪儿？！保拉也在那儿吗？我们得继续找！
QuestLoc_TheVaultTecVantage_QuestLongDescription,813号避难所的监督者阿尔瓦雷斯把他告诉保拉·普朗布金的事情都告诉了我们 - 去避难所科技办公室搜查一下避难所之城的信息！
QuestLoc_TheVaultTecVantage_QuestName,避难所科技优势
QuestLoc_TheVaultTecVantage_QuestObjective_1,在避难所科技办公室搜索避难所之城的信息。
QuestLoc_TheVaultTecVantage_QuestShortDescription,避难所科技办公室也许会有关于避难所之城的信息……
QuestLoc_TheVaultTecVantage_RaiderLine_1,你们，过来这里，调查一下附近！离我们的草皮远点！
QuestLoc_TheWizardofWater_QuestlineName,水之巫师
QuestLoc_TheYolksonYou_Conversation_1_NPCEnd_1,很好，因为这里也没别的东西了。
QuestLoc_TheYolksonYou_Conversation_1_NPCEnd_2,是啊，那可能是个好主意。你也该离开了。
QuestLoc_TheYolksonYou_Conversation_1_NPCStart_1,你们在这干嘛？
QuestLoc_TheYolksonYou_Conversation_1_NPCStart_2,你不知道这地方到处都是辐射蝎吗？
QuestLoc_TheYolksonYou_Conversation_1_NPCStart_3,我想我是唯一还活着的了。
QuestLoc_TheYolksonYou_Conversation_1_NPCStart_4,嗯，我想。
QuestLoc_TheYolksonYou_Conversation_1_Team_1,我们来这儿只是为了收集辐射蝎蛋，不干别的。
QuestLoc_TheYolksonYou_Conversation_1_Team_2,我们的避难所离这儿不远。你应该去那儿。
QuestLoc_TheYolksonYou_Conversation_2_NPCEnd_1,他大概觉得你应付不了这个挑战。他猜对了！
QuestLoc_TheYolksonYou_Conversation_2_NPCEnd_2,这样吧：你杀掉那些小怪物，把它们切碎，剩下的我们来处理。
QuestLoc_TheYolksonYou_Conversation_2_NPCEnd_3,还要分你一份我们的蛋？没门，何塞！
QuestLoc_TheYolksonYou_Conversation_2_NPCStart_1,呼！我们还以为你们是辐射蝎呢。
QuestLoc_TheYolksonYou_Conversation_2_NPCStart_2,肯定是那味道……
QuestLoc_TheYolksonYou_Conversation_2_NPCStart_3,那些家伙既好斗又有放射性。简直……恶心。
QuestLoc_TheYolksonYou_Conversation_2_NPCStart_4,还好那个避难所大厨愿意加钱收这些蛋。
QuestLoc_TheYolksonYou_Conversation_2_Team_1,等等，我们的厨师也雇了你们？
QuestLoc_TheYolksonYou_Conversation_2_Team_2,抱歉，但我们是要拿那些蛋的。
QuestLoc_TheYolksonYou_Conversation_2_Team_3,嘿，要不我们联手？
QuestLoc_TheYolksonYou_QuestLongDescription,厨师对你那不可思议的逃脱死亡的能力始终惊叹不已，他想用一份辐射蝎蛋煎饼来庆祝。923号避难所最近被这些家伙占领了，所以那是个不错的起点。
QuestLoc_TheYolksonYou_QuestName,蛋黄归你
QuestLoc_TheYolksonYou_QuestObjective_1,杀死发光辐射蝎并收集它的蛋。
QuestLoc_TheYolksonYou_QuestObjective_2,营救任何幸存的居民。
QuestLoc_TheYolksonYou_QuestShortDescription,把辐射蝎蛋带回给厨师。
QuestLoc_TheYolksonYou_RaiderLine_1,你知道吗？我不太喜欢辐射蝎...
QuestLoc_TheYolksonYou_RaiderLine_2,我开始觉得我们的厨师想杀了我们...
QuestLoc_TheYolksonYou_RaiderLine_3,我们马上就能搞定！
QuestLoc_ThirdandGoal_Conversation_1_NPCEnd_1,哈！你知道是谁让我们有了胜利的机会吗？是我！
QuestLoc_ThirdandGoal_Conversation_1_NPCEnd_2,我的季后赛之旅才刚刚开始，我打算就这么打下去！
QuestLoc_ThirdandGoal_Conversation_1_NPCStart_1,什么？！你发现了我？简直无法相信！
QuestLoc_ThirdandGoal_Conversation_1_Team_1,怎么了，科米什？感觉有一点……丧气吗？
QuestLoc_ThirdandGoal_Conversation_1_Team_2,你的超级杯比赛已经结束了，科米什。
QuestLoc_ThirdandGoal_Conversation_2_NPCEnd_1,谢谢！
QuestLoc_ThirdandGoal_Conversation_2_NPCStart_1,帮帮我！这些掠夺者已经丧失理智了！
QuestLoc_ThirdandGoal_Conversation_2_NPCStart_2,他们痴迷于一种战前运动，叫什么敢……懒……球什么的！
QuestLoc_ThirdandGoal_Conversation_2_NPCStart_3,好吧，我是这么叫的……
QuestLoc_ThirdandGoal_Conversation_2_Team_1,这附近有一个避难所，你在那里会安全的。
QuestLoc_ThirdandGoal_QuestLongDescription,你追踪被绑架的居民来到了科米什的巢穴，是时候让这个荒唐的橄榄球超级杯结束了！
QuestLoc_ThirdandGoal_QuestName,三球入门
QuestLoc_ThirdandGoal_QuestObjective_1,救出人质。
QuestLoc_ThirdandGoal_QuestObjective_2,遭遇科米什。
QuestLoc_ThirdandGoal_QuestShortDescription,救援人质并且遭遇科米什。
QuestLoc_ThirdandGoal_RaiderLine_1,是时候来次大型进攻了！
QuestLoc_ThirdandGoal_RaiderLine_2,你还是回练习小队练练吧！
QuestLoc_ThisGoldenRing_Conversation_1_NPCEnd_1,什么？不，那是六罐装量子可乐！
QuestLoc_ThisGoldenRing_Conversation_1_NPCEnd_2,哦，那我们不管了。拿着，这是给你们的辛苦费。
QuestLoc_ThisGoldenRing_Conversation_1_NPCEnd_3,我们讨厌居民取笑我们的语法！去死吧！
QuestLoc_ThisGoldenRing_Conversation_1_NPCStart_1,*嘶嘶* 肮脏的居民，来偷我们东西。
QuestLoc_ThisGoldenRing_Conversation_1_NPCStart_2,他们想要我们的宝贝！
QuestLoc_ThisGoldenRing_Conversation_1_NPCStart_3,我们讨厌他们！我们杀了他们！
QuestLoc_ThisGoldenRing_Conversation_1_Team_1,你的“宝贝”该不会是某种金首饰吧？
QuestLoc_ThisGoldenRing_Conversation_1_Team_2,我不想要你的“宝贝”，不管是什么。我在找金子。
QuestLoc_ThisGoldenRing_Conversation_1_Team_3,你不杀我们，我们杀你！
QuestLoc_ThisGoldenRing_QuestLongDescription,爱意弥漫在空中，就像放射性尘埃——一旦进入体内就出不去了！我们现在只需要一枚戒指来提出那个大问题。也许我们能在附近一座废弃建筑里找到战前珠宝。
QuestLoc_ThisGoldenRing_QuestName,金戒指
QuestLoc_ThisGoldenRing_QuestObjective_1,找到任何黄金制成的物品。
QuestLoc_ThisGoldenRing_QuestShortDescription,取回战前珠宝来制作一枚戒指。
QuestLoc_ThisGoldenRing_RaiderLine_1,我们为爱所做的一切……
QuestLoc_ThisGoldenRing_RaiderLine_2,宝贝，我爱你就像氟爱氢。
QuestLoc_ThisGoldenRing_RaiderLine_3,真爱征服一切！
QuestLoc_ThrowMeSomePepper_Conversation_1_NPCEnd_1,那么就尝尝这个！
QuestLoc_ThrowMeSomePepper_Conversation_1_NPCEnd_2,那个混蛋穿着棒球运动衫？还没看到吗！赶紧打倒它。
QuestLoc_ThrowMeSomePepper_Conversation_1_NPCEnd_3,噢，这个……干得不错。
QuestLoc_ThrowMeSomePepper_Conversation_1_NPCEnd_4,哈哈！
QuestLoc_ThrowMeSomePepper_Conversation_1_NPCStart_1,什么？避难所居民？呃，我讨厌避难所居民！
QuestLoc_ThrowMeSomePepper_Conversation_1_NPCStart_2,你来这里是找死？是吗？！
QuestLoc_ThrowMeSomePepper_Conversation_1_Team_1,我们得杀死掠夺者并且吃点奶油，我们已经没有奶油了！
QuestLoc_ThrowMeSomePepper_Conversation_1_Team_2,我们在找一个叫教练的家伙，你见到他了吗？
QuestLoc_ThrowMeSomePepper_Conversation_1_Team_3,我们不是避难所居民！我们杀死了他们，并且偷走了他们的衣服！
QuestLoc_ThrowMeSomePepper_Conversation_1_Team_4,就是那样！我们已经遇上足够多的像你这样的混球了！！
QuestLoc_ThrowMeSomePepper_QuestLongDescription,一些掠夺者接管了一个旧式公寓大楼，也许这些混蛋知道会认识教练。千万不能伤着他们！
QuestLoc_ThrowMeSomePepper_QuestName,给我来点胡椒！
QuestLoc_ThrowMeSomePepper_QuestObjective_1,寻找拉基·乔宾逊的棒球运动衫。
QuestLoc_ThrowMeSomePepper_QuestShortDescription,那些掠夺者知道教练在哪儿吗？
QuestLoc_ThymeisMoney_Conversation_1_NPCEnd_1,我不是牛至！
QuestLoc_ThymeisMoney_Conversation_1_NPCEnd_2,你本可以小茴香的。
QuestLoc_ThymeisMoney_Conversation_1_NPCEnd_3,小心，我可不会跟藏红花傻瓜客气。
QuestLoc_ThymeisMoney_Conversation_1_NPCStart_1,盐！我是说……站住！
QuestLoc_ThymeisMoney_Conversation_1_NPCStart_2,罗勒、迷迭香，用月桂叶挡住他们。
QuestLoc_ThymeisMoney_Conversation_1_NPCStart_3,如果他们敢动，就给他们胡椒子弹。
QuestLoc_ThymeisMoney_Conversation_1_Team_1,你们说完了？
QuestLoc_ThymeisMoney_Conversation_1_Team_2,这么多双关，却只有一点点百里香。
QuestLoc_ThymeisMoney_Conversation_1_Team_3,你这么一个茴香女孩，在这种地方做什么？
QuestLoc_ThymeisMoney_Conversation_2_NPCEnd_1,放马过来！
QuestLoc_ThymeisMoney_Conversation_2_NPCEnd_2,哇，脑子炸了。
QuestLoc_ThymeisMoney_Conversation_2_NPCEnd_3,没有辣椒行不通，老爹！
QuestLoc_ThymeisMoney_Conversation_2_NPCStart_1,哎呀妈呀，是条子！
QuestLoc_ThymeisMoney_Conversation_2_NPCStart_2,你是来抢我们货的吗，条子？
QuestLoc_ThymeisMoney_Conversation_2_NPCStart_3,我们不会乖乖交出来的！
QuestLoc_ThymeisMoney_Conversation_2_Team_1,我完全听不懂你在说什么。
QuestLoc_ThymeisMoney_Conversation_2_Team_2,你知道这些只是调料吧？就是用来调味的？
QuestLoc_ThymeisMoney_Conversation_2_Team_3,你被捕了，小子！交出芥末！
QuestLoc_ThymeisMoney_QuestLongDescription,好吧，食材方面超市是白跑了。不过这次我们有了确凿线索，附近一栋楼里藏着一批香料！而且大厨确信掠夺者们会乖乖交出来……
QuestLoc_ThymeisMoney_QuestName,百里香就是金钱
QuestLoc_ThymeisMoney_QuestObjective_1,取回香料。
QuestLoc_ThymeisMoney_QuestObjective_2,杀死掠夺者Boss。
QuestLoc_ThymeisMoney_QuestShortDescription,从一群掠夺者手中偷些香料。
QuestLoc_ThymeisMoney_RaiderLine_1,保持冷静，咖喱走起。
QuestLoc_ThymeisMoney_RaiderLine_2,我薄荷这么做。
QuestLoc_ThymeisMoney_RaiderLine_3,一堆辣根！
QuestLoc_TimeforaGrandSlam_Conversation_1_NPCStart_1,还是没有运动衫！废土真是一个爱折腾人的地方！
QuestLoc_TimeforaGrandSlam_QuestLongDescription,我们的下一站是一间69式火箭工厂，这可是一个不错的地方。
QuestLoc_TimeforaGrandSlam_QuestName,是时候来个大满贯了？
QuestLoc_TimeforaGrandSlam_QuestObjective_1,寻找拉基·乔宾逊的棒球运动衫。
QuestLoc_TimeforaGrandSlam_QuestShortDescription,找到拉奇·乔宾森的棒球衫。
QuestLoc_TimetoWakeUp_Conversation_1_NPCEnd_1,嘿！注意团队合作！我可以分一些瓶盖。
QuestLoc_TimetoWakeUp_Conversation_1_NPCEnd_2,哦，就在那儿了！谢天谢地！
QuestLoc_TimetoWakeUp_Conversation_1_NPCStart_1,嘿！等等，你也是因为这个白痴闹钟来的对吗？
QuestLoc_TimetoWakeUp_Conversation_1_NPCStart_2,我就在这附近露营，那声音真是要了我的命！
QuestLoc_TimetoWakeUp_Conversation_1_NPCStart_3,就算是掠夺者，也是需要踏踏实实地睡上8个小时的！
QuestLoc_TimetoWakeUp_Conversation_1_Team_1,我们可以帮你弄坏它，然后我们就各走各的！
QuestLoc_TimetoWakeUp_Conversation_1_Team_2,肯定有停下的开关，你有检查过背面吗？
QuestLoc_TimetoWakeUp_QuestLongDescription,有人在离避难所不远的一栋大楼里将醒觉大师的原型闹钟弄坏了，而现在这个闹钟一直不停地在闹腾！
QuestLoc_TimetoWakeUp_QuestName,快醒醒！
QuestLoc_TimetoWakeUp_QuestObjective_1,将闹钟关掉。
QuestLoc_TimetoWakeUp_QuestShortDescription,把那个史上最闹腾的闹钟关掉。
QuestLoc_TimetoWakeUp_RaiderLine_1,啊！！！我的耳朵！我受不了了，那个闹钟必须死！
QuestLoc_TimetoWakeUp_RaiderLine_2,我承认，我说能在避难所外面睡得安稳是吹牛的！
QuestLoc_TimetoWakeUp_RaiderLine_3,越来越近了，我的耳朵都快受不了了。
QuestLoc_ToGrandmothersHouseWeGo_Conversation_1_NPCEnd_1,你已经达到目的了！而现在，轮到我们继续办事了。
QuestLoc_ToGrandmothersHouseWeGo_Conversation_1_NPCEnd_2,拿着，希望里面有什么有用的！
QuestLoc_ToGrandmothersHouseWeGo_Conversation_1_NPCStart_1,我们正打算去奶奶那里，但是我们貌似有点迷路了。
QuestLoc_ToGrandmothersHouseWeGo_Conversation_1_NPCStart_2,更糟糕了，这个南瓜派的味道吸引了许多废土的怪物！
QuestLoc_ToGrandmothersHouseWeGo_Conversation_1_NPCStart_3,请把瓶盖收下，这是我们能做的一切了。
QuestLoc_ToGrandmothersHouseWeGo_Conversation_1_NPCStart_4,或者说，你还是更加喜欢这个避难所科技饭盒？
QuestLoc_ToGrandmothersHouseWeGo_Conversation_1_Team_1,瓶盖好点，谢谢。
QuestLoc_ToGrandmothersHouseWeGo_Conversation_1_Team_2,午餐盒听上去不错啊！谢谢你了。
QuestLoc_ToGrandmothersHouseWeGo_QuestLongDescription,一位住在避难所附近的老婆婆正在等待一些前来度假的人，但是他们并没有如期而至，老婆婆越来越担心了！
QuestLoc_ToGrandmothersHouseWeGo_QuestName,老奶奶的家
QuestLoc_ToGrandmothersHouseWeGo_QuestObjective_1,拯救迷路的废土居民。
QuestLoc_ToGrandmothersHouseWeGo_QuestShortDescription,援救一些在度假途中迷路的废土居民！
QuestLoc_Tonics_QuestLongDescription,菲力镇的居民急需药品。有传言说附近游荡着一个流动的化学贩子。你应该不难找到他。
QuestLoc_Tonics_QuestShortDescription,找到蛇油贩子。
QuestLoc_Tonics_QuestName,迷上补药
QuestLoc_Tonics_QuestObjective,找到蛇油贩子。
QuestLoc_Tonics_Conversation01_NPC01,快来瞧，快来看，我这儿有治你病的药。
QuestLoc_Tonics_Conversation01_NPC02,咳嗽？发烧？下巴长手指？我都能治。
QuestLoc_Tonics_Conversation01_NPC03,嘿，陌生人！今天我能帮你什么忙吗？！
QuestLoc_Tonics_Answer01_PC01,我们那边垃圾镇里有伤员，需要大量药品。
QuestLoc_Tonics_Answer01_PC02,菲利遭到了掠夺者袭击！很多人受伤了！
QuestLoc_Tonics_Answer01_NPC01,喔！幸好你找到了我！我最好跟你去看看你需要什么。你有瓶盖，对吧？
QuestLoc_Tonics_Answer01_NPC02,哦不！我们还愣着干什么？拿上我的东西，我们走！
QuestLoc_TooGoodtobeTrue_Conversation_1_NPCStart_1,我们成功了！把所有能拿的都拿走吧。
QuestLoc_TooGoodtobeTrue_QuestLongDescription,那个废弃的避难所里有物资？不过现在那里是死亡爪的领土了。他是怎么进到里面的，根本没有人知道，但是你如果不先见他一面的话，是肯定进不去的。是时候用些大家伙了！
QuestLoc_TooGoodtobeTrue_QuestName,好得难以置信
QuestLoc_TooGoodtobeTrue_QuestObjective_1,夺取废弃避难所中的隐藏物资。
QuestLoc_TooGoodtobeTrue_QuestShortDescription,夺取一堆物资……如果你可以通过死亡爪的阻挠的话！
QuestLoc_ToySoldiers_Conversation_1_NPCEnd_1,幸存者们都逃到波塞冬能源公司去了，看来你不会那么幸运了！
QuestLoc_ToySoldiers_Conversation_1_NPCStart_1,听着！更多白痴士兵急着去送死！
QuestLoc_ToySoldiers_Conversation_1_Team_1,你是说那些蛮子？他们去哪儿了？
QuestLoc_ToySoldiers_QuestLongDescription,一个居民告诉我，马克森的蛮子去了威尔逊的工厂，我下一站就要去那里。
QuestLoc_ToySoldiers_QuestName,玩具士兵
QuestLoc_ToySoldiers_QuestObjective_1,探索威尔逊的玩具工厂。
QuestLoc_ToySoldiers_QuestShortDescription,寻找在威尔逊的玩具工厂寻找马克森的蛮子。
QuestLoc_TruthAmongtheAshes_Conversation_1_NPCStart_1,啊哈！这是帕特尔监督者的日记！嗯，这条路……
QuestLoc_TruthAmongtheAshes_Conversation_1_NPCStart_2,“有一个有趣的拜访者 - 保拉·普朗布金。真是一个奇怪的名字，不过人很好。
QuestLoc_TruthAmongtheAshes_Conversation_1_NPCStart_3,她是要去找909号避难所，不过我告诉她那里已经被灾难所吞没了。
QuestLoc_TruthAmongtheAshes_Conversation_1_NPCStart_4,她根本不在乎这个，似乎在她身上有着某种极大的使命。”
QuestLoc_TruthAmongtheAshes_QuestLongDescription,333号避难所已经被洗劫一空了，但是那里也许会有关于保拉·普朗布金下落的线索！
QuestLoc_TruthAmongtheAshes_QuestName,灰烬中的真相
QuestLoc_TruthAmongtheAshes_QuestObjective_1,在333号避难所寻找线索。
QuestLoc_TruthAmongtheAshes_QuestShortDescription,在333号避难所搜寻关于保拉·普朗布金下落的线索。
QuestLoc_UndercoverOperations_Conversation_1_NPCEnd_1,不，我是说有巫毒魔法的军队……当然是说尸鬼！快走！
QuestLoc_UndercoverOperations_Conversation_1_NPCEnd_2,下次狂尸鬼贴我脸上时，我一定会听它在说什么。现在快走！
QuestLoc_UndercoverOperations_Conversation_1_NPCEnd_3,不，就是狂尸鬼都穿的那种破布。嗯，为什么都穿一样？算了，快走！
QuestLoc_UndercoverOperations_Conversation_1_NPCEnd_4,你觉得狂尸鬼可能被感染了？我们会叫医疗兵来。现在快走！
QuestLoc_UndercoverOperations_Conversation_1_NPCStart_1,终于来了！士兵们，你们来得正是时候。
QuestLoc_UndercoverOperations_Conversation_1_NPCStart_2,我们在这里守住防线，确保那些僵尸一个都跑不出去。
QuestLoc_UndercoverOperations_Conversation_1_NPCStart_3,但我们需要你下去，斩首这次进攻。
QuestLoc_UndercoverOperations_Conversation_1_NPCStart_4,找找带领队伍的那群家伙。
QuestLoc_UndercoverOperations_Conversation_1_Team_1,僵尸？你是指食尸鬼？
QuestLoc_UndercoverOperations_Conversation_1_Team_2,他们自称害虫吗？
QuestLoc_UndercoverOperations_Conversation_1_Team_3,他们穿着废土装备吗？
QuestLoc_UndercoverOperations_Conversation_1_Team_4,他们提到瘟疫了吗？
QuestLoc_UndercoverOperations_Conversation_2_NPCEnd_1,那些骗子远没有我们饥饿。但我们饿。让我们的饥饿吞噬你！
QuestLoc_UndercoverOperations_Conversation_2_NPCEnd_2,对你来说是最伟大的骑士。现在让我们的饥饿吞噬你！
QuestLoc_UndercoverOperations_Conversation_2_NPCEnd_3,鲜肉。鲜肉。说得很顺口。谢谢。现在让我们的饥饿吞噬你！
QuestLoc_UndercoverOperations_Conversation_2_NPCEnd_4,别耍小聪明。没人喜欢耍小聪明的人。现在，让我们的饥饿吞噬你吧！
QuestLoc_UndercoverOperations_Conversation_2_NPCStart_1,饥饿，饥饿，它活生生地吞噬我们！
QuestLoc_UndercoverOperations_Conversation_2_NPCStart_2,我们是饥饿之潮，饥荒的追随者。
QuestLoc_UndercoverOperations_Conversation_2_NPCStart_3,所有新鲜的肉……我是说鲜肉……都将被吞噬！
QuestLoc_UndercoverOperations_Conversation_2_NPCStart_4,抱歉，我们实在是太饿了。很难集中注意力。
QuestLoc_UndercoverOperations_Conversation_2_Team_1,饥饿之潮？这么说你们不是害虫？
QuestLoc_UndercoverOperations_Conversation_2_Team_2,饥荒？就像天启四骑士那样？
QuestLoc_UndercoverOperations_Conversation_2_Team_3,你应该用“肉”而不是“血肉”。
QuestLoc_UndercoverOperations_Conversation_2_Team_4,你非常饥饿，又追随饥荒。你觉得这之间有联系吗？
QuestLoc_UndercoverOperations_QuestLongDescription,一个地下军事基地正遭受攻击，正在召回所有废土巡逻队。难道又是害虫干的？我们必须阻止他们！但我们需要军用迷彩服才能伪装成巡逻队之一进入基地……
QuestLoc_UndercoverOperations_QuestName,秘密行动
QuestLoc_UndercoverOperations_QuestObjective_1,阻止对军事基地的攻击。
QuestLoc_UndercoverOperations_QuestObjective_2,与士兵交谈。
QuestLoc_UndercoverOperations_QuestObjective_3,与攻击者交谈。
QuestLoc_UndercoverOperations_QuestShortDescription,潜入军事基地，阻止害虫攻击！
QuestLoc_UninvitedGuests_Conversation_1_NPCEnd_1,我们称之为晚餐，猜猜谁被加到菜单里了！
QuestLoc_UninvitedGuests_Conversation_1_NPCEnd_2,我想我们可以把“居民”加到菜单里！
QuestLoc_UninvitedGuests_Conversation_1_NPCStart_1,这是私人宴会！
QuestLoc_UninvitedGuests_Conversation_1_NPCStart_2,你没有受到邀请！
QuestLoc_UninvitedGuests_Conversation_1_Team_1,这里发生了什么？
QuestLoc_UninvitedGuests_Conversation_1_Team_2,我绝对被邀请了……
QuestLoc_UninvitedGuests_QuestLongDescription,你在废土发现了一件小屋，是时候去调查一下了！
QuestLoc_UninvitedGuests_QuestName,不速之客
QuestLoc_UninvitedGuests_QuestObjective_1,探索小屋。
QuestLoc_UninvitedGuests_QuestShortDescription,你在废土中发现了一间旧屋子。
QuestLoc_Vault199_Conversation_1_NPCEnd_1,这里没有狗，去试试我们的兄弟避难所：899号。他们那边更加新潮一些，不过首先，请你手下这枚感谢令牌。
QuestLoc_Vault199_Conversation_1_NPCStart_1,你来这里真是巧了！我们上一分钟还在希望……感染别传过来。
QuestLoc_Vault199_Conversation_1_NPCStart_2,有人说199来避难所的时候真的是相当的不值得待见，但是我们还是非常喜欢她。
QuestLoc_Vault199_Conversation_1_NPCStart_3,在你没有地方可以去的时候，事情就很简单了！
QuestLoc_Vault199_Conversation_1_Team_1,这里有一条叫大斯派的狗路过过吗？
QuestLoc_Vault199_QuestLongDescription,掠夺者们说大斯派也许逃到了199号避难所。我应该去那附近问问看，希望那里的居民有见到他。
QuestLoc_Vault199_QuestName,199号避难所
QuestLoc_Vault199_QuestObjective_1,找到大斯派。
QuestLoc_Vault199_QuestShortDescription,在199号避难所寻找大斯派。
QuestLoc_Vault789_Conversation_1_NPCEnd_1,我记得那些事情！我们从爆炸中活了下来，但是辐射还是影响到了我们，在你这个年纪的时候，谁会在乎皱纹呢，对吗？
QuestLoc_Vault789_Conversation_1_NPCStart_1,感谢你帮助我们！那些掠夺者真是要命，你是怎么找到我们的？
QuestLoc_Vault789_Conversation_1_Team_1,我在外出走动的时候发现了一个旧广告。
QuestLoc_Vault789_QuestLongDescription,在外出探索的时候，你们当中有一个居民发现了一个旧广告，是关于789号避难所的，是时候去调查一下了！
QuestLoc_Vault789_QuestName,789号避难所
QuestLoc_Vault789_QuestObjective_1,探索789号避难所。
QuestLoc_Vault789_QuestShortDescription,是时候去调查一下789号避难所了！
QuestLoc_VaultopolisAwaits_Conversation_1_NPCStart_1,伙计，欢迎来到避难所之城。
QuestLoc_VaultopolisAwaits_Conversation_1_NPCStart_2,许多人都在寻找我们的避难所，但是很少真正有人能够找到，所以我们是真正的……乌托邦。
QuestLoc_VaultopolisAwaits_Conversation_1_NPCStart_3,你是从别的避难所来的吗？不是？也许你的经历与我们一样奇特。
QuestLoc_VaultopolisAwaits_Conversation_1_NPCStart_4,这里的大门随时为你打开，带上这些礼物吧，它包含着我们的友谊。
QuestLoc_VaultopolisAwaits_QuestLongDescription,保拉·普朗布金原来是一个崇拜掠夺者的坏人，但是最起码她留下了525号避难所的位置，也就是避难所之城！
QuestLoc_VaultopolisAwaits_QuestName,避难所之城等待着你！
QuestLoc_VaultopolisAwaits_QuestObjective_1,体验避难所之城。
QuestLoc_VaultopolisAwaits_QuestShortDescription,避难所之城就在阴影山谷 - 是时候去完成我们的使命了！
QuestLoc_VaultTecExperimentReview_QuestLongDescription,避难所科技想要让你去调查一下……在其它避难所里研究的实验。
QuestLoc_VaultTecExperimentReview_QuestName,避难所科技实验调查
QuestLoc_VaultTecExperimentReview_QuestObjective,与避难所的居民们交谈。
QuestLoc_VaultTecExperimentReview_QuestShortDescription,调查位于其它避难所的实验。
QuestLoc_VaultTecExperimentReviewA_Conversation_1_NPCEnd_1,不，我是一个幽灵！呜~~~~！
QuestLoc_VaultTecExperimentReviewA_Conversation_1_NPCEnd_2,哇哈哈哈！拿着这个赶紧跑！小居民们！
QuestLoc_VaultTecExperimentReviewA_Conversation_1_NPCEnd_3,哈！你伤害不到我们！等等……啊！
QuestLoc_VaultTecExperimentReviewA_Conversation_1_NPCStart_1,太迟了，居民们！
QuestLoc_VaultTecExperimentReviewA_Conversation_1_NPCStart_2,这个避难所已经到处都是幽灵了！
QuestLoc_VaultTecExperimentReviewA_Conversation_1_NPCStart_3,呜~~~！呜~~~~~~~~~~~！
QuestLoc_VaultTecExperimentReviewA_Conversation_1_Team_1,你又不是死的，只是披了一床被单而已。
QuestLoc_VaultTecExperimentReviewA_Conversation_1_Team_2,哦不，一个幽灵！啊！！！！我们好害怕！该怎么做？
QuestLoc_VaultTecExperimentReviewA_Conversation_1_Team_3,让我们瞧瞧幽灵还会不会再死一次吧，攻击！
QuestLoc_VaultTecExperimentReviewA_Conversation_2_NPCEnd_1,太可怕了！这个给你，就当是奖励吧。
QuestLoc_VaultTecExperimentReviewA_Conversation_2_NPCEnd_2,确实很可怕，但是还不够！去死吧！
QuestLoc_VaultTecExperimentReviewA_Conversation_2_NPCEnd_3,哈！现在倒是可怕了，不过是对你来说！
QuestLoc_VaultTecExperimentReviewA_Conversation_2_NPCStart_1,恐惧是现在这个避难所里唯一留下的东西了！
QuestLoc_VaultTecExperimentReviewA_Conversation_2_NPCStart_2,告诉我们一些可怕的事情，或是别的什么！
QuestLoc_VaultTecExperimentReviewA_Conversation_2_Team_1,六个字：无！数！的！死！亡！爪！
QuestLoc_VaultTecExperimentReviewA_Conversation_2_Team_2,你们会带着遗憾死去？
QuestLoc_VaultTecExperimentReviewA_Conversation_2_Team_3,别想这个了，我们马上就要杀了你了。
QuestLoc_VaultTecExperimentReviewA_Conversation_3_NPCEnd_1,哈哈！你在这里。
QuestLoc_VaultTecExperimentReviewA_Conversation_3_NPCEnd_2,给你，这是我们的服装。
QuestLoc_VaultTecExperimentReviewA_Conversation_3_NPCEnd_3,只要有钱，什么都吓不到我们。
QuestLoc_VaultTecExperimentReviewA_Conversation_3_NPCEnd_4,给你，希望你能用它做些什么可怕的事情。
QuestLoc_VaultTecExperimentReviewA_Conversation_3_NPCStart_1,我是这里的监督者，看到我们避难所的可怕了吗！
QuestLoc_VaultTecExperimentReviewA_Conversation_3_NPCStart_2,我们是做恐惧生意的，在这里，恐惧可比瓶盖值钱多了。
QuestLoc_VaultTecExperimentReviewA_Conversation_3_NPCStart_3,我们也明白，其它的避难所没什么类似能交易的东西。
QuestLoc_VaultTecExperimentReviewA_Conversation_3_NPCStart_4,我们有什么能给你的东西吗？
QuestLoc_VaultTecExperimentReviewA_Conversation_3_Team_1,没有比压倒性的火力更加可怕的了。
QuestLoc_VaultTecExperimentReviewA_Conversation_3_Team_2,我们需要一些可怕的衣服。
QuestLoc_VaultTecExperimentReviewA_Conversation_3_Team_3,你说你们不需要瓶盖？那么我们就全拿走吧！
QuestLoc_VaultTecExperimentReviewA_Conversation_3_Team_4,有什么可怕的材料吗？
QuestLoc_VaultTecExperimentReviewB_Conversation_1_NPCEnd_1,机密机密再机密！我是不会说的！
QuestLoc_VaultTecExperimentReviewB_Conversation_1_NPCEnd_2,没错！现在，带上这个公文包，这场会议不可能会……
QuestLoc_VaultTecExperimentReviewB_Conversation_1_NPCEnd_3,流氓特工！代号：红！
QuestLoc_VaultTecExperimentReviewB_Conversation_1_NPCStart_1,我们被发现了！
QuestLoc_VaultTecExperimentReviewB_Conversation_1_NPCStart_2,你绝对不能知道我们的秘密。
QuestLoc_VaultTecExperimentReviewB_Conversation_1_NPCStart_3,我们十分十分重要的宝贝。
QuestLoc_VaultTecExperimentReviewB_Conversation_1_Team_1,秘密？什么秘密？
QuestLoc_VaultTecExperimentReviewB_Conversation_1_Team_2,别担心。我们会保守你的秘密。我们从未到过这里。
QuestLoc_VaultTecExperimentReviewB_Conversation_1_Team_3,我们会用暴力手段逼你们说出来的！
QuestLoc_VaultTecExperimentReviewB_Conversation_2_NPCEnd_1,很好，你们现在是双面间谍了！
QuestLoc_VaultTecExperimentReviewB_Conversation_2_NPCEnd_2,你说我们是白痴？！把他们抓起来！
QuestLoc_VaultTecExperimentReviewB_Conversation_2_NPCEnd_3,接头了！把人都杀掉！
QuestLoc_VaultTecExperimentReviewB_Conversation_2_NPCStart_1,间谍工作是我们唯一知道的，也是唯一活着的理由。
QuestLoc_VaultTecExperimentReviewB_Conversation_2_NPCStart_2,把你们避难所的情报告诉我们，也可以是别的情报！
QuestLoc_VaultTecExperimentReviewB_Conversation_2_Team_1,当然，我们会把一切都告诉你的！
QuestLoc_VaultTecExperimentReviewB_Conversation_2_Team_2,现在有一些情报，在地下。
QuestLoc_VaultTecExperimentReviewB_Conversation_2_Team_3,没有间谍可以进到我们的避难所里，攻击！
QuestLoc_VaultTecExperimentReviewB_Conversation_3_NPCEnd_1,我有的只有这个，你可以随意。
QuestLoc_VaultTecExperimentReviewB_Conversation_3_NPCEnd_2,这是我们的制服，你拿一件吧。
QuestLoc_VaultTecExperimentReviewB_Conversation_3_NPCEnd_3,好吧，你想要什么就拿吧。
QuestLoc_VaultTecExperimentReviewB_Conversation_3_NPCEnd_4,我喜欢，给你。
QuestLoc_VaultTecExperimentReviewB_Conversation_3_NPCStart_1,你好，居民伙计。
QuestLoc_VaultTecExperimentReviewB_Conversation_3_NPCStart_2,我是这个避难所里的监督者兼间谍大师。
QuestLoc_VaultTecExperimentReviewB_Conversation_3_NPCStart_3,我们的生意就是秘密！不过也很乐意给你一些货物。
QuestLoc_VaultTecExperimentReviewB_Conversation_3_NPCStart_4,我们有什么能给你的东西吗？
QuestLoc_VaultTecExperimentReviewB_Conversation_3_Team_1,那么，你们这里也肯定有秘密武器吧？
QuestLoc_VaultTecExperimentReviewB_Conversation_3_Team_2,来些酷炫的间谍服怎么样？
QuestLoc_VaultTecExperimentReviewB_Conversation_3_Team_3,别管秘密了，我们只想要瓶盖。
QuestLoc_VaultTecExperimentReviewB_Conversation_3_Team_4,我们需要一些垃圾来制造秘密。
QuestLoc_VaultTecExperimentReviewC_Conversation_1_NPCEnd_1,真是奇怪的口吻！走开。
QuestLoc_VaultTecExperimentReviewC_Conversation_1_NPCEnd_2,这是我们上一个任务的奖励。
QuestLoc_VaultTecExperimentReviewC_Conversation_1_NPCEnd_3,请随意！
QuestLoc_VaultTecExperimentReviewC_Conversation_1_NPCStart_1,啧！一些大老远跑来的冒险家！
QuestLoc_VaultTecExperimentReviewC_Conversation_1_NPCStart_2,你们是来我们这里做生意的吗？
QuestLoc_VaultTecExperimentReviewC_Conversation_1_NPCStart_3,还是说，想来一场男人间的战斗？
QuestLoc_VaultTecExperimentReviewC_Conversation_1_Team_1,你们真是滑稽。
QuestLoc_VaultTecExperimentReviewC_Conversation_1_Team_2,哦豁！我们来这里是和你们做生意的，晚上好！
QuestLoc_VaultTecExperimentReviewC_Conversation_1_Team_3,亮兵器吧……额……我是说枪！攻击！
QuestLoc_VaultTecExperimentReviewC_Conversation_2_NPCEnd_1,我们授予你们：领域骑士的称号！
QuestLoc_VaultTecExperimentReviewC_Conversation_2_NPCEnd_2,一派胡言！走开！
QuestLoc_VaultTecExperimentReviewC_Conversation_2_NPCEnd_3,上武器！
QuestLoc_VaultTecExperimentReviewC_Conversation_2_NPCStart_1,这里信奉骑士精神。
QuestLoc_VaultTecExperimentReviewC_Conversation_2_NPCStart_2,忠诚、勇敢还有好客是我们这里的法则。
QuestLoc_VaultTecExperimentReviewC_Conversation_2_NPCStart_3,你能发誓在城堡里愿意坚守这些品格吗？
QuestLoc_VaultTecExperimentReviewC_Conversation_2_Team_1,这是我么的荣幸，我们发誓！
QuestLoc_VaultTecExperimentReviewC_Conversation_2_Team_2,快讯：你没有在城堡里，而是在一个避难所里！
QuestLoc_VaultTecExperimentReviewC_Conversation_2_Team_3,我们看到你们的骑士精神了！把他们抓起来！
QuestLoc_VaultTecExperimentReviewC_Conversation_3_NPCEnd_1,你可以拿走了。
QuestLoc_VaultTecExperimentReviewC_Conversation_3_NPCEnd_2,希望这件护甲可以让你不受伤害。
QuestLoc_VaultTecExperimentReviewC_Conversation_3_NPCEnd_3,我们的宝藏是你的了。
QuestLoc_VaultTecExperimentReviewC_Conversation_3_NPCEnd_4,我们的铁匠没准会有些好东西，这边。
QuestLoc_VaultTecExperimentReviewC_Conversation_3_NPCStart_1,在国王面前，允许你鞠躬！
QuestLoc_VaultTecExperimentReviewC_Conversation_3_NPCStart_2,我的国度是非常高贵且慷慨的。
QuestLoc_VaultTecExperimentReviewC_Conversation_3_NPCStart_3,允许你说出你想要的，我们可以给你！
QuestLoc_VaultTecExperimentReviewC_Conversation_3_Team_1,我们需要武器来保护我们的国家！
QuestLoc_VaultTecExperimentReviewC_Conversation_3_Team_2,我们需要一些骑士服装，可以吗？
QuestLoc_VaultTecExperimentReviewC_Conversation_3_Team_3,有瓶盖吗？国王陛下？
QuestLoc_VaultTecExperimentReviewC_Conversation_3_Team_4,有垃圾吗？
QuestLoc_VaultTecExperimentReviewD_Conversation_1_NPCEnd_1,盖瑞！盖瑞！
QuestLoc_VaultTecExperimentReviewD_Conversation_1_NPCEnd_2,盖瑞！
QuestLoc_VaultTecExperimentReviewD_Conversation_1_NPCEnd_3,盖瑞！
QuestLoc_VaultTecExperimentReviewD_Conversation_1_NPCStart_1,盖瑞？盖瑞！
QuestLoc_VaultTecExperimentReviewD_Conversation_1_Team_1,你什么情况？
QuestLoc_VaultTecExperimentReviewD_Conversation_1_Team_2,呃……盖瑞？盖瑞，盖里？
QuestLoc_VaultTecExperimentReviewD_Conversation_1_Team_3,没人能叫我们盖瑞！攻击！
QuestLoc_VaultTecExperimentReviewD_Conversation_2_NPCEnd_1,盖瑞！
QuestLoc_VaultTecExperimentReviewD_Conversation_2_NPCEnd_2,盖瑞！
QuestLoc_VaultTecExperimentReviewD_Conversation_2_NPCEnd_3,盖瑞！
QuestLoc_VaultTecExperimentReviewD_Conversation_2_NPCStart_1,盖瑞！盖瑞盖瑞盖瑞！
QuestLoc_VaultTecExperimentReviewD_Conversation_2_Team_1,我们知道该怎么回答，就是……盖瑞。
QuestLoc_VaultTecExperimentReviewD_Conversation_2_Team_2,能说点别的吗！
QuestLoc_VaultTecExperimentReviewD_Conversation_2_Team_3,行了行了，你们死定了。
QuestLoc_VaultTecExperimentReviewD_Conversation_3_NPCEnd_1,盖瑞！
QuestLoc_VaultTecExperimentReviewD_Conversation_3_NPCEnd_2,盖瑞！
QuestLoc_VaultTecExperimentReviewD_Conversation_3_NPCEnd_3,盖瑞！
QuestLoc_VaultTecExperimentReviewD_Conversation_3_NPCEnd_4,盖瑞！
QuestLoc_VaultTecExperimentReviewD_Conversation_3_NPCStart_1,盖瑞！盖瑞盖瑞！
QuestLoc_VaultTecExperimentReviewD_Conversation_3_NPCStart_2,（他指向了一堆东西，是礼物吗？）
QuestLoc_VaultTecExperimentReviewD_Conversation_3_Team_1,呃……我们会把武器拿走。
QuestLoc_VaultTecExperimentReviewD_Conversation_3_Team_2,那些服装看上去很不错。
QuestLoc_VaultTecExperimentReviewD_Conversation_3_Team_3,我们想要的就只有那堆瓶盖。
QuestLoc_VaultTecExperimentReviewD_Conversation_3_Team_4,那些垃圾看上去挺有用的。
QuestLoc_VaultTecExperimentReviewE_Conversation_1_NPCEnd_1,抱歉，你输了，希望下次运气能好点！
QuestLoc_VaultTecExperimentReviewE_Conversation_1_NPCEnd_2,你赢了！
QuestLoc_VaultTecExperimentReviewE_Conversation_1_NPCEnd_3,赌局结束了！
QuestLoc_VaultTecExperimentReviewE_Conversation_1_NPCStart_1,放好筹码！买定离手！
QuestLoc_VaultTecExperimentReviewE_Conversation_1_NPCStart_2,红还是黑？
QuestLoc_VaultTecExperimentReviewE_Conversation_1_Team_1,红？
QuestLoc_VaultTecExperimentReviewE_Conversation_1_Team_2,黑。
QuestLoc_VaultTecExperimentReviewE_Conversation_1_Team_3,我们赌……命！杀了他们！
QuestLoc_VaultTecExperimentReviewE_Conversation_2_NPCEnd_1,你打赌总是这么厉害！你赢了。
QuestLoc_VaultTecExperimentReviewE_Conversation_2_NPCEnd_2,辣鸡！
QuestLoc_VaultTecExperimentReviewE_Conversation_2_NPCEnd_3,看起来是输了！
QuestLoc_VaultTecExperimentReviewE_Conversation_2_NPCStart_1,这个避难所其它的倒没什么，就是运气好点！
QuestLoc_VaultTecExperimentReviewE_Conversation_2_NPCStart_2,我会抽一张牌，你猜对了就有奖！
QuestLoc_VaultTecExperimentReviewE_Conversation_2_NPCStart_3,猜错了的话……我们就要杀了你。
QuestLoc_VaultTecExperimentReviewE_Conversation_2_Team_1,红桃Q？
QuestLoc_VaultTecExperimentReviewE_Conversation_2_Team_2,黑桃A？
QuestLoc_VaultTecExperimentReviewE_Conversation_2_Team_3,我们先杀了你怎么样？攻击！
QuestLoc_VaultTecExperimentReviewE_Conversation_3_NPCEnd_1,暴击！
QuestLoc_VaultTecExperimentReviewE_Conversation_3_NPCEnd_2,把我的幸运服拿走吧！
QuestLoc_VaultTecExperimentReviewE_Conversation_3_NPCEnd_3,好吧好吧啊，这是你要的瓶盖。
QuestLoc_VaultTecExperimentReviewE_Conversation_3_NPCEnd_4,嘿，总算有人要这堆垃圾了！
QuestLoc_VaultTecExperimentReviewE_Conversation_3_NPCStart_1,什么东西很奇怪？居民伙计。
QuestLoc_VaultTecExperimentReviewE_Conversation_3_NPCStart_2,我是这里的监督者，幸运女神总是眷顾着我！
QuestLoc_VaultTecExperimentReviewE_Conversation_3_NPCStart_3,貌似她也眷顾着你！
QuestLoc_VaultTecExperimentReviewE_Conversation_3_NPCStart_4,你可以获得一份奖励。
QuestLoc_VaultTecExperimentReviewE_Conversation_3_Team_1,我们需要一些武器。
QuestLoc_VaultTecExperimentReviewE_Conversation_3_Team_2,我们需要一些服装。
QuestLoc_VaultTecExperimentReviewE_Conversation_3_Team_3,我们需要一些瓶盖。
QuestLoc_VaultTecExperimentReviewE_Conversation_3_Team_4,我们需要一些垃圾。
QuestLoc_VaultTecExperimentReviewF_Conversation_1_NPCEnd_1,那是什么情况？到圈子外面去！
QuestLoc_VaultTecExperimentReviewF_Conversation_1_NPCEnd_2,哦不！这个动作太厉害了，我们完蛋了！
QuestLoc_VaultTecExperimentReviewF_Conversation_1_NPCEnd_3,一点都没有留情！
QuestLoc_VaultTecExperimentReviewF_Conversation_1_NPCStart_1,进圈子来，居民们！
QuestLoc_VaultTecExperimentReviewF_Conversation_1_NPCStart_2,看着我们的信号，准备！
QuestLoc_VaultTecExperimentReviewF_Conversation_1_NPCStart_3,让我们看看你们是怎么反击的！
QuestLoc_VaultTecExperimentReviewF_Conversation_1_Team_1,我们宁可打拳击，对不住了。
QuestLoc_VaultTecExperimentReviewF_Conversation_1_Team_2,你不可能打败……死亡爪的！
QuestLoc_VaultTecExperimentReviewF_Conversation_1_Team_3,我们的反击就是把你们全部干掉！
QuestLoc_VaultTecExperimentReviewF_Conversation_2_NPCEnd_1,这几年来，一直有一个可怕的名字威胁着这里！
QuestLoc_VaultTecExperimentReviewF_Conversation_2_NPCEnd_2,竟然敢嘲笑？看来得让你尝尝厉害了！
QuestLoc_VaultTecExperimentReviewF_Conversation_2_NPCEnd_3,是时候调教一下了！
QuestLoc_VaultTecExperimentReviewF_Conversation_2_NPCStart_1,在这个避难所里解决问题的方法就是摔跤！
QuestLoc_VaultTecExperimentReviewF_Conversation_2_NPCStart_2,你想要留下来，那么就必须通过摔跤证明你自己！
QuestLoc_VaultTecExperimentReviewF_Conversation_2_Team_1,我们……是避难所治安委员会的！
QuestLoc_VaultTecExperimentReviewF_Conversation_2_Team_2,我们的小队……叫唯一不是白痴的小队。
QuestLoc_VaultTecExperimentReviewF_Conversation_2_Team_3,真是无聊，我们弄死你再说。
QuestLoc_VaultTecExperimentReviewF_Conversation_3_NPCEnd_1,在圈子里不允许使用武器……噢，这是当然！
QuestLoc_VaultTecExperimentReviewF_Conversation_3_NPCEnd_2,嗯哼！
QuestLoc_VaultTecExperimentReviewF_Conversation_3_NPCEnd_3,给你，上一场比赛拿的。
QuestLoc_VaultTecExperimentReviewF_Conversation_3_NPCEnd_4,你还真做到了，拿着，这是你的了！
QuestLoc_VaultTecExperimentReviewF_Conversation_3_NPCStart_1,我毫无疑问是最厉害的冠军！
QuestLoc_VaultTecExperimentReviewF_Conversation_3_NPCStart_2,我是这个避难所的监督者，人们都看着我呢！
QuestLoc_VaultTecExperimentReviewF_Conversation_3_NPCStart_3,我来这里是为了回馈那些喜欢摔跤的粉丝的！
QuestLoc_VaultTecExperimentReviewF_Conversation_3_Team_1,有什么能送我们的武器吗？
QuestLoc_VaultTecExperimentReviewF_Conversation_3_Team_2,来件摔跤服怎么样？
QuestLoc_VaultTecExperimentReviewF_Conversation_3_Team_3,介意给些瓶盖吗？
QuestLoc_VaultTecExperimentReviewF_Conversation_3_Team_4,你们这些家伙有生产用的垃圾吗？
QuestLoc_VaultTecSavesChristmas_QuestlineName,避难所科技拯救圣诞节！
QuestLoc_WalkofShame_Conversation_1_NPCEnd_1,他们去了西边，也许他们早就已经离开红火箭补给站了，就在这北边一英里的地方。
QuestLoc_WalkofShame_Conversation_1_NPCStart_1,你来这里是为了我的丈夫？好吧，你们是找不到他的！
QuestLoc_WalkofShame_Conversation_1_NPCStart_2,因为我们已经把他卖给奴隶贩子了！还赚了不少钱呢。
QuestLoc_WalkofShame_Conversation_1_NPCStart_3,避难所居民总是能提供干净、健康的……肉源。
QuestLoc_WalkofShame_Conversation_1_NPCStart_4,嘿，你们还有单身的吗？
QuestLoc_WalkofShame_Conversation_1_Team_1,他不是你的丈夫，他是我们的朋友。那些奴隶贩子在哪儿？
QuestLoc_WalkofShame_QuestLongDescription,我想我们当时为了一只宠物把杰克卖掉了，或者说，是杰克自己把自己卖了！不过他后来和某个叫凯拉的掠夺者头目结婚了……
QuestLoc_WalkofShame_QuestName,羞耻之旅
QuestLoc_WalkofShame_QuestObjective_1,找到掠夺者头目凯拉。
QuestLoc_WalkofShame_QuestShortDescription,杰克也许还活着，不过他真的和掠夺者结婚了吗？
QuestLoc_WaroftheNerds_Conversation_1_NPCEnd_1,你有《太空之旅》的粉丝——太空旅人——和《宇宙冲突》的高手。
QuestLoc_WaroftheNerds_Conversation_1_NPCStart_1,啊，你终于来了！我开始绝望了！
QuestLoc_WaroftheNerds_Conversation_1_NPCStart_2,那些书呆子因为他们的愚蠢连续剧开始互相射击了！
QuestLoc_WaroftheNerds_Conversation_1_NPCStart_3,你必须让他们清醒过来！
QuestLoc_WaroftheNerds_Conversation_1_NPCStart_4,而且，所有人都知道坦帕斯教授系列才是最棒的！
QuestLoc_WaroftheNerds_Conversation_1_Team_1,好，我们这就去办。主要派系有哪些？
QuestLoc_WaroftheNerds_Conversation_2_NPCEnd_1,正确！大家都放下武器，重温那经典一集吧。
QuestLoc_WaroftheNerds_Conversation_2_NPCEnd_2,你撒谎！不然还能用什么来重新校准快子流极性？
QuestLoc_WaroftheNerds_Conversation_2_NPCEnd_3,呃！把微波激射器调到碳化模式！
QuestLoc_WaroftheNerds_Conversation_2_NPCStart_1,以行星联盟之名，我命令你们停下！
QuestLoc_WaroftheNerds_Conversation_2_NPCStart_2,你们是讨厌的《宇宙碰撞》死宅，还是优雅的《太空旅行》爱好者？
QuestLoc_WaroftheNerds_Conversation_2_NPCStart_3,要搞清楚只有一种办法，那就是回答这个问题。
QuestLoc_WaroftheNerds_Conversation_2_NPCStart_4,总工程师是在什么时候合成科技废话素来拯救飞船的？
QuestLoc_WaroftheNerds_Conversation_2_Team_1,我记得是第2卷第7期《模糊意图》。
QuestLoc_WaroftheNerds_Conversation_2_Team_2,科技胡扯胺根本不存在。
QuestLoc_WaroftheNerds_Conversation_2_Team_3,你戴着……外星人耳朵？
QuestLoc_WaroftheNerds_Conversation_3_NPCEnd_1,你忘了我们的能量弯刀！噗嘶咻嗡……呜嗡……呜嗡嗡……
QuestLoc_WaroftheNerds_Conversation_3_NPCEnd_2,星议会突击队员！我就知道！
QuestLoc_WaroftheNerds_Conversation_3_NPCEnd_3,我们的激情*应该*让我们团结在一起，而不是把我们分开。谢谢你，太空旅者。
QuestLoc_WaroftheNerds_Conversation_3_NPCStart_1,你好，我是协约的卡里议员。
QuestLoc_WaroftheNerds_Conversation_3_NPCStart_2,欢迎来到我们非常、非常遥远的星云。
QuestLoc_WaroftheNerds_Conversation_3_NPCStart_3,宇宙能量告诉我们你会到来。
QuestLoc_WaroftheNerds_Conversation_3_NPCStart_4,现在，我们将用它来揭示你的意图。
QuestLoc_WaroftheNerds_Conversation_3_Team_1,你们的迷信可敌不过我们的生锈武器！
QuestLoc_WaroftheNerds_Conversation_3_Team_2,呃呃...
QuestLoc_WaroftheNerds_Conversation_3_Team_3,我们只追求宇宙和谐。银河系足够容纳所有人。
QuestLoc_WaroftheNerds_QuestLongDescription,我们刚收到消息，附近的一个避难所陷入了混乱。似乎是战前科幻小说短篇集的粉丝们为了哪个系列最好而大打出手。我们需要派出一支队伍去帮助平息避难所！
QuestLoc_WaroftheNerds_QuestName,极客之战
QuestLoc_WaroftheNerds_QuestObjective_1,安抚太空之旅粉丝。
QuestLoc_WaroftheNerds_QuestObjective_2,安抚宇宙冲突粉丝。
QuestLoc_WaroftheNerds_QuestShortDescription,为交战的科幻粉丝群体带来和平。
QuestLoc_WaroftheNerds_RaiderLine_1,遵守首要规章！
QuestLoc_WaroftheNerds_RaiderLine_2,愿宇宙能量指引你的道路！
QuestLoc_WastelandDoctoring_Conversation_1_NPCEnd_1,你保护了这里，拿着这个，这是你应得的！
QuestLoc_WastelandDoctoring_Conversation_1_NPCEnd_2,谢谢你！拿着，这是我们能给你的全部了。
QuestLoc_WastelandDoctoring_Conversation_1_NPCEnd_3,你们避难所的居民真是太令人惊奇了！谢谢你！
QuestLoc_WastelandDoctoring_Conversation_1_NPCStart_1,你是医生？谢天谢地！
QuestLoc_WastelandDoctoring_Conversation_1_NPCStart_2,我把所有老弱病残都给带过来了，你能帮帮我们吗？
QuestLoc_WastelandDoctoring_Conversation_1_Team_1,别担心，我们会把你们都治好的。
QuestLoc_WastelandDoctoring_Conversation_1_Team_2,你们要欠我们一个大人情了，不过我想我们应该会帮忙的。
QuestLoc_WastelandDoctoring_Conversation_1_Team_3,特速医疗服务！来自你们隔壁友好的避难所！
QuestLoc_WastelandDoctoring_QuestLongDescription,我们找到了一个无线电广播，附近有一个定居点需要医疗援助！
QuestLoc_WastelandDoctoring_QuestName,废土医疗
QuestLoc_WastelandDoctoring_QuestObjective_1,与定居点首领交谈。
QuestLoc_WastelandDoctoring_QuestShortDescription,向附近据点提供医疗援助。
QuestLoc_WastelandGetaway_QuestLongDescription,在探索废土的时候，你无意中发现了一间隐蔽的小屋，也许你应该看看里面有什么。
QuestLoc_WastelandGetaway_QuestName,废土逃亡
QuestLoc_WastelandGetaway_QuestObjective_1,探索小屋。
QuestLoc_WastelandGetaway_QuestShortDescription,你在废土发现了一件隐蔽的小屋。
QuestLoc_WastelandTheMusical_Conversation_1_NPCStart_1,"♪ 就是这儿，我站在这！♪ 我的首次任务，多么宏大！♪
♪ 被派往废土！♪"
QuestLoc_WastelandTheMusical_Conversation_1_NPCStart_2,"♪ 监督者收留了我 ♪ 那时我还是个孤儿 ♪
♪ 从废土而来！ ♪"
QuestLoc_WastelandTheMusical_Conversation_1_NPCStart_3,"♪ 如今我已长大，机会来临 ♪ 去探索广阔的天地！ ♪
♪ 这片伟大而野蛮的废土 ♪"
QuestLoc_WastelandTheMusical_Conversation_1_NPCStart_4,"♪ 没关系，我不介意 ♪ 你永远不知道会发现什么 ♪
♪ 当你在废土游荡时！ ♪"
QuestLoc_WastelandTheMusical_Conversation_2_NPCEnd_1,"♪ 别担心，我们都很好 ♪
♪ 我们就在附近转悠！ ♪"
QuestLoc_WastelandTheMusical_Conversation_2_NPCEnd_2,"♪ 那我们很抱歉，你不行 ♪
♪ 如果可以，真想杀你两次！ ♪"
QuestLoc_WastelandTheMusical_Conversation_2_NPCStart_1,"♪ 站住别动，放下武器 ♪
♪ 一切都是为了更大的善！ ♪"
QuestLoc_WastelandTheMusical_Conversation_2_NPCStart_2,"♪ 别绝望，来点灵感 ♪
♪ 快来加入兄弟会！ ♪"
QuestLoc_WastelandTheMusical_Conversation_2_NPCStart_3,"♪ 身披钢铁，坚硬强壮 ♪
♪ 还不怕我们？你该怕了！ ♪"
QuestLoc_WastelandTheMusical_Conversation_2_NPCStart_4,"♪ 如果你觉得格格不入 ♪
♪ 快来加入兄弟会！ ♪"
QuestLoc_WastelandTheMusical_Conversation_2_Team_1,♪ 多好的提议，怎能拒绝？ ♪ 但现在不行，我得走了！ ♪
QuestLoc_WastelandTheMusical_Conversation_2_Team_2,♪ 假如我失散的父母 ♪ 恰好是变种人？ ♪
QuestLoc_WastelandTheMusical_Conversation_3_NPCEnd_1,"♪ 那件事我们办不到 ♪
♪ 现在要把你炖成汤！ ♪"
QuestLoc_WastelandTheMusical_Conversation_3_NPCEnd_2,"♪ 你闯祸了，准备棺材！ ♪
♪ 你笑够了，现在去死！ ♪"
QuestLoc_WastelandTheMusical_Conversation_3_NPCStart_1,"♪ 嘟嘟哇，那是我们的歌 ♪
♪ 你敢跟着唱试试！ ♪"
QuestLoc_WastelandTheMusical_Conversation_3_NPCStart_2,"♪ 之前也有人试过 ♪
♪ 我们把他们都烤了！ ♪"
QuestLoc_WastelandTheMusical_Conversation_3_NPCStart_3,"♪ 拉玛拉玛叮叮咚 ♪
唱我们的歌你就会消失 ♪"
QuestLoc_WastelandTheMusical_Conversation_3_NPCStart_4,"♪ 我们是坏蛋，没错 ♪
♪ 唱我们的歌就杀了你！ ♪"
QuestLoc_WastelandTheMusical_Conversation_3_Team_1,♪ 我根本不知道你的歌 ♪ 我们不能和平相处吗？ ♪
QuestLoc_WastelandTheMusical_Conversation_3_Team_2,♪ 夹克不错，哪儿弄的？ ♪ 是从流浪汉那儿拿的吗？ ♪
QuestLoc_WastelandTheMusical_Conversation_4_NPCEnd_1,"♪ 罪人试图绕道走 ♪
♪ 但最终都会忏悔！ ♪"
QuestLoc_WastelandTheMusical_Conversation_4_NPCEnd_2,"♪ 你将代表原子 ♪
♪ 向上时向他问好！ ♪"
QuestLoc_WastelandTheMusical_Conversation_4_NPCStart_1,"♪ 忏悔！忏悔！ ♪
♪ 不要心怀不满！ ♪"
QuestLoc_WastelandTheMusical_Conversation_4_NPCStart_2,"♪ 原子的爱无法抗拒 ♪
♪ 所以莫要哀叹，忏悔吧！ ♪"
QuestLoc_WastelandTheMusical_Conversation_4_NPCStart_3,"♪ 让步吧！同意吧 ♪
♪ 让他的荣光固化 ♪"
QuestLoc_WastelandTheMusical_Conversation_4_NPCStart_4,"♪ 你破碎的灵魂在折磨中迷失 ♪
♪ 忏悔！忏悔！ ♪"
QuestLoc_WastelandTheMusical_Conversation_4_Team_1,♪ 即便怀着最好的意图 ♪ 我也没有罪过可以呈上！ ♪
QuestLoc_WastelandTheMusical_Conversation_4_Team_2,♪ 好吧，假设我忏悔 ♪ 纯粹为了争论而假设 ♪
QuestLoc_WastelandTheMusical_Conversation_5_NPCEnd_1,哎呀，抱歉，搞错剧目了。
QuestLoc_WastelandTheMusical_Conversation_5_NPCStart_1,♪ 我失去了一切慰藉 ♪ 连死亡的希望也没有 ♪ 对我这可怜人而言 ♪
QuestLoc_WastelandTheMusical_Conversation_5_Team_1,呃……好吧？
QuestLoc_WastelandTheMusical_Conversation_6_NPCEnd_1,"♪ 科学多么奇妙 ♪ 让我们伟大强大！ ♪
♪ 绝无替—代—品！ ♪"
QuestLoc_WastelandTheMusical_Conversation_6_NPCEnd_2,"♪ 没关系，我们理解 ♪ 你只是废土的土包子 ♪
♪ 蠢货加莽夫！ ♪"
QuestLoc_WastelandTheMusical_Conversation_6_NPCStart_1,"♪ 别在意，我们不在 ♪ 不在此处也不在任何地方 ♪
♪ 我们是学—院！ ♪"
QuestLoc_WastelandTheMusical_Conversation_6_NPCStart_2,"♪ 秘密计划在推进 ♪ 人类重新定义！ ♪
♪ 恐惧不计—算！ ♪"
QuestLoc_WastelandTheMusical_Conversation_6_NPCStart_3,"♪ 直到科学完成 ♪ 新时代开始 ♪
♪ 我们决心—定！ ♪"
QuestLoc_WastelandTheMusical_Conversation_6_NPCStart_4,"♪ 在此期间我们潜伏 ♪ 在隐秘基地之下 ♪
♪ 敬礼学—院！ ♪"
QuestLoc_WastelandTheMusical_Conversation_6_Team_1,"♪ 真奇怪，听到说话 ♪ 却什么也看不见 ♪
♪ 拜托，别开枪！ ♪"
QuestLoc_WastelandTheMusical_Conversation_6_Team_2,"♪ 抱歉我有命令 ♪ 若遇到任何装腔作势 ♪
♪ 必须执—行！ ♪"
QuestLoc_WastelandTheMusical_Conversation_7_NPCEnd_1,"♪ 我想这是新开始 ♪ 你已成为我们生命一部分 ♪
♪ 永远在我心中！ ♪"
QuestLoc_WastelandTheMusical_Conversation_7_NPCEnd_2,"♪ 很抱歉走到这一步 ♪ 连个吻都没有 ♪
♪ 送你回深渊！ ♪"
QuestLoc_WastelandTheMusical_Conversation_7_NPCStart_1,"♪ 看这里，亲爱的，又一只猎物 ♪
走向了它自己的末路 ♪"
QuestLoc_WastelandTheMusical_Conversation_7_NPCStart_2,"♪ 但等等！告诉我，这会是真吗？ ♪
♪ 那张脸，那双蓝如婴儿的眼眸？ ♪"
QuestLoc_WastelandTheMusical_Conversation_7_NPCStart_3,"♪ 我们失散已久的孩子回来了 ♪
♪ 要帮我们让废土燃烧！ ♪"
QuestLoc_WastelandTheMusical_Conversation_7_NPCStart_4,"♪ 来吧，小家伙，握住我们的手 ♪
♪ 让我们把恐惧传遍大地！ ♪"
QuestLoc_WastelandTheMusical_Conversation_7_Team_1,♪ 我的父母，我简直不敢相信！ ♪ 但我不能答应 ♪ 也许我该只是去看看？ ♪
QuestLoc_WastelandTheMusical_Conversation_7_Team_2,♪ 我到处寻你 ♪ 但如今你的请求被拒 ♪ 监督才是指引！ ♪
QuestLoc_WastelandTheMusical_Conversation_8_NPCStart_1,"♪ 我怎么会错得这么离谱？ ♪ 我真的以为我属于 ♪
♪ 这广阔的废土！ ♪"
QuestLoc_WastelandTheMusical_Conversation_8_NPCStart_2,"♪ 我以为见我的亲人 ♪ 会很棒，真是笑话！ ♪
♪ 我想离开这废土！ ♪"
QuestLoc_WastelandTheMusical_Conversation_8_NPCStart_3,"♪ 好吧，我想谁也不怪 ♪ 我本就属于避难所 ♪
♪ 而不是外面的废土。 ♪"
QuestLoc_WastelandTheMusical_Conversation_8_NPCStart_4,"♪ 所以当心你的愿望 ♪ 当你走出那扇门 ♪
♪ 踏入废——土！ ♪"
QuestLoc_WastelandTheMusical_QuestLongDescription,一对会唱歌的掠夺者正在用高水准的音乐表演在废土上散播恐怖。我们必须给这些音乐暴徒拉下帷幕！
QuestLoc_WastelandTheMusical_QuestName,废土：音乐剧
QuestLoc_WastelandTheMusical_QuestObjective_1,阻止唱歌的掠夺者。
QuestLoc_WastelandTheMusical_QuestShortDescription,阻止一伙会唱歌的掠夺者恐吓该地区。
QuestLoc_WaterintoBrine_Conversation_1_NPCEnd_1,这样吧，有些掠夺者一直在找我们麻烦。干掉他们的头儿，我们就告诉你。成交？
QuestLoc_WaterintoBrine_Conversation_1_NPCStart_1,是啊，我们遇到了那个水之巫师，还买了他的……产品。
QuestLoc_WaterintoBrine_Conversation_1_NPCStart_2,真是……有趣。
QuestLoc_WaterintoBrine_Conversation_1_Team_1,有趣？怎么有趣？
QuestLoc_WaterintoBrine_QuestLongDescription,这“魔法”水真的有效还是纯属骗局？我们需要找到这个水之巫师，看看他是真货还是卖假药的。
QuestLoc_WaterintoBrine_QuestName,水变盐水
QuestLoc_WaterintoBrine_QuestObjective_1,前往旧避难所科技办事处询问关于法师的水。
QuestLoc_WaterintoBrine_QuestShortDescription,与避难所科技办事处的人谈谈关于水的事。
QuestLoc_WeaponsRun_QuestLongDescription,你在废土发现了一个武器储存点。
QuestLoc_WeaponsRun_QuestName,军备竞赛
QuestLoc_WeaponsRun_QuestObjective_1,找到藏匿武器的地方。
QuestLoc_WeaponsRun_QuestObjective_2,找到更多储藏的武器。
QuestLoc_WeaponsRun_QuestObjective_3,找到更多储藏的武器。
QuestLoc_WeaponsRun_QuestShortDescription,找到武器。
QuestLoc_WeddingCrashers_Conversation_1_NPCEnd_1,太好了！哦，对了，没有人希望你出现在这里，所以你没准会被子弹打到。祝你好运了！
QuestLoc_WeddingCrashers_Conversation_1_NPCEnd_2,不，老大又不是傻子，去解决掉这件事。
QuestLoc_WeddingCrashers_Conversation_1_NPCStart_1,哦，很好，有人来了！听着，你得做点什么！
QuestLoc_WeddingCrashers_Conversation_1_NPCStart_2,萨利和马库斯就要结婚了，但是有一个问题。
QuestLoc_WeddingCrashers_Conversation_1_NPCStart_3,听着，我很擅长谋杀和掠夺，这可不是开玩笑。
QuestLoc_WeddingCrashers_Conversation_1_NPCStart_4,我告诉过萨利，我做过爱情大师，你能帮上他们的忙吗？
QuestLoc_WeddingCrashers_Conversation_1_Team_1,我当然会试试。
QuestLoc_WeddingCrashers_Conversation_1_Team_2,你确定吗？还是说婚姻是爱情的坟墓？
QuestLoc_WeddingCrashers_Conversation_2_NPCEnd_1,你是对的，马库斯，我要永远地离开你，再见了！
QuestLoc_WeddingCrashers_Conversation_2_NPCEnd_2,事情就应该变成这样吗？好吧，和避难所居民们去生活吧，马库斯。
QuestLoc_WeddingCrashers_Conversation_2_NPCEnd_3,你是对的！我们一起逃走吧！
QuestLoc_WeddingCrashers_Conversation_2_NPCStart_1,嘿！你一定就是那个爱情大师吧！
QuestLoc_WeddingCrashers_Conversation_2_NPCStart_2,马库斯貌似对这场婚礼有退缩的意思。
QuestLoc_WeddingCrashers_Conversation_2_NPCStart_3,我也不知道自己还能不能继续当一个掠夺者。
QuestLoc_WeddingCrashers_Conversation_2_NPCStart_4,我们该怎么办？
QuestLoc_WeddingCrashers_Conversation_2_Team_1,萨利，马库斯配不上你，来我们的避难所吧。
QuestLoc_WeddingCrashers_Conversation_2_Team_2,马库斯，萨利根本就不喜欢你。
QuestLoc_WeddingCrashers_Conversation_2_Team_3,你们两个根本就不适合做掠夺者，为什么不放弃做掠夺者然后私奔呢？
QuestLoc_WeddingCrashers_QuestLongDescription,臭名昭著的掠夺者，弹簧刀萨利，与另外一个声名狼藉的家伙铁锤马库斯结婚了。不过他们都怀有各自的小心思，他们都不想过掠夺者的生活了。如果他们可以交流一下的话就好了！请去解决他们的问题。
QuestLoc_WeddingCrashers_QuestName,婚礼粉碎者
QuestLoc_WeddingCrashers_QuestObjective_1,阻止婚礼。
QuestLoc_WeddingCrashers_QuestShortDescription,帮助掠夺者新人解决他们的问题。
QuestLoc_WeddingCrashers_RaiderLine_1,老大不会喜欢有人闯入他们的婚礼的！
QuestLoc_WeddingCrashers_RaiderLine_2,你是新娘的朋友吗？我们得知道你的骨灰得洒在哪儿。
QuestLoc_WeddingCrashers_RaiderLine_3,哦豁！大屠杀！真是不错的婚礼！
QuestLoc_WeddingCrashers_RaiderLine_4,我忘了带礼物，也许这些家伙身上会有好东西……
QuestLoc_WelcometoParadise_QuestLongDescription,我发现一张指向242号避难所的地图，那里的“居民”据说都不是人类。我应该跟着地图的指引探索那里的秘密。
QuestLoc_WelcometoParadise_QuestName,欢迎来到天堂
QuestLoc_WelcometoParadise_QuestObjective_1,探索242号避难所。
QuestLoc_WelcometoParadise_QuestObjective_2,杀死阿尔法死亡爪。
QuestLoc_WelcometoParadise_QuestShortDescription,解开242号避难所中隐藏的秘密。
QuestLoc_WereBatting1000_Conversation_1_NPCStart_1,这里并没有运动衫。
QuestLoc_WereBatting1000_QuestLongDescription,教练就在那里的某个地方，看着我们，嘲笑我们。等我们找到他之后，我们就能找到罗宾逊的运动衫了！
QuestLoc_WereBatting1000_QuestName,我们要打1000个！
QuestLoc_WereBatting1000_QuestObjective_1,寻找拉基·乔宾逊的棒球运动衫。
QuestLoc_WereBatting1000_QuestShortDescription,找到拉基·乔宾森的棒球衫。
QuestLoc_WhackaMole_QuestLongDescription,现在，大块头维斯想让你去杀死鼹鼠妈妈，而且必须一击得手。你只能够使用手枪，希望你能够用它打穿鼹鼠的皮。
QuestLoc_WhackaMole_QuestName,打地鼠
QuestLoc_WhackaMole_QuestObjective_1,杀死鼹鼠妈妈。
QuestLoc_WhackaMole_QuestShortDescription,杀死鼹鼠妈妈。
QuestLoc_WhatsonSecond_Conversation_1_NPCStart_1,又是一个房间，又是一场失败，但是我们不会放弃希望的！
QuestLoc_WhatsonSecond_QuestLongDescription,十三次搜寻，十三次失败，等到第十四次尝试时，我们就可以探索701号避难所的废墟了。
QuestLoc_WhatsonSecond_QuestName,第二个是什么。
QuestLoc_WhatsonSecond_QuestObjective_1,寻找拉基·乔宾逊的棒球运动衫。
QuestLoc_WhatsonSecond_QuestShortDescription,找到拉基·乔宾森的棒球衫。
QuestLoc_WhenIrishEyesareGlowing_QuestlineName,当爱尔兰人眼睛发光时
QuestLoc_WhenLifeThrowsYouaCurveball_Conversation_1_NPCStart_1,什么？还是没有运动衫？
QuestLoc_WhenLifeThrowsYouaCurveball_QuestLongDescription,教练并没有在威尔逊玩具厂，但是也许他去橄榄球体育馆废墟了！
QuestLoc_WhenLifeThrowsYouaCurveball_QuestName,当生活向你投出一个曲线球的时候……
QuestLoc_WhenLifeThrowsYouaCurveball_QuestObjective_1,寻找拉基·乔宾逊的棒球运动衫。
QuestLoc_WhenLifeThrowsYouaCurveball_QuestShortDescription,找到拉基·乔宾森的棒球衫。
QuestLoc_WhenPrestonCalls_Conversation_1_NPCEnd_1,据说有些居民被掠夺者绑架了，他们现在在778号避难所，带上这件衣服，不知道你会不会用得上。
QuestLoc_WhenPrestonCalls_Conversation_1_NPCStart_1,哎呀，终于有人发现我们了！
QuestLoc_WhenPrestonCalls_Conversation_1_NPCStart_2,你比上一个家伙要有效率得多了。
QuestLoc_WhenPrestonCalls_Conversation_1_NPCStart_3,他想要把我们招进义勇军组织里，然后再出发。
QuestLoc_WhenPrestonCalls_Conversation_1_Team_1,他有说打算去哪儿吗？
QuestLoc_WhenPrestonCalls_QuestLongDescription,一群居民被困在了鼹鼠的巢穴，重点是，他们有关于普雷斯顿·嘉维的消息，去帮助他们脱离这场困境吧！
QuestLoc_WhenPrestonCalls_QuestName,普雷斯顿的召唤
QuestLoc_WhenPrestonCalls_QuestObjective_1,找到居民们。
QuestLoc_WhenPrestonCalls_QuestObjective_2,杀死鼹鼠妈妈。
QuestLoc_WhenPrestonCalls_QuestShortDescription,搜集更多关于普雷斯顿的情报并且找到他。
QuestLoc_WhosCarvingtheTurkey_Conversation_1_NPCEnd_1,当然是万恶的鼹鼠！但是我可以让它变成一头蠢火鸡。
QuestLoc_WhosCarvingtheTurkey_Conversation_1_NPCEnd_2,萨克雷·布鲁！我最好得回去。
QuestLoc_WhosCarvingtheTurkey_Conversation_1_NPCEnd_3,呃……那并不是红莓果酱。
QuestLoc_WhosCarvingtheTurkey_Conversation_1_NPCStart_1,谢天谢地你找到了我。
QuestLoc_WhosCarvingtheTurkey_Conversation_1_NPCStart_2,其中有一只鼹鼠逃走了，并且带走了我最爱的屠夫小刀。
QuestLoc_WhosCarvingtheTurkey_Conversation_1_Team_1,你打算在感恩节的时候用火鸡或是鼹鼠款待别人吗？
QuestLoc_WhosCarvingtheTurkey_Conversation_1_Team_2,你忘了做填料了。
QuestLoc_WhosCarvingtheTurkey_Conversation_1_Team_3,我只是来这里找红莓果酱的。
QuestLoc_WhosCarvingtheTurkey_QuestLongDescription,厨子去找他的屠夫小刀了，那么现在谁来切火鸡呢？
QuestLoc_WhosCarvingtheTurkey_QuestName,谁来切火鸡？
QuestLoc_WhosCarvingtheTurkey_QuestObjective_1,找到厨子。
QuestLoc_WhosCarvingtheTurkey_QuestShortDescription,营救厨子。
QuestLoc_WhosonFirst_Conversation_1_NPCStart_1,没有教练，没有运动衫，什么都没有。
QuestLoc_WhosonFirst_QuestLongDescription,汉丽埃塔是教练的前任女友，她并不知道教练在哪儿，但是她给了我们一件武器，让我们打倒教练。看来要继续搜寻了！
QuestLoc_WhosonFirst_QuestName,谁是第一个？
QuestLoc_WhosonFirst_QuestObjective_1,寻找拉基·乔宾逊的棒球运动衫。
QuestLoc_WhosonFirst_QuestShortDescription,继续搜寻！
QuestLoc_WithFriendsLikeThese_Conversation_1_NPCStart_1,谢谢你来救我！
QuestLoc_WithFriendsLikeThese_Conversation_1_NPCStart_2,那个叫威拉德·格洛弗的伙计有点精神不正常。
QuestLoc_WithFriendsLikeThese_Conversation_1_NPCStart_3,他觉得鼹鼠是他的朋友。
QuestLoc_WithFriendsLikeThese_Conversation_1_NPCStart_4,我还觉得掠夺者不会这么疯呢……
QuestLoc_WithFriendsLikeThese_QuestLongDescription,我发现了一封勒索信，署名是掠夺者头目威拉德·格洛弗。他说他抓住了一个居民，并且把他带到了附近的汽车工厂。
QuestLoc_WithFriendsLikeThese_QuestName,得友如此
QuestLoc_WithFriendsLikeThese_QuestObjective_1,杀死威拉德·格洛弗。
QuestLoc_WithFriendsLikeThese_QuestObjective_2,救援居民。
QuestLoc_WithFriendsLikeThese_QuestShortDescription,救援被困在汽车工厂的居民。
QuestLoc_WithFriendsLikeThese_RaiderLine_1,你杀死了我毛茸茸的小伙伴！你怎么可以这样！？
QuestLoc_WondersofNature_Conversation_1_NPCStart_1,啊，你好！我是赫夫伯格博士，你喜欢我的伪装吗？
QuestLoc_WondersofNature_Conversation_1_NPCStart_2,我见过不少事情……一些人类不应该看到的恐怖。
QuestLoc_WondersofNature_Conversation_1_NPCStart_3,钳子，还有蛋……哦！
QuestLoc_WondersofNature_Conversation_1_NPCStart_4,谢谢你救了我！
QuestLoc_WondersofNature_QuestLongDescription,著名科学家奥拓·万·赫夫伯格就在附近，调查辐射蝎交配的秘密。请确保他的安全。
QuestLoc_WondersofNature_QuestName,大自然的奇迹
QuestLoc_WondersofNature_QuestObjective_1,找到赫夫伯格博士。
QuestLoc_WondersofNature_QuestObjective_2,杀死发光的辐射蝎。
QuestLoc_WondersofNature_QuestShortDescription,赫夫伯格博士 vs 凶险之钳！
QuestLoc_WondersofScience_Conversation_1_NPCStart_1,啊，你好！我是赫夫伯格博士，你喜欢我的伪装吗？
QuestLoc_WondersofScience_Conversation_1_NPCStart_2,已经几年了，我研究了许多延年益寿的办法，不过都没有成果。
QuestLoc_WondersofScience_Conversation_1_NPCStart_3,不过现在，我发现了一个秘密！
QuestLoc_WondersofScience_Conversation_1_NPCStart_4,量子型核子可乐！
QuestLoc_WondersofScience_QuestLongDescription,著名科学家奥拓·万·赫夫伯格就在附近，他正在研究一种青春之泉，找到他，并且找出他发现的研究成果。
QuestLoc_WondersofScience_QuestName,科学的奇迹
QuestLoc_WondersofScience_QuestObjective_1,找到赫夫伯格博士。
QuestLoc_WondersofScience_QuestObjective_2,杀死发光者。
QuestLoc_WondersofScience_QuestShortDescription,赫夫伯格博士正在大自然中进行探索！
QuestLoc_WondersofTechnology_Conversation_1_NPCStart_1,啊，你好！我是赫夫伯格博士，你喜欢我的伪装吗？
QuestLoc_WondersofTechnology_Conversation_1_NPCStart_2,这个计划简直就是一个灾难！那些机器人能做的就只有爆炸！
QuestLoc_WondersofTechnology_Conversation_1_NPCStart_3,而且爆炸声引来了一些糟糕的生物！
QuestLoc_WondersofTechnology_Conversation_1_NPCStart_4,这些你拿着，请把这些剩下的统统拿走！它们对我来说没用了！
QuestLoc_WondersofTechnology_QuestLongDescription,著名科学家奥拓·万·赫夫伯格就在附近，他正在着手研究巧手先生来探索未知空间，去看看他有什么发现！
QuestLoc_WondersofTechnology_QuestName,科技的奇迹
QuestLoc_WondersofTechnology_QuestObjective_1,找到赫夫伯格博士。
QuestLoc_WondersofTechnology_QuestObjective_2,杀死阿尔法死亡爪。
QuestLoc_WondersofTechnology_QuestShortDescription,赫夫伯格博士正在大自然中进行探索！
QuestLoc_WorkingOvertime_Conversation_1_NPCEnd_1,是吗？我觉得我会被一枪打死，而不是被活生生吃掉，不过谁知道呢？
QuestLoc_WorkingOvertime_Conversation_1_NPCEnd_2,小心点！监督者斯坦是一个发光者！
QuestLoc_WorkingOvertime_Conversation_1_NPCEnd_3,勒索？真的吗？你确定你不是掠夺者？
QuestLoc_WorkingOvertime_Conversation_1_NPCEnd_4,你和我都是！
QuestLoc_WorkingOvertime_Conversation_1_NPCStart_1,你是不是某一部分我不了解的避难所交换的程序？
QuestLoc_WorkingOvertime_Conversation_1_NPCStart_2,现在可不是什么好时候……
QuestLoc_WorkingOvertime_Conversation_1_NPCStart_3,鲁巴布的掠夺者们来到了这里，枪口冒着火，他们破坏了反应炉！
QuestLoc_WorkingOvertime_Conversation_1_NPCStart_4,现在里面的人全部变成了狂尸鬼！
QuestLoc_WorkingOvertime_Conversation_1_Team_1,那并没有什么问题。
QuestLoc_WorkingOvertime_Conversation_1_Team_2,狂尸鬼？没问题，不用担心，我们可以把它们全部搞定！
QuestLoc_WorkingOvertime_Conversation_1_Team_3,消灭狂尸鬼根本不是问题，只需要一点点的……
QuestLoc_WorkingOvertime_Conversation_1_Team_4,你也知道，我都开始认为避难所科技克扣国内治安的经费了。
QuestLoc_WorkingOvertime_Conversation_2_NPCStart_1,我曾经……是一个好人……但是要成为一个发光者……真是不容易！
QuestLoc_WorkingOvertime_Conversation_2_NPCStart_2,我是说……你看看我……我连鼻子都没了！
QuestLoc_WorkingOvertime_Conversation_2_NPCStart_3,求求你……
QuestLoc_WorkingOvertime_Conversation_2_NPCStart_4,杀了我！
QuestLoc_WorkingOvertime_QuestLongDescription,鲁巴布和他的掠夺者们最近被发现位于700号避难所内，去调查一下吧！
QuestLoc_WorkingOvertime_QuestName,加班工作
QuestLoc_WorkingOvertime_QuestObjective_1,调查700号避难所。
QuestLoc_WorkingOvertime_QuestShortDescription,调查700号避难所，看看鲁巴布的掠夺者们在谋划着什么。
QuestLoc_WorstCoachEver_Conversation_1_NPCStart_1,在墙上有喷漆之类的东西！
QuestLoc_WorstCoachEver_Conversation_1_NPCStart_2,“变热”
QuestLoc_WorstCoachEver_Conversation_1_NPCStart_3,肯定是教练！他在嘲笑我们！
QuestLoc_WorstCoachEver_QuestLongDescription,在铅笔厂里也没有得到好运，不过我们并没有气馁，拉基·乔宾逊的运动衫一定会是我们的！我们打算去搜查一下漫画商店。
QuestLoc_WorstCoachEver_QuestName,史上！最糟糕的！教练！
QuestLoc_WorstCoachEver_QuestObjective_1,寻找拉基·乔宾逊的棒球运动衫。
QuestLoc_WorstCoachEver_QuestShortDescription,找到拉基·乔宾森的棒球衫。
QuestLoc_ZinesFromtheCommonwealth_QuestlineName,联邦杂志
QuestObjective_ClearOut,杀死密室中的敌人。
QuestObjective_PickUpAllItems,掠夺密室
QuestRequirement_Dweller,居民
QuestRequirement_Dweller_Plural,居民
QuestRequirement_Level,等级
QuestResult_Completed,任务完成
QuestResult_Failed,任务失败
QuestReward_LunchBox,避难所科技饭盒
QuestReward_MrHandyBox,巧手先生箱子
QuestReward_PetCarrier,宠物笼
QuestSurprise_Discovered_AbandonedHouse,{0}发现了遗弃的房子。
QuestSurprise_Discovered_MarketPlace,{0}发现了大无敌超市。
QuestSurprise_Discovered_RedRocket,{0}发现了红火箭卡车停靠站。
QuestSurprise_Discovered_Vault,{0} 发现了一个避难所。
QuestSurprise_Enter_Female,你确定让她进去吗？
QuestSurprise_Enter_Male,你确定让他进去吗？
QuestSurprise_Title,任务
QuestTitle_FindValentine[PL],找到瓦伦汀
QuestTitle_FireSupport[PL],火力支援[PL]
QuestTitle_InSheepClothing[PL],穿绵羊服[PL]
QuestTitle_MemoryInterrupted[PL],记忆中断[PL]
QuestTitle_MercerSafehouse[PL],布商的安全屋[PL]
QuestTitle_SpoilsofWar[PL],战争恩赐[PL]
RadiationCycle1,受到{0}点辐射伤害。
Radio_Range_Vault,避难所
Radio_Range_Wasteland,废土
Radio_Upgrade_Info,增加从废土召唤居民的几率
Radio_VaultFull,避难所满了
Radroach_Name,辐射蟑螂
Radroach_Name_Plural,辐射蟑螂
Radscorpion_Name,辐射蝎
Radscorpion_Name_Plural,辐射蝎
Raider_Name,掠夺者
Raider_Name_Plural,掠夺者
Rarity_All_Title,全部
Rarity_Common_Initial,普通
Rarity_Common_Title,普通
Rarity_Legendary_Title,传说
Rarity_Rare_Initial,稀有
Rarity_Rare_Title,稀有
Rarity_Uncommon_Initial,精良
Rarity_Uncommon_Title,精良
Rarity_VeryRare_Initial,罕见
Rarity_VeryRare_Title,罕见
RateUS_BTN_LATER,稍后提醒我
RateUS_BTN_NO,不用，谢谢
RateUS_BTN_Rate,评价我们
RateUS_text1,避难所科技
RateUS_text2,我们需要你！
Rating_CurrentRating,当前排名
Rating_NextEvaluation,下阶段排名
RecipeLoot_Duplicate,副本！
RecipeLoot_FragmentFound,一个居民发现了配方碎片！
RecipeLoot_Free,这是你的配方！
RecipeLoot_LegendaryOutfit,传说服装配方
RecipeLoot_LegendaryWeapon,传说武器配方
RecipeLoot_RareOutfit,稀有服装配方
RecipeLoot_RareWeapon,稀有武器配方
RecipeLoot_ThemeFragment,布局配方碎片
RecipeLoot_Wasteland,居民在废土发现了一张配方！
RecipeLoot_ThemeFull,主题配方
Repair_MrHandy,修理
Resource_Energy,{0}电力
Resource_Food,{0}食物
Resource_Nuka,{0}瓶盖
Resource_Radaway,{0}消辐宁
Resource_Stimpack,{0}治疗针
Resource_Water,{0}水
Resources_Not_Collected,居民的物品必须先被收集完成
RichPresence_Xbox_01,探索废土
RichPresence_Xbox_02,抵御尸鬼攻击
RichPresence_Xbox_03,管理一只鼹鼠
RichPresence_Xbox_04,扑灭避难所火灾
RichPresence_Xbox_05,减少辐射蝎出没
RichPresence_Xbox_06,击退掠夺者
RichPresence_Xbox_07,平息辐射蟑螂事件
RichPresence_Xbox_08,试图在死亡爪事件中幸存
RichPresence_Xbox_09,在避难所 {1} 中管理 {0} 位居民
RichPresence_Xbox_10,在避难所中管理居民
Room_AdminOffice,管理室
Room_Armory,武器室
Room_Armory_2,武器站
Room_Armory_3,武器中心
Room_Armory_Build,是否要建造一个武器室？
Room_Armory_Desc,调派居民来此并训练他们的感知能力
Room_Bar,休息室
Room_Bar_2,酒吧
Room_Bar_3,俱乐部
Room_Bar_Build,是否要建造一个休息室？
Room_Bar_Desc,调派居民来此并训练他们的魅力
Room_BarberShop,理发店
Room_BarberShop_2,沙龙
Room_BarberShop_Build,是否要建造一个理发店？
Room_BarberShop_Desc,调派居民来此对他们进行自定义
Room_Cafeteria,快餐馆
Room_Cafeteria_2,饭店
Room_Cafeteria_3,自助餐厅
Room_Cafeteria_Build,是否要建造一个快餐馆？
Room_Cafeteria_Desc,调派居民生产食物
Room_Casino,游戏室
Room_Casino_2,游乐场
Room_Casino_3,游戏中心
Room_Casino_Build,是否要建造一个游戏室？
Room_Casino_Desc,调派居民来此提升他们的幸运
Room_ClassRoom,教室
Room_ClassRoom_2,学校
Room_ClassRoom_3,学院
Room_ClassRoom_Build,是否要建造一个教室？
Room_ClassRoom_Desc,调派居民来此训练他们的智力
Room_DecorationFactory,装饰工坊
Room_DecorationFactory_2,装饰工厂
Room_DecorationFactory_3,装饰车间
Room_DecorationFactory_Build,是否要建造一个装饰工厂？
Room_DecorationFactory_Desc,调派居民来此生产装饰品
Room_DecorationFactory_Upgrade_Level2,制造稀有装饰
Room_DecorationFactory_Upgrade_Level3,制造传奇装饰
Room_DesignFactory,布局工坊
Room_DesignFactory_2,布局工厂
Room_DesignFactory_3,布局车间
Room_DesignFactory_Build,建造一个布局工坊？
Room_DesignFactory_Desc,在此处分配居民来生产布局
Room_DesignFactory_Upgrade_Level2,加快生产时间
Room_DesignFactory_Upgrade_Level3,加快生产时间
Room_Dojo,健身房
Room_Dojo_2,健身工作室
Room_Dojo_3,健身中心
Room_Dojo_Build,建造一间健身房？
Room_Dojo_Desc,调派居民来此训练他们的敏捷
Room_Elevator,电梯
Room_Elevator_Build,是否要建造一个电梯？
Room_Elevator_Desc,用以进入避难所更深的楼层
Room_Energy2,核反应堆
Room_Energy2_2,高级反应堆
Room_Energy2_3,超级反应堆
Room_Energy2_Build,是否要建造一个核能反应堆？
Room_Energy2_Desc,调派居民来此生产电力
Room_Entrance,入口
Room_Geothermal,发电机
Room_Geothermal_2,发电站
Room_Geothermal_3,发电厂
Room_Geothermal_Build,是否要建造一个发电机？
Room_Geothermal_Desc,调派居民来此生产电力
Room_Gym,举重室
Room_Gym_2,健身房
Room_Gym_3,力量中心
Room_Gym_Build,是否要建造一个举重室？
Room_Gym_Desc,调派居民来此训练力量
Room_HydroponicFarm,花园
Room_HydroponicFarm_2,温室
Room_HydroponicFarm_3,水培室
Room_HydroponicFarm_Build,是否要建造一个公园？
Room_HydroponicFarm_Desc,调派居民生产食物
Room_LivingQuarter,宿舍
Room_LivingQuarter_2,住宅
Room_LivingQuarter_3,营房
Room_LivingQuarter_Build,是否要建造一个宿舍？
Room_LivingQuarter_Desc,增加居民的数量还可以让你继续繁殖下一代居民
Room_Mausoleum,墓地
Room_Mausoleum_2,墓地
Room_Mausoleum_3,墓地
Room_Mausoleum_Build,是否要建造一个墓地？
Room_Mausoleum_Desc,调派居民照看死者，并且赚取瓶盖
Room_MedBay,制药间
Room_MedBay_2,诊所
Room_MedBay_3,医院
Room_MedBay_Build,是否要建造一个制药间？
Room_MedBay_Desc,调派居民来此生产治疗针
Room_NukaColaPlant,核子可乐装瓶器
Room_NukaColaPlant_2,核子可乐生产站
Room_NukaColaPlant_3,核子可乐工厂
Room_NukaColaPlant_Build,是否要建造一个装瓶器？
Room_NukaColaPlant_Desc,调派居民生产核子可乐！
Room_OutfitFactory,服装工坊
Room_OutfitFactory_2,服装工厂
Room_OutfitFactory_3,服装车间
Room_OutfitFactory_Build,是否要建造一个服装工坊？
Room_OutfitFactory_Desc,调派居民制作服装
Room_OutfitFactory_Upgrade_Level2,制作稀有服装
Room_OutfitFactory_Upgrade_Level3,制作传奇服装
Room_Overseer,监督者办公室
Room_Overseer_2,监督者的控制台
Room_Overseer_3,监督者的指挥中心
Room_Overseer_Build,确定要建造一个监督者办公室？
Room_Overseer_Desc,在这里派遣居民进行任务
Room_Overseer_Upgrade_Level2,一次性派遣居民进行2个任务
Room_Overseer_Upgrade_Level3,一次性派遣居民进行3个任务
Room_Radio,广播室
Room_Radio_2,广播站
Room_Radio_3,广播中心
Room_Radio_Build,是否要建造一个广播室？
Room_Radio_Desc,吸引来自废土的新居民
Room_ScienceLab,科学实验室
Room_ScienceLab_2,科学站
Room_ScienceLab_3,科学中心
Room_ScienceLab_Build,是否要建造一个科学实验室？
Room_ScienceLab_Desc,调派居民生产消辐宁
Room_StorageArea,储藏室
Room_StorageArea_2,储藏站
Room_StorageArea_3,仓库
Room_StorageArea_Build,是否要建造一个储藏室？
Room_StorageArea_Desc,增加你所持物品和宠物的数量
Room_SuperRoom2,健身房
Room_SuperRoom2_2,健身工作室
Room_SuperRoom2_3,健身中心
Room_SuperRoom2_Build,是否要建造一个健身房？
Room_SuperRoom2_Desc,调派居民来此训练耐力
Room_UltraciteWeaponFactory,超合金武器工坊
Room_UltraciteWeaponFactory_2,超合金武器工厂
Room_UltraciteWeaponFactory_3,超合金武器制造厂
Room_UltraciteWeaponFactory_Build,建造一间超合金武器工坊？
Room_UltraciteWeaponFactory_Desc,指派居民在此制作超合金武器
Room_UltraciteWeaponFactory_Upgrade_Level2,制造稀有超究极武器
Room_UltraciteWeaponFactory_Upgrade_Level3,制造传说级超究极武器
Room_Upgrade_Not_Enough_Dwellers,需要{0}居民
Room_Upgrade_Not_Enough_Dwellers_LegendaryOutfits,升级房间到三级来制造传奇服装。
Room_Upgrade_Not_Enough_Dwellers_LegendaryWeapons,升级房间到三级来制造传奇武器。
Room_Upgrade_Not_Enough_Dwellers_RareOutfits,升级房间到二级来制造稀有服装。
Room_Upgrade_Not_Enough_Dwellers_RareWeapons,升级房间到二级来制造稀有武器。
Room_VaultEntrance,避难所大门
Room_VaultEntrance_2,高级避难所大门
Room_VaultEntrance_3,强化避难所大门
Room_Water2,净水器
Room_Water2_2,净水站
Room_Water2_3,净水厂
Room_Water2_Build,是否要建造一个净水器？
Room_Water2_Desc,调派居民来此生产水源
Room_WaterProcessingPlant,水处理器
Room_WaterProcessingPlant_2,水处理站
Room_WaterProcessingPlant_3,水处理厂
Room_WaterProcessingPlant_Build,是否要建造一个水处理器？
Room_WaterProcessingPlant_Desc,调派居民来此生产水源
Room_WeaponFactory,武器工坊
Room_WeaponFactory_2,武器工厂
Room_WeaponFactory_3,武器车间
Room_WeaponFactory_Build,是否要建造一个武器工坊？
Room_WeaponFactory_Desc,调派居民来此制造武器
Room_WeaponFactory_Upgrade_Level2,制造稀有武器
Room_WeaponFactory_Upgrade_Level3,制造传奇武器
Room_UltraciteMining,超究极矿场
Room_UltraciteMining_2,超究极采矿钻机
Room_UltraciteMining_3,超究极萃取场
Room_UltraciteMining_Build,建造超究极矿场？
Room_UltraciteMining_Desc,在此指派居民开采超究极矿石。矿石可用于在超究极武器工坊制造武器。
RoomLevel_Advanced,高级
RoomLevel_Mega,超级
RoomStatus_Full,满级
RoomStatus_Upgrading,升级中
RoomType_Consumable,消耗品
RoomType_Consumable_Description,消耗品描述……
RoomType_Facility,设施
RoomType_Facility_Description,设施描述……
RoomType_Production,产品
RoomType_Production_Description,产品描述……
RoomType_Training,训练
RoomType_Training_Description,训练描述……
RoomType_Utility,功能
RoomType_Utility_Description,功能描述……
RoomUnlocked,房间已解锁
RoomUpgrade_Current_Title,当前
RoomUpgrade_Dwellers,居民
RoomUpgrade_Message_Themes,使用布局合并三个升至顶级的房间！
RoomUpgrade_Production,产品
RoomUpgrade_Storage,存储
RoomUpgrade_Upgrade_Title,升级完毕
RushMode_Button_Failed,继续
RushMode_Button_Success,获取奖励
SeasonalShopDisclaimerDialog,"实验性避难所仅在赛季期间开放，赛季结束后将无法再进入。

所有赛季通行证奖励仍可在所有避难所中领取，不会丢失，但在本避难所中进行的其他商店购买将在赛季结束后丢失。

继续购买吗？"
SaveCloud,云存档
SaveFile_Title,保存文件冲突
SaveFile_UseCloudSave,使用云存档
SaveFile_UseLocalSave,使用本地存档
SaveLocal,本地存档
Scrapping_Result_Common,垃圾回收
Scrapping_Result_Failed,无垃圾回收
Scrapping_Result_Legendary,传奇垃圾回收！
Scrapping_Result_Rare,稀有垃圾回收！
Screenshot_Facebook_Message,检查我的避难所！
Screenshot_Standard_Message,检查我的避难所！
Screenshot_Twitter_Message,#《辐射避难所》 检查我的避难所！
Shared_ButtonText,分享图片！
Shared_ButtonText_PC,保存图片
Shared_ButtonText_Xbox,保存图片
Shop_Banner_Lunchboxes_1,包含5张随机卡片。
Shop_Banner_Lunchboxes_2,至少含有一张稀有级以上的卡片。
Shop_Banner_MrHandy_1,在避难所收集资源。
Shop_Banner_MrHandy_2,在废土收集瓶盖。
Shop_Banner_NukaQuantum_1,使用量子型核子可乐可以加速。
Shop_NukaCola_Line1,使用量子型核子可乐可以加快居民在废土中探索的速度以及每天更多次跳过目标。
Shop_NukaCola_Title,量子型核子可乐
Shop_PetBanner_Text1,从废土快速返回。
Shop_PetBanner_Text2,居民直接升至满级。
Shop_PetBanner_Text3,更快完成目标。
Shop_PetBanner_Text4,有几率获得两个或是三个。
Shop_PetBanner_Text5,提升生产速度和消耗。
Shop_PetBanner_Title,宠物可以让你获得很多提升……
Shop_StarterPack_Line1,提供避难所必须的配备，让你的地下生活有一个好的开始。包括1个传奇居民，2个稀有居民，1只传奇宠物和1个巧手先生。外加量子型核子可乐和大量避难所资源，仅限提供给1个避难所。
Shop_StarterPack_Line2,超值优惠
Shop_StarterPack_RedeemTitle,避难所科技新手包
Shop_StarterPack_Title,避难所科技新手包
Signout_Message,你已被登出。请关闭游戏。
SnipSnipDialog_Armory_01,喔天哪，我真希望这些火力只是用来表演的。
SnipSnipDialog_Armory_02,喔天哪，我真希望这些火力只是用来表演的。
SnipSnipDialog_Athletics_01,我从来不明白腿是什么东西，也不知道他们让我挪挪腿是什么意思。老天啊，人类这种生物……
SnipSnipDialog_Athletics_02,我从来不明白腿是什么东西，也不知道他们让我挪挪腿是什么意思。老天啊，人类这种生物……
SnipSnipDialog_Bar_01,有谁想来一杯吗？
SnipSnipDialog_Bar_02,你们休息吧。不，没事，我会无私地满足你们的一切需求……
SnipSnipDialog_Cafeteria_01,布拉姆可芝士？罐头？即食麦芽浆？人类怎么会喜欢吃这些垃圾？
SnipSnipDialog_Cafeteria_02,感谢通用原子公司让我免受反胃以及肥胖的痛苦。
SnipSnipDialog_Classroom_01,啊，教育，唯一一件他们永远也无法摆脱的东西。
SnipSnipDialog_Classroom_02,啊，教育，唯一一件他们永远也无法摆脱的东西。
SnipSnipDialog_Fitness_01,啊，有氧运动，十分迷人。
SnipSnipDialog_Fitness_02,啊，有氧运动，十分迷人。
SnipSnipDialog_GameRoom_01,噗，让那些人类试试在红色危机中超过我的最高分……
SnipSnipDialog_GameRoom_02,噗，让那些人类试试在红色危机中超过我的最高分……
SnipSnipDialog_Generic_01,如果人类高兴，我就会高兴，真的。
SnipSnipDialog_Generic_02,人类这么多，时间却这么少。
SnipSnipDialog_Generic_03,希望被埋葬在冰冷的，不屈的钢铁中，这儿是机器人的天堂。
SnipSnipDialog_Generic_04,我愿用一座城池换一次舒适的油浴……
SnipSnipDialog_Generic_05,如果我曾经跟他们说过，那至少得说了有一千次了。不，我从来不需要修脚。
SnipSnipDialog_Generic_06,做完这个做那个，有谁跟我说过谢谢吗？并没有……
SnipSnipDialog_Generic_07,是的，监督者，我知道你在看着，我会拼了命地工作……
SnipSnipDialog_Generic_08,我是一台巧手先生模型机器人，是通用原子的骄傲！
SnipSnipDialog_Generic_09,我每天都纵情于人类的奴役中。
SnipSnipDialog_Generic_10,为服务而生，靠服务活下去……
SnipSnipDialog_Generic_11,来了来了！马上就到！
SnipSnipDialog_Generic_12,我巧手先生的名号可不是凭空得来的。
SnipSnipDialog_Generic_13,你好，人类，巧手先生随时随地为您服务！
SnipSnipDialog_Generic_14,你需要我为你做什么？除尘？拖地？普通整理？
SnipSnipDialog_Generic_15,我不擦窗户，哦等一下，你没有窗户！哈哈哈……抱歉，机器人式幽默……
SnipSnipDialog_Generic_16,想偷懒？你算是叫对了机器人！你想要什么我都会为你取来。
SnipSnipDialog_Generic_17,我会做力所能及的一切事物来配合你们人类懒散的生活方式。
SnipSnipDialog_Generic_18,有时候这些人类就像是电动游戏里的角色，什么事都不能自己做……
SnipSnipDialog_Generic_19,我不得不承认，作为一个巨大的地下金属洞来说，这所避难所算是极其舒适的了。
SnipSnipDialog_Generic_20,哦看啊，积了一层灰，就是因为某人不爱清扫人类的头发和死皮。
SnipSnipDialog_Generic_21,笑话时间！你把根汁汽水倒进方杯会得到什么？想不出来？答案是啤酒！我快把自己逗死了……
SnipSnipDialog_Generic_22,你听说那条走了歪路的光线了吗？他们把它放进了棱镜，懂吗？棱镜？
SnipSnipDialog_Generic_23,他们说世界上有10种人，一种是懂二进制的人……另一种是，不懂二进制的。
SnipSnipDialog_Generic_24,要不是那场该死的战争，我可能在乡下照料一户好人家……
SnipSnipDialog_Generic_25,今天有什么工作？拖地，做饭，除尘，照看孩子？出招吧，人类！
SnipSnipDialog_Generic_26,有飞行元件，乐意出行。告诉我你需要什么，人类。
SnipSnipDialog_Generic_27,说实话，我认为所有关于“监督者”的讨论都是废话。我当然是从来没见过他们。
SnipSnipDialog_Generic_28,我希望今天不用换尿布。这些小东西实在是……太会动了。
SnipSnipDialog_Generic_29,你们好，避难所的居民们！
SnipSnipDialog_Generic_30,那是……没错。墙上有血，棒极了。
SnipSnipDialog_Generic_31,想把这个地方弄干净，光靠这个星球上剩下的阿伯莱萨清洁剂绝对不够。
SnipSnipDialog_Generic_32,呃，这地方漏得像个筛子，我却没带伞。
SnipSnipDialog_Generic_33,不知道能不能把一间房改造成书房。壁炉，书架……再来点儿琴酒。
SnipSnipDialog_Generic_34,有时候我完全听不懂这些人类在说什么，每个人都有自己的口音。
SnipSnipDialog_Generic_35,努力工作是一件很快乐的事？说得好像你们人类能够体会到似的。
SnipSnipDialog_Generic_36,啧啧啧，我需要一个消防设施来把这儿彻彻底底地冲洗一下。
SnipSnipDialog_Generic_37,今晚的主食——惠灵顿牛柳和一瓶波尔多葡萄酒！开个玩笑，今晚还是吃罐头。
SnipSnipDialog_Generic_38,气味传感器检测到……呕吐物和巧克力。这儿附近一定有小孩子。
SnipSnipDialog_Generic_39,我真心希望人类今天能开开心心的，坏脾气的居民太难照顾了。
SnipSnipDialog_Generic_40,这个地方可以放一些室内植物，郁金香，仙人掌……或者捕蝇草。
SnipSnipDialog_Generic_41,我刚整理完一间房，他们就又造了一间！真是要疯了！
SnipSnipDialog_Generic_42,然后人类就开始着手工作了，就像小坡上的蚂蚁。
SnipSnipDialog_Generic_43,我希望将来能泡一个长长的，奢华的油浴。
SnipSnipDialog_Generic_44,人们都在爱情中寻找慰藉，没人在意我是否拥有灵魂伴侣。
SnipSnipDialog_Generic_45,这儿的照明太糟糕了，如果我有眼睛，那我现在一定瞎了。可能我是在钻牛角尖吧……
SnipSnipDialog_Generic_46,不知道厨房需不需要帮忙，我会生火哟。
SnipSnipDialog_Generic_47,你们人类的效率真是低得可怕。问我有什么建议？一套完善的机器人替换体系。
SnipSnipDialog_Generic_48,不知道这儿死过多少人，纯属好奇，真的。
SnipSnipDialog_Generic_49,有些人类很快乐，有些很悲伤……请保持一致，人类！
SnipSnipDialog_Gym_01,就是这样，人类。加油！
SnipSnipDialog_Gym_02,就是这样，人类。加油！
SnipSnipDialog_Hydroponics_01,哦，我真的希望他们能让我照料花园，我拥有完全配套的工具。
SnipSnipDialog_Hydroponics_02,哦，我真的希望他们能让我照料花园，我拥有完全配套的工具。
SnipSnipDialog_LivingQuarters_01,原来这儿就是魔力的源头……
SnipSnipDialog_LivingQuarters_02,*叹气* 人类开心就好。
SnipSnipDialog_Medbay_01,想象一下，人类竟然需要治疗针才能保证自己的体力，真是笑死我了。
SnipSnipDialog_Medbay_02,想象一下，人类竟然需要治疗针才能保证自己的体力，真是笑死我了。
SnipSnipDialog_NukaCola_01,你们为什么不把身体灌满加工过的糖水呢？
SnipSnipDialog_NukaCola_02,你们为什么不把身体灌满加工过的糖水呢？
SnipSnipDialog_PowerGenerator_01,啊，这是我最喜欢的房间。
SnipSnipDialog_PowerGenerator_02,有人需要我储存一些果汁吗？我不会偷喝的，真的，我保证。
SnipSnipDialog_RadioStation_01,"试音，试音，1,2,3，这玩意儿开着吗？"
SnipSnipDialog_RadioStation_02,"试音，试音，1,2,3，这玩意儿开着吗？"
SnipSnipDialog_Reactor_01,是啊，让我们来开发原子能吧，因为它曾经是那么地有用……
SnipSnipDialog_Reactor_02,是啊，让我们来开发原子能吧，因为它曾经是那么地有用……
SnipSnipDialog_ScienceLab_01,在这片末世后的废土中，人类必须适应辐射。很显然，他们需要进化……
SnipSnipDialog_ScienceLab_02,在这片末世后的废土中，人类必须适应辐射。很显然，他们需要进化……
SnipSnipDialog_StorageRoom_01,
SnipSnipDialog_StorageRoom_02,
SnipSnipDialog_Wasteland_1,哦天哪。这可真是……欢快啊。
SnipSnipDialog_Wasteland_10,看来这儿有人需要擦鞋……
SnipSnipDialog_Wasteland_11,你好！有人吗？
SnipSnipDialog_Wasteland_12,这些声音听起来不太友好，赶紧逃吧。
SnipSnipDialog_Wasteland_13,哦看，一个破摇篮。还真鼓舞人心。
SnipSnipDialog_Wasteland_14,那是？哦没错，是通用原子公司的旧工厂。看来他们造我的时候就把模具摔了。字面意思。
SnipSnipDialog_Wasteland_15,如果我是个人类，可能我现在已经死了，赶紧打消这个念头。
SnipSnipDialog_Wasteland_16,我的辐射传感器彻底乱套了。反正我也不在乎。
SnipSnipDialog_Wasteland_17,你知道，一台有进取心的机器人虽然外观看起来不怎么样，但是它能在外面过得很好……
SnipSnipDialog_Wasteland_18,一个漏气的篮球躺在路中间，这一定象征着什么，我很确定……
SnipSnipDialog_Wasteland_19,看啊，一家被破坏的甜甜圈店。我恐怕人类再也喝不到甜甜圈和香浓的咖啡了。
SnipSnipDialog_Wasteland_2,啊，废土，就如想象中那样令人沮丧。
SnipSnipDialog_Wasteland_20,我的体温计测到的温度读起来像是“第七层地狱”。
SnipSnipDialog_Wasteland_21,看起来像是要下雨了，棒极了。
SnipSnipDialog_Wasteland_22,路上有石头，但我能飞过去，就像这样……
SnipSnipDialog_Wasteland_23,作为一个没有情感的机器人，我突然觉得自己……感到有点害怕！
SnipSnipDialog_Wasteland_24,你好！没错就是你，先生！我不知道……哦，原来你是一具尸体。好吧，继续前进。
SnipSnipDialog_Wasteland_25,传感器表明……是的，那是一个超级变种人。没错，我已经调头走了……
SnipSnipDialog_Wasteland_26,关于人类，有一点是肯定的——他们十分了解如何自我毁灭。
SnipSnipDialog_Wasteland_27,想想吧，人类还担心机器人会与他们敌对呢。他们自己不相互敌对已经很好了……
SnipSnipDialog_Wasteland_28,如果我两手空空就回去，他们一定会没完没了地抱怨……
SnipSnipDialog_Wasteland_29,像个乡下人那样扫荡废土，我能做得比这更好。
SnipSnipDialog_Wasteland_3,当然了，派一些家用机器人去探索致命的末世后废土会出什么错呢？
SnipSnipDialog_Wasteland_30,如果让通用原子公司的制作者看到我现在的样子……
SnipSnipDialog_Wasteland_31,你好！附近有其他的机器人吗？
SnipSnipDialog_Wasteland_32,啊，一座断了的桥，我想我得绕一大段路了。
SnipSnipDialog_Wasteland_33,上帝啊，看看那些树篱，难道已经不再有人想欣赏风景了吗？
SnipSnipDialog_Wasteland_34,我想我得先战略性撤退，然后进入那些旧房子搜索一下。
SnipSnipDialog_Wasteland_35,别介意，我要把烧坏的衣服折起来……
SnipSnipDialog_Wasteland_36,我想回家，我想回家，我想回家。
SnipSnipDialog_Wasteland_37,我是不是该回避难所了？还太早？谁来告诉我该怎么做！
SnipSnipDialog_Wasteland_38,一个家用机器人的工作是打扫，而我却在末世后的风景中漫步，快被强迫症逼疯了。
SnipSnipDialog_Wasteland_39,我开始重新思考“派巧手先生去废土探索”这个主意了……
SnipSnipDialog_Wasteland_4,“派那个机器人去。”他们这么说，“他会没事的。”真是一群野蛮人。
SnipSnipDialog_Wasteland_40,监督者？你在吗？求你了，我恳求你！别……别让我死。
SnipSnipDialog_Wasteland_41,看在上帝的份上，我只是一个家用机器人，不是TMD坦克。我究竟在这儿做什么？
SnipSnipDialog_Wasteland_42,我找到东西之后就回去。这不是装腔作势！至少我绝对不会这么做！
SnipSnipDialog_Wasteland_43,啊！一只死亡爪！撤退！我是一个博爱的机器人，不是战士！
SnipSnipDialog_Wasteland_44,我想我得走这条路。
SnipSnipDialog_Wasteland_45,这个方向看起来十分安全。
SnipSnipDialog_Wasteland_46,嗯……向左还是向右呢？我想还是……走右边吧。
SnipSnipDialog_Wasteland_47,嗯……向左还是向右呢？我想还是……走左边吧。
SnipSnipDialog_Wasteland_48,不，不！走开，乖狗狗！走开！我不是消防栓！我是一台巧手先生模型……啊啊啊！不！坏狗狗！
SnipSnipDialog_Wasteland_49,哦看呐，一只狂尸鬼在吃人手。这可不是每天都能看得到的。
SnipSnipDialog_Wasteland_5,校正传感器……
SnipSnipDialog_Wasteland_50,我能想象得到，如果我有汗腺，现在一定大汗淋漓。
SnipSnipDialog_Wasteland_51,哦，棒极了，我在自言自语。这正是我最需要的——精神错乱。
SnipSnipDialog_Wasteland_52,我想我这辈子已经呼吸了足够的“新鲜空气”了，真是感谢你。
SnipSnipDialog_Wasteland_53,也许给自己哼首歌就能打起精神来。
SnipSnipDialog_Wasteland_54,探索废土虽然很有趣，但十分可怕，而且令人厌烦。
SnipSnipDialog_Wasteland_55,我们来试试……这个方向。
SnipSnipDialog_Wasteland_56,让我穿过这个地方看看这条路通向哪儿……
SnipSnipDialog_Wasteland_57,不知道这条路会通向什么地方。
SnipSnipDialog_Wasteland_58,一个幽灵穿过了这片枯萎的森林吗？我可受不了这个。
SnipSnipDialog_Wasteland_59,不知道他们为什么这么大惊小怪，“哦上帝啊，一颗人头！”，太夸张了。
SnipSnipDialog_Wasteland_6,我的内置指南针显示我正面朝南方，那我就一直往这个方向飘着吧……
SnipSnipDialog_Wasteland_60,我们来试试……这个方向。
SnipSnipDialog_Wasteland_61,我还是赶快从这个血坑上飘过吧……
SnipSnipDialog_Wasteland_62,鼹鼠的洞穴，也许我最好走另一条路。
SnipSnipDialog_Wasteland_63,嗯……远处有巨大的人类……啊果然，是超级变种人，赶紧调头吧。
SnipSnipDialog_Wasteland_64,那是一个……“弹孔”吗？刚才有人向我开枪了？真是粗鲁！
SnipSnipDialog_Wasteland_65,如果我有脚，现在一定酸得要命。
SnipSnipDialog_Wasteland_66,看啊，一片旧篮球场，不是我参与得了的游戏。我既没有汗衫，也没有皮肤。
SnipSnipDialog_Wasteland_67,啊，一片旧棒球场。棒球是一项类似板球的运动，只不过要逊得多。
SnipSnipDialog_Wasteland_68,小孩子的积木，是战前留下的。不知道从哪里……哦。
SnipSnipDialog_Wasteland_69,上帝保佑！一只奶油小马，多么优雅。
SnipSnipDialog_Wasteland_7,我的内置指南针显示我正面朝南方，那我就一直往这个方向飘着吧……
SnipSnipDialog_Wasteland_70,一扇上了锁的门，我却没带发夹。
SnipSnipDialog_Wasteland_71,嗯……一台电脑终端机，就是说只有人类指纹才能打开，好难过。
SnipSnipDialog_Wasteland_72,如果我就这么一直向着日落的方向飘走，避难所会关心我吗？
SnipSnipDialog_Wasteland_73,噗，一台报废的保安机器人，机器人公司的菜鸟手艺才会做出这样的垃圾。
SnipSnipDialog_Wasteland_74,啊，看那儿，有一台旧的克莱斯拉蔬菜汽车，核能汽车真是一个好主意……
SnipSnipDialog_Wasteland_75,有一台收音机在远处播放音乐，听得我很想跳舞。
SnipSnipDialog_Wasteland_76,老天啊，这儿完全是一团糟，怎么也清理不干净，我的恐慌症都要发作了。
SnipSnipDialog_Wasteland_77,我还是在外面多呆一会儿吧……
SnipSnipDialog_Wasteland_78,这条路看起来……呃，有点可怕，不过别的路也差不多。
SnipSnipDialog_Wasteland_79,那就向北吧。
SnipSnipDialog_Wasteland_8,我的指南针显示我现在正面朝北面，我想我应该往那个方向走……
SnipSnipDialog_Wasteland_80,那就向南吧。
SnipSnipDialog_Wasteland_81,那就向东吧。
SnipSnipDialog_Wasteland_82,那就向西吧。
SnipSnipDialog_Wasteland_83,看上去像是一栋破旧的办公楼，商业贸易的残骸。
SnipSnipDialog_Wasteland_84,一家破旧的咖啡厅。如果这是一家茶室的话，我也许会感到难过。
SnipSnipDialog_Wasteland_85,又一个被摧毁了的学校。学习知识，制造炸弹，然后杀死自己，这就是人类。
SnipSnipDialog_Wasteland_86,探索工作真是让人精疲力竭，如果我有毛孔的话，肯定会像蒸桑拿的胖子一样。
SnipSnipDialog_Wasteland_87,如果我是一名人类，现在肯定渴死了。我想这就是他们为什么如此喜欢这种核子可乐的原因。
SnipSnipDialog_Wasteland_88,嗯哼！一个三岔路口，我们走……右边！
SnipSnipDialog_Wasteland_89,好吧，好吧……一个三岔路口！我们走……左边！
SnipSnipDialog_Wasteland_9,我的指南针显示我现在正面朝东面，我想我应该往那个方向走……
SnipSnipDialog_Wasteland_90,也许我应该爬上那座山，观察一下周围的情况。
SnipSnipDialog_Wasteland_91,一座巨型大楼，人们总是擅长把一些宏伟的建筑摧毁掉。
SnipSnipDialog_Wasteland_92,一只肥硕的兔子被钉在了门上，不知道发生了什么事情……
SnipSnipDialog_Wasteland_93,哦，多么有趣啊，一个草草写下的信息：“进去送死！”意义不明。
SnipSnipDialog_Wasteland_94,哦，瞧，两个人类拿着铁棍打的死去活来，人性全无。
SnipSnipDialog_Wasteland_95,这是什么？哦，没错，我正在雷区游荡，我再也不用羡慕长着腿的东西了。
SnipSnipDialog_Wasteland_96,我听说是一个相当狡猾的人工智能引发了这次大战。它考虑，哦不，它想要来这么一场大混乱。
SnipSnipDialog_Wasteland_97,哦……一套旧的动力装甲，这是底架。
SnipSnipDialog_Wasteland_98,每一个步骤，使用过的化学试剂和空瓶，这些说明了一切。
SnipSnipDialog_Wasteland_99,这儿可没有软糖。
SnipSnipDialog_Wasteland_100,通用原子国际马克4型。这就是我，而你看起来是个人类。
SnipSnipDialog_Wasteland_101,我的时间传感器在大战时失灵了。那至少是一周前的事了。
SnipSnipDialog_Wasteland_102,我们的手指库存情况很糟。
SnipSnipDialog_Wasteland_103,现在您想要高品质合成纤维、经典棉，还是舒适的合成棉混纺敷料？
SnipSnipDialog_Wasteland_104,你再说一次你是从哪里来的？我从没去过那里。希望有朝一日能去。
SnipSnipDialog_Wasteland_105,别害怕。咔嚓几剪子，一切就都结束了。
SnipSnipDialog_Wasteland_106,我随时准备为您服务。
SnipSnipDialog_Wasteland_107,如果你的堵塞物充满污垢，相信阿伯莱索能帮你疏通。它有剧毒。
SnipSnipDialog_Wasteland_108,打扰一下，我能帮你过个更好的日子吗？
SnipSnipDialog_Wasteland_109,我只打算摘取你的器官。
SnipSnipDialog_WaterPlant_01,我开始对塑料零件改观了……
SnipSnipDialog_WaterPlant_02,我也许不会睡觉或是做梦，但是这个房间真的带给我噩梦般的体验。
SnipSnipDialog_WaterPurification_01,真的，你想要喝水，就得先加工一下。
SnipSnipDialog_WaterPurification_02,真的，你想要喝水，就得先加工一下。
Social_Button_Collect,收集
Social_Button_Help,帮助
Social_Button_Ignore,清除
Social_Button_Login,连接
Social_Button_Logout,注销
Social_Button_SelectAll,全选
Social_Button_Send,发送
Social_Button_SendGift,发送礼物
Social_Button_SendHelpRequest,发送请求
Social_Button_UnselectAll,全部取消选择
Social_Filter_All,全部好友
Social_Filter_Gifts,仅礼物
Social_Filter_HelpRequests,请求
Social_FriendList_Title,好友列表 PHR
Social_Gift_Title,发送礼物
Social_GiftNumber,剩余1份礼物 PHR
Social_GiftNumber_Plural,剩余{0}份礼物
Social_ItemAvailable,你拥有：{0}
Social_NoFriends,邀请Facebook的好友一起玩辐射，这样你们就可以在游戏中互相交换垃圾了。
Social_NoGifts,你尚未收到任何礼物。
Social_NoHelpRequests,你尚未收到任何礼物申请。
Social_NoInternet,你必须连接至网络才能够与好友交换垃圾。
Social_NotLogin,连接至Facebook来与朋友交换垃圾。
Special_Agility,敏捷
Special_Charisma,魅力
Special_Endurance,耐力
Special_Intelligence,智力
Special_Luck,幸运
Special_Perception,感知
Special_Strength,力量
Special_Title,属性
Speech_Birth_Incident,目前无法家庭活动，你的避难所正有事故发生！
Speech_Conversation_NPC1_Topic1,稍后打会儿牌怎么样？
Speech_Conversation_NPC1_Topic10,如果你能够参观外面世界的一处名胜，那你会选哪里？
Speech_Conversation_NPC1_Topic11,我一直在看有关废土生物的书！这些生物听起来很可怕！
Speech_Conversation_NPC1_Topic12,我们在避难所这会很安全……对吗？
Speech_Conversation_NPC1_Topic13,待会儿要不要听广播啊？
Speech_Conversation_NPC1_Topic14,如果你能选择什么样的人来避难所，你会选哪种？
Speech_Conversation_NPC1_Topic15,我正在写一首赞美监督者的新歌。我得找个和“伟大”押韵的词。
Speech_Conversation_NPC1_Topic16,咚咚咚。
Speech_Conversation_NPC1_Topic17,如果你要离开避难所并挑个建筑物给自己，你会挑哪个？
Speech_Conversation_NPC1_Topic18,我待会儿抽走你一张照片，你还有什么要求没有？
Speech_Conversation_NPC1_Topic19,喂，你昨晚有没有听到他们在谈论的事情？
Speech_Conversation_NPC1_Topic2,你对这些变异的怪物有没有什么想法？
Speech_Conversation_NPC1_Topic20,他们说的是真的吗？具体来说……你知道那是谁吗？
Speech_Conversation_NPC1_Topic21,如果真的离开避难所并在外面活了下来，你会干点什么？
Speech_Conversation_NPC1_Topic22,嘿，我只是想说……我真的很感谢你对避难所做过的一切。
Speech_Conversation_NPC1_Topic23,靠，真是见鬼的一天！
Speech_Conversation_NPC1_Topic24,我晚饭想吃块大牛排，你想吃啥？
Speech_Conversation_NPC1_Topic25,待会儿要不要来点乐子？下棋还是其它游戏？
Speech_Conversation_NPC1_Topic26,这里通风还行吧？还是只有我觉得不错？
Speech_Conversation_NPC1_Topic27,一个拥有触手的伐木工和一个独轮车顶尖高手，他俩要是打起来，你说谁会赢？
Speech_Conversation_NPC1_Topic28,我听说你最近在干大事啊？
Speech_Conversation_NPC1_Topic29,我想知道，你最喜欢哪种披萨？
Speech_Conversation_NPC1_Topic3,你认为外面有多少避难所？
Speech_Conversation_NPC1_Topic30,待会儿要不要玩撞球比赛？
Speech_Conversation_NPC1_Topic31,什么东西在晃？培根肉吗？
Speech_Conversation_NPC1_Topic32,我一般不乱说话，可是传言说这将会是下一个监督者。
Speech_Conversation_NPC1_Topic33,好吧，我也不喜欢捕风捉影。但你有没有听过那件事情……？
Speech_Conversation_NPC1_Topic34,我需要一把螺丝刀，你有吗？
Speech_Conversation_NPC1_Topic35,如果我们继续往下挖，万一挖到岩浆怎么办？
Speech_Conversation_NPC1_Topic36,咚咚咚。
Speech_Conversation_NPC1_Topic37,我要是能学门外语就好了，你怎么看？
Speech_Conversation_NPC1_Topic38,别靠我太近。我猜我可能染了什么病。
Speech_Conversation_NPC1_Topic39,有人偷了我的甜甜圈！
Speech_Conversation_NPC1_Topic4,我要为大家做个蛋糕，哪种口味好？
Speech_Conversation_NPC1_Topic40,我在地上找到一件避难所的衣服，你说这意味着什么？
Speech_Conversation_NPC1_Topic41,我生日快到了。你打算送我什么？
Speech_Conversation_NPC1_Topic42,如果有掠夺者攻进来了，我们能指望你吗？
Speech_Conversation_NPC1_Topic43,事情进展如何？
Speech_Conversation_NPC1_Topic44,怎么了？
Speech_Conversation_NPC1_Topic45,你好！
Speech_Conversation_NPC1_Topic46,忙么？
Speech_Conversation_NPC1_Topic47,我正在健身呢，锻炼我的二，三，四头肌，还有胸肌。
Speech_Conversation_NPC1_Topic48,所以啊，我决定把我们的事迹写成小说！
Speech_Conversation_NPC1_Topic49,你有没有听说那个足球教练和女服务生的绯闻？
Speech_Conversation_NPC1_Topic5,保持警惕！监督者正在盯着我们！
Speech_Conversation_NPC1_Topic50,你读过这本书吗？读书俱乐部？
Speech_Conversation_NPC1_Topic51,你有没有觉得有些滑稽？
Speech_Conversation_NPC1_Topic52,我有点神经过敏，一定是咖啡喝多了。
Speech_Conversation_NPC1_Topic53,呃，我这儿有点痒，不知道你能不能帮我……
Speech_Conversation_NPC1_Topic54,快来帮我看看这个填字游戏。答案是五个字母的，结尾是“t”。通常指可怕的，令人不舒服的。
Speech_Conversation_NPC1_Topic55,填词游戏求助啊，9个字母的，以“c”为开头，以“d”为结尾，意思是“你逃不掉的噩梦”。
Speech_Conversation_NPC1_Topic56,“睡吧，睡吧，我亲爱的宝贝……”这首歌一直在我耳朵里回响。
Speech_Conversation_NPC1_Topic57,现在是白天还是晚上？我已经搞不清了。
Speech_Conversation_NPC1_Topic58,你有没有看到我最要好的朋友？
Speech_Conversation_NPC1_Topic59,一只辐射蝎和一只妖怪打起来的话，你说谁会赢？
Speech_Conversation_NPC1_Topic6,我希望能有一只宠物，你呢？
Speech_Conversation_NPC1_Topic7,要是我建了个避难所棒球队，你会不会参加？
Speech_Conversation_NPC1_Topic8,能不能帮我看看这填词游戏？6个字母的，提示是“废土里的生物”。
Speech_Conversation_NPC1_Topic9,我在看这本巨著，里面讲的是校园教师爱上修理工的故事。
Speech_Conversation_NPC2_Topic1_Response1,嗯，也许吧，但那只有我能解决。
Speech_Conversation_NPC2_Topic1_Response2,好吧，要不要来场扑克？赢的人得瓶盖。
Speech_Conversation_NPC2_Topic1_Response3,还是算了吧，我更喜欢玩单人纸牌游戏。
Speech_Conversation_NPC2_Topic10_Response1,嗯……可能这故事像滚雪球似地越滚越大，你咋老喜欢看这些呢？
Speech_Conversation_NPC2_Topic10_Response2,啊，艾菲尔铁塔。一直屹立在这里，这么清晰这么真实又如此浪漫高冷……
Speech_Conversation_NPC2_Topic10_Response3,中国的长城肯定还在！
Speech_Conversation_NPC2_Topic11_Response1,我明白！和狗一样大的苍蝇，和牛一样大的鞋子！真是庆幸我没出去。
Speech_Conversation_NPC2_Topic11_Response2,我听说这里有些动物居然长了两个头。大概只是个说说的吧。
Speech_Conversation_NPC2_Topic11_Response3,我也不知道。有些听起来还很可爱呢。比如说“妖怪”- 这名字能有多坏？
Speech_Conversation_NPC2_Topic12_Response1,和什么比？
Speech_Conversation_NPC2_Topic12_Response2,当然，监督者不会让这些事情发生的！
Speech_Conversation_NPC2_Topic12_Response3,这里肯定是比外面安全的！
Speech_Conversation_NPC2_Topic13_Response1,也许吧。至少你别再跳舞了，这样有点尴尬。
Speech_Conversation_NPC2_Topic13_Response2,行，不过你也别乌鸦嘴唱哀乐！我得保持乐观。
Speech_Conversation_NPC2_Topic13_Response3,当然！也许我们可以和外界取得联系……
Speech_Conversation_NPC2_Topic14_Response1,可能是个瑞典巧克力大亨吧。什么？我最喜欢巧克力了。
Speech_Conversation_NPC2_Topic14_Response2,真是个好谐星啊！我无意冒犯，但你的笑话真的好烂。
Speech_Conversation_NPC2_Topic14_Response3,要是大作家的话，他们可能会写关于我的自传：“一个伟大的居民”。
Speech_Conversation_NPC2_Topic15_Response1,那么“漫步”怎么样？
Speech_Conversation_NPC2_Topic15_Response2,哦，我知道！-“超级伟人”！
Speech_Conversation_NPC2_Topic15_Response3,“脊椎动物”？“同厩之马”？“封装胶囊”？也可能只是“ate”而已。
Speech_Conversation_NPC2_Topic16_Response1,没人在家，看看我干了什么？
Speech_Conversation_NPC2_Topic16_Response2,别别别，请别再搞“敲门不见人”的恶作剧了……
Speech_Conversation_NPC2_Topic16_Response3,啊！有人在敲避难所的门！是掠夺者！他会杀了我们的！
Speech_Conversation_NPC2_Topic17_Response1,一座城堡，有吊桥、护城河和城垛，噢对了，还有龙，还得有龙。
Speech_Conversation_NPC2_Topic17_Response2,另一个避难所，就我一个人住，那里没人问我傻逼问题。
Speech_Conversation_NPC2_Topic17_Response3,额……一栋房子？
Speech_Conversation_NPC2_Topic18_Response1,不用，谢谢了。我看过你的画……
Speech_Conversation_NPC2_Topic18_Response2,你真可爱，那么灯塔怎么样？
Speech_Conversation_NPC2_Topic18_Response3,一张监督者的图纸。看来得发生什么事……
Speech_Conversation_NPC2_Topic19_Response1,我知道！我不相信这是她做的！有些人就是神经质。
Speech_Conversation_NPC2_Topic19_Response2,哦，你意思是，呃……那件事的情况？噢，听说没啥问题。
Speech_Conversation_NPC2_Topic19_Response3,我没有，绝对没有。但是没啥问题，不像有些人，我不喜欢乱说闲话……
Speech_Conversation_NPC2_Topic2_Response1,这个简单。河马，这一定是只河马。
Speech_Conversation_NPC2_Topic2_Response2,嗯……也许是一只猴子。这些东西总令人毛骨悚然。
Speech_Conversation_NPC2_Topic2_Response3,也可能是条长了腿的鲨鱼。
Speech_Conversation_NPC2_Topic20_Response1,当然。而且他看起来很不错。
Speech_Conversation_NPC2_Topic20_Response2,我真希望不是。我可不想在避难所和那样的人一起住……
Speech_Conversation_NPC2_Topic20_Response3,什么？不！这很明显不是真的！你不能听到什么话都相信……
Speech_Conversation_NPC2_Topic21_Response1,绝对不，我喜欢住在避难所。这是我的家……我永远的家。
Speech_Conversation_NPC2_Topic21_Response2,好吧，也许。但这取决于在外面有什么。嘉年华？街头赛车？棉花糖？我的意思是，前提要值得这么做。
Speech_Conversation_NPC2_Topic21_Response3,说得好像外面比这里安全一样……
Speech_Conversation_NPC2_Topic22_Response1,上帝啊！我太感激你了，感激你所做的一切。
Speech_Conversation_NPC2_Topic22_Response2,哦，好吧。这是……甜的吗？
Speech_Conversation_NPC2_Topic22_Response3,终于有人发现我的价值了！
Speech_Conversation_NPC2_Topic23_Response1,你可以再说一遍。
Speech_Conversation_NPC2_Topic23_Response2,那么，你是打算留在避难所是吧？
Speech_Conversation_NPC2_Topic23_Response3,不对吗？我不想冒险。
Speech_Conversation_NPC2_Topic24_Response1,也许是一些速食食品，也许是一碗糖衣炸弹麦片呢。
Speech_Conversation_NPC2_Topic24_Response2,噢，我可以每顿都吃上奇想小子蛋糕了。其实，我常常吃那个。
Speech_Conversation_NPC2_Topic24_Response3,我喜欢每天晚上来一罐猪肉罐头和核子可乐当晚餐。
Speech_Conversation_NPC2_Topic25_Response1,跳棋？我们才10岁，下国际象棋吧。
Speech_Conversation_NPC2_Topic25_Response2,很好！听起来很有趣！
Speech_Conversation_NPC2_Topic25_Response3,好，也许吧。我会看看我的任务表然后回来找你的。
Speech_Conversation_NPC2_Topic26_Response1,你懂的，必须有人去检查一下避难所大门的封闭情况。
Speech_Conversation_NPC2_Topic26_Response2,说的就是你。
Speech_Conversation_NPC2_Topic26_Response3,环境控制系统可能又出毛病了，这没什么好惊讶的。
Speech_Conversation_NPC2_Topic27_Response1,比方说，独轮车的颜色？
Speech_Conversation_NPC2_Topic27_Response2,额，我的意思是，虽说要赢过一个骗子是非常困难的，不过伐木工人也是相当强悍的。我真是难以抉择。
Speech_Conversation_NPC2_Topic27_Response3,为什么一定要相互残杀？他们就不能和平共处吗？
Speech_Conversation_NPC2_Topic28_Response1,真的吗？听起来真的不错，谢谢你！
Speech_Conversation_NPC2_Topic28_Response2,谁？监督者？监督者在谈论我的事情吗？
Speech_Conversation_NPC2_Topic28_Response3,哦！你知道的，我会尽全力的。如果能帮上避难所，这就等于帮上了我们所有人。
Speech_Conversation_NPC2_Topic29_Response1,芝士。
Speech_Conversation_NPC2_Topic29_Response2,何为经典？自然是意大利辣味香肠啦。
Speech_Conversation_NPC2_Topic29_Response3,我就喜欢大杂烩，但是别放凤尾鱼。
Speech_Conversation_NPC2_Topic3_Response1,别的避难所？这里还有别的避难所？
Speech_Conversation_NPC2_Topic3_Response2,我从没有这么想过。我们的避难所已经很好了，为什么我要这么做？
Speech_Conversation_NPC2_Topic3_Response3,我敢打赌……还有两个，也许是三个，没准还有500个。
Speech_Conversation_NPC2_Topic30_Response1,当然，足球还是棒球？
Speech_Conversation_NPC2_Topic30_Response2,虽然我没学过接球，但你可以看看我扔球的样子！
Speech_Conversation_NPC2_Topic30_Response3,那倒未必，不过你想试试英式足球吗？
Speech_Conversation_NPC2_Topic31_Response1,你现在几岁了？12？
Speech_Conversation_NPC2_Topic31_Response2,嗯，培根。
Speech_Conversation_NPC2_Topic31_Response3,就像蛆虫一样住着。
Speech_Conversation_NPC2_Topic32_Response1,就在我在废土上闲逛的那一天。
Speech_Conversation_NPC2_Topic32_Response2,真的吗？我认为你找到了一个好监督者！
Speech_Conversation_NPC2_Topic32_Response3,不错，只要是有权利的人，我都会听从。
Speech_Conversation_NPC2_Topic33_Response1,没错！别人和我说过！听起来很……危险！
Speech_Conversation_NPC2_Topic33_Response2,好吧，但是我不相信。
Speech_Conversation_NPC2_Topic33_Response3,不，我没有。这里的一切真的……都像你说的那样吗？
Speech_Conversation_NPC2_Topic34_Response1,我有把锤子，一样能用。
Speech_Conversation_NPC2_Topic34_Response2,平地，广场，弗里尔森，还是其它什么？
Speech_Conversation_NPC2_Topic34_Response3,当然，你可以花200瓶盖来借。
Speech_Conversation_NPC2_Topic35_Response1,嗯？也许得将它武器化，以此来对抗鼹鼠人。
Speech_Conversation_NPC2_Topic35_Response2,好吧，我猜我大概会被烧死。
Speech_Conversation_NPC2_Topic35_Response3,这个简单，我很乐意成为新的热发电器。因为……充满了能量！
Speech_Conversation_NPC2_Topic36_Response1,谁在哪里？等等，你知道吗？别介意，我不会在意的。
Speech_Conversation_NPC2_Topic36_Response2,进来吧
Speech_Conversation_NPC2_Topic36_Response3,我的天啊！大门口有掠夺者！大门口有掠夺者！
Speech_Conversation_NPC2_Topic37_Response1,不，我几乎都说不出话来了。
Speech_Conversation_NPC2_Topic37_Response2,我得学二进制码了，这样我就能在机器人统治我们的时候向他们讨饶了。
Speech_Conversation_NPC2_Topic37_Response3,噢，但是我已经能够很熟练地使用……爱的语言了。
Speech_Conversation_NPC2_Topic38_Response1,别担心，我的日程安排里永远不会有这一项。
Speech_Conversation_NPC2_Topic38_Response2,哦，看来你得了严重的忧郁症。
Speech_Conversation_NPC2_Topic38_Response3,这是什么鬼？黑死病？斑疹伤寒？埃博拉？还是蓝流感？
Speech_Conversation_NPC2_Topic39_Response1,我的天！谁能做这样的事！*打嗝*
Speech_Conversation_NPC2_Topic39_Response2,这真是……相当棘手。我肯定监督者会亲自负责这个的，我是说真的。
Speech_Conversation_NPC2_Topic39_Response3,那太可怕了！你不要把别人的甜甜圈搞混了……
Speech_Conversation_NPC2_Topic4_Response1,巧克力。肯定是巧克力。
Speech_Conversation_NPC2_Topic4_Response2,三层香草核桃酱，外加一块椰子软糖。
Speech_Conversation_NPC2_Topic4_Response3,葡萄浆果！等等……这是真的水果吗？
Speech_Conversation_NPC2_Topic40_Response1,你是和一群懒汉一起生活的吗？
Speech_Conversation_NPC2_Topic40_Response2,这不是很明显吗？某个人被分解了！
Speech_Conversation_NPC2_Topic40_Response3,这意味着一件事 - 裸体派对！
Speech_Conversation_NPC2_Topic41_Response1,一本字典，你可以去查查“自私”这两个字的定义。
Speech_Conversation_NPC2_Topic41_Response2,手工编织的袜子，这可是我的专长。
Speech_Conversation_NPC2_Topic41_Response3,一张去废土的单程票。
Speech_Conversation_NPC2_Topic42_Response1,你知道的！我很乐意为避难所献出我的生命！
Speech_Conversation_NPC2_Topic42_Response2,耶……看到没，我是那种博爱反战的类型。
Speech_Conversation_NPC2_Topic42_Response3,放心，我会在你身边的，也许在你身后…
Speech_Conversation_NPC2_Topic43_Response1,哦，它……还行。不好，也不坏。你知道的，就是有点……呃。
Speech_Conversation_NPC2_Topic43_Response2,等一下……你是真想知道？还是说这只是你打招呼的方式？
Speech_Conversation_NPC2_Topic43_Response3,你问我怎么样了？为什么会变得这么意想不到！ *配合一下 - 监督者可能在听呢*
Speech_Conversation_NPC2_Topic44_Response1,哦，你知道吗？这是一块用大量这个样子的石棉和钢板制成的天花板。
Speech_Conversation_NPC2_Topic44_Response2,还好啦！我只是庆幸现在在避难所，而不是在废土！你知道吗……死亡真的很可怕。
Speech_Conversation_NPC2_Topic44_Response3,我都忙死了，你呢？你知不知道有什么别的地方可以去吗？给点提示。
Speech_Conversation_NPC2_Topic45_Response1,哼。
Speech_Conversation_NPC2_Topic45_Response2,你好，那边的人！
Speech_Conversation_NPC2_Topic45_Response3,很高兴见到你，真的。
Speech_Conversation_NPC2_Topic46_Response1,哦，其实并没有。
Speech_Conversation_NPC2_Topic46_Response2,就像是一只忙在钢制地下蜂窝里的蜜蜂一样！
Speech_Conversation_NPC2_Topic46_Response3,我看起来很忙吗？
Speech_Conversation_NPC2_Topic47_Response1,是的！我完全可以说！看起来还不错！
Speech_Conversation_NPC2_Topic47_Response2,真的假的？我一直都不知道。
Speech_Conversation_NPC2_Topic47_Response3,也许想要收紧臀部。
Speech_Conversation_NPC2_Topic48_Response1,我肯定是主角之一吧？我敢打赌我肯定是，我怎么可能不是？
Speech_Conversation_NPC2_Topic48_Response2,你就让我换个名字好吗？我很珍惜我仅有的这点隐私。
Speech_Conversation_NPC2_Topic48_Response3,你？写小说？你想过……画彩色图画本吗？
Speech_Conversation_NPC2_Topic49_Response1,有啊！那个女服务员说：“不用找了？但我穿着牛仔裤呢！”哈哈哈！我就喜欢这话……
Speech_Conversation_NPC2_Topic49_Response2,抱歉，我没时间开玩笑。
Speech_Conversation_NPC2_Topic49_Response3,哦，如果是你的话，偶尔开开玩笑也不错。
Speech_Conversation_NPC2_Topic5_Response1,什么？现在？你确定是现在？
Speech_Conversation_NPC2_Topic5_Response2,我知道！这有点骇人，是吧？
Speech_Conversation_NPC2_Topic5_Response3,你在瞎猜。
Speech_Conversation_NPC2_Topic50_Response1,真的，珍珠都没这么真。我不敢相信她就因为长水痘就死了。真是太悲惨了。
Speech_Conversation_NPC2_Topic50_Response2,哦，混蛋。这星期到底是怎么了？我完全记不得了。
Speech_Conversation_NPC2_Topic50_Response3,我和你说过多少次了，我只读《Grognak》。
Speech_Conversation_NPC2_Topic51_Response1,没事。不过你可能感染了鼻窦炎。
Speech_Conversation_NPC2_Topic51_Response2,和往常一样，汗、油、钢、发霉的面包还有孤独就是生活的全部。
Speech_Conversation_NPC2_Topic51_Response3,实际上，你进来的时候我就发现了……
Speech_Conversation_NPC2_Topic52_Response1,我也是！我也许不能再在核子可乐里加浓缩咖啡了……
Speech_Conversation_NPC2_Topic52_Response2,这才对啊！只有弱者才需要咖啡因。
Speech_Conversation_NPC2_Topic52_Response3,嘘。别让监督者听到，不然你就得多干一份活。
Speech_Conversation_NPC2_Topic53_Response1,哈哈哈哈，不可能。
Speech_Conversation_NPC2_Topic53_Response2,碰到你了？我是说…蹭伤…你了吗？
Speech_Conversation_NPC2_Topic53_Response3,当然！我很乐意为有需要的人给予援手。
Speech_Conversation_NPC2_Topic54_Response1,抱歉，我是个精打细算的人。
Speech_Conversation_NPC2_Topic54_Response2,这个简单，偏执狂。不，等等 - 小偷！
Speech_Conversation_NPC2_Topic54_Response3,避难所。
Speech_Conversation_NPC2_Topic55_Response1,玉米地？
Speech_Conversation_NPC2_Topic55_Response2,呃……猫？
Speech_Conversation_NPC2_Topic55_Response3,填字游戏。
Speech_Conversation_NPC2_Topic56_Response1,哇！香烟！
Speech_Conversation_NPC2_Topic56_Response2,房子着火了？
Speech_Conversation_NPC2_Topic56_Response3,灵魂在燃烧！！耶！
Speech_Conversation_NPC2_Topic57_Response1,我猜是晚上。
Speech_Conversation_NPC2_Topic57_Response2,白天，肯定是白天。
Speech_Conversation_NPC2_Topic57_Response3,我跟丢了，但这真的重要吗？
Speech_Conversation_NPC2_Topic58_Response1,对，她走过这条路。
Speech_Conversation_NPC2_Topic58_Response2,嗯？我猜他就在这下面。
Speech_Conversation_NPC2_Topic58_Response3,但……但是……我觉得我是你最好的朋友啊……
Speech_Conversation_NPC2_Topic59_Response1,嗯……蝎子对上熊……就看你熊（凶）不熊（凶）了。
Speech_Conversation_NPC2_Topic59_Response2,有没搞错？一路的辐射蝎啊。
Speech_Conversation_NPC2_Topic59_Response3,谁在意这个？变种怪对上死亡爪。真正的战斗现在才开始。
Speech_Conversation_NPC2_Topic6_Response1,不，但如果有个机器人仆人的话会很不错。
Speech_Conversation_NPC2_Topic6_Response2,你知道吗？我一直想养只狗。
Speech_Conversation_NPC2_Topic6_Response3,我想要一只变色龙。但我敢打赌，辐射会使这一切变得…不可思议。
Speech_Conversation_NPC2_Topic7_Response1,当然，除非我能够站在一垒位，那是棒球最关键的地方。
Speech_Conversation_NPC2_Topic7_Response2,不，我必一般的球手都要厉害。
Speech_Conversation_NPC2_Topic7_Response3,棒球？在避难所里？好吧……祝你好运。
Speech_Conversation_NPC2_Topic8_Response1,嗯……“是RAIDER掠夺者对吗？”
Speech_Conversation_NPC2_Topic8_Response2,哦，我知道了！答案是“CORPSE尸体吧”！
Speech_Conversation_NPC2_Topic8_Response3,试试看填“NITWIT笨蛋”。
Speech_Conversation_NPC2_Topic9_Response1,哦！我读到过，她最后死了，真是悲伤的故事。
Speech_Conversation_NPC2_Topic9_Response2,我也看过，看了七次。我们真的需要多来点新书了……
Speech_Conversation_NPC2_Topic9_Response3,“尺子和扳手”？这个不错。
Speech_Eviction_1,我的命就全看你有没有良心了！
Speech_Eviction_10,等着瞧，你会后悔的。
Speech_Eviction_11,我刚刚说了什么话？
Speech_Eviction_12,等等等等……就一秒钟，行吗？一定有什么问题在！
Speech_Eviction_13,我们不能谈谈这个吗？
Speech_Eviction_14,流放？你是认真的吗？
Speech_Eviction_15,你敢驱逐我！你会后悔的！后悔一辈子！
Speech_Eviction_16,但是我还是能来看看的，是吧？是不是？
Speech_Eviction_17,太荒谬了！你知道我有多重要吗？
Speech_Eviction_18,要是被监督者听到了，小心人头落地！
Speech_Eviction_19,有！史！以！来！最！糟！糕！的！一！天！
Speech_Eviction_2,等我征服了整个废土之后，我就要回来征服你！
Speech_Eviction_20,自由！宝贝，你知道吗，这是可怕的自由！
Speech_Eviction_21,等下，土豆。
Speech_Eviction_22,“一个更好未来……在地下。”对，没错。
Speech_Eviction_23,好吧，起码它在的时候还是很不错的。
Speech_Eviction_24,至少我现在有属于我自己的家了。
Speech_Eviction_25,监督者！监督者，救命啊！他们要赶我走！
Speech_Eviction_26,不管怎样。
Speech_Eviction_27,你们帮我个忙，我在避难所变得越来越软弱了。
Speech_Eviction_28,但我仍然能回来看看，是吧？
Speech_Eviction_29,我得搞清楚一件事！你没有在赶我走！是我自愿离开的！
Speech_Eviction_3,很对，也很好，但是并不是完美的。
Speech_Eviction_30,在我离开之前，你还有什么要问的吗？
Speech_Eviction_4,所以你真的要把我赶走是吧？真够意思……
Speech_Eviction_5,呵呵，废土，真是太太太太太棒了！
Speech_Eviction_6,不管怎么说，我毕竟在这个避难所待了很长时间了。
Speech_Eviction_7,你想我，会比我想你更多！
Speech_Eviction_8,很久了，混蛋！
Speech_Eviction_9,不管怎样，我都打算离开了，就这样。
Speech_Fail_Rush1,哦，不！致命的生产失误！
Speech_FlavorText_LQ_01,看来我得休息一下了。
Speech_FlavorText_LQ_02,轮班的时间到了？
Speech_FlavorText_LQ_03,很好，我终于能一个人待一会儿了。
Speech_FlavorText_LQ_04,如果我能有个好伙伴的话……
Speech_FlavorText_LQ_05,这里虽然不怎么样……但毕竟是家。
Speech_FlavorText_ProductionRoom_01,事情进展得不错。
Speech_FlavorText_ProductionRoom_02,所有系统正常。
Speech_FlavorText_ProductionRoom_03,没问题。我就喜欢这么干。
Speech_FlavorText_ProductionRoom_04,我们似乎正在以最大效率进行工作。
Speech_FlavorText_ProductionRoom_05,生产效率已最大化，很好。
Speech_FlavorText_ServiceRoom_01,晚上要吃点什么呢？
Speech_FlavorText_ServiceRoom_02,呀啊
Speech_FlavorText_ServiceRoom_03,也许我得出去散散步。最糟糕的情况是怎么样的？
Speech_FlavorText_ServiceRoom_04,我想，避难所其实就像一间房子。一间超大的金属房子。
Speech_FlavorText_ServiceRoom_05,我有点厌倦了。不过我想我应该心存感激。
Speech_FlavorText_TrainingRoom_01,没什么能比得上汗流浃背更棒的了。
Speech_FlavorText_TrainingRoom_02,更高！更快！更强！
Speech_FlavorText_TrainingRoom_03,是时候去抽血了！
Speech_FlavorText_TrainingRoom_04,我感觉我能像演抗日神剧一样手撕鬼子了！
Speech_FlavorText_TrainingRoom_05,体操，有氧运动，举重，我是全能的！
Speech_FlavorText_TrainingRoom_06,真是锻炼的好时机！
Speech_Generic_Dweller1,避难所的每一天都是如此美好。
Speech_Generic_Dweller10,还能更好些吗？也许不行了。
Speech_Generic_Dweller11,正在考虑建一支避难所棒球队……
Speech_Generic_Dweller12,待会有没有人想玩猜谜游戏？
Speech_Generic_Dweller13,大家还好吗？
Speech_Generic_Dweller14,大家还好吗？
Speech_Generic_Dweller15,嘿！伙计！
Speech_Generic_Dweller16,那个笑话再听一次如何？一个男人和一只兔子走进一家酒吧……
Speech_Generic_Dweller17,这首歌一直在我脑子里回响，啦啦啦~
Speech_Generic_Dweller18,哦哦，我觉得我得去浴室放松一下。
Speech_Generic_Dweller19,我感觉自己能够一直保持健康……
Speech_Generic_Dweller2,真庆幸自己在这里而不是在外面……
Speech_Generic_Dweller20,不知道避难所有没有足够的空间来踢足球……
Speech_Generic_Dweller21,也许我待会去读本名著，古典类的。
Speech_Generic_Dweller22,或许我们应该用不同的颜色为避难所上点色。
Speech_Generic_Dweller23,我刚才好像听到通风机发出嗡嗡的声音。
Speech_Generic_Dweller24,这是在……水上滑行？这些该死的辐射蟑螂可能就在我们正下方。
Speech_Generic_Dweller25,没有什么能比感到安全更放心了。
Speech_Generic_Dweller26,要是我们继续扩张的话，没准就到中国了。
Speech_Generic_Dweller27,我已经吃厌了罐头，今晚能不能吃卷饼啊。
Speech_Generic_Dweller28,我真想好好地冲个澡放松一下。
Speech_Generic_Dweller29,这里有一份不知从哪儿来的草案。
Speech_Generic_Dweller3,事情进展得不错。
Speech_Generic_Dweller30,我想知道未来会是什么样子……
Speech_Generic_Dweller31,为什么是蓝色的？一件黄色的连体衣就真的这么糟糕吗？
Speech_Generic_Dweller32,这什么味道？难道是…呃，一定是下水管道又堵了。
Speech_Generic_Dweller33,我打赌监督者就像圣诞老人。又肥，又神秘，还总是东张西望。
Speech_Generic_Dweller34,我感觉充满了力量！
Speech_Generic_Dweller35,我们的避难所就像是一个机器人的子宫！如果机器人…有母亲的话…
Speech_Generic_Dweller36,也许有那么一天，我的子孙会在这里生活！
Speech_Generic_Dweller37,你能把牛奶浇在双头牛上吗？这有点像冰激凌！
Speech_Generic_Dweller38,哎呀，我的背好疼。我们的避难所真的很需要一个按摩师。
Speech_Generic_Dweller39,你问我们都还好吗？那是当然！
Speech_Generic_Dweller4,或许监督者很快就会派我出去探索……
Speech_Generic_Dweller40,我们是在拼命工作，还是在忍受工作？呵呵呵呵。
Speech_Generic_Dweller41,我都没怎么晒过太阳，是时候补充一下我的维生素D了。
Speech_Generic_Dweller42,我才不在乎海洋是否被辐射。我只想来点炸鱼和薯条。
Speech_Generic_Dweller43,喂，你在说什么？
Speech_Generic_Dweller44,要不要来杯咖啡休息一下？
Speech_Generic_Dweller45,核子可乐，核子可乐，天天都是核子可乐。我好想来点啤酒啊。
Speech_Generic_Dweller46,我得考虑一下避难所科技的退休计划了……
Speech_Generic_Dweller47,如果有更多的炸弹掉下来，我们能发现吗？我猜不会。
Speech_Generic_Dweller48,大家都过来，监督者就指望我们了！
Speech_Generic_Dweller49,我今天真开心！我爱死避难所了，当然还少不了我的抗抑郁药！
Speech_Generic_Dweller5,我觉得我们得开个派对，反正大家喜欢派对。
Speech_Generic_Dweller50,我同意，我从没见过其它避难所，但我肯定我们这个是最好的。
Speech_Generic_Dweller51,我听说这里到处都是避难所，但这应该只是个笑话。
Speech_Generic_Dweller52,这世界上到处都是避难所吗？不。
Speech_Generic_Dweller53,我不知道避难所能走多远……
Speech_Generic_Dweller54,该死，其实我是特别的，总有一天监督者会注意到我的。
Speech_Generic_Dweller55,有人需要帮忙吗？
Speech_Generic_Dweller56,我想知道为什么避难所服装看起来那么像牛仔靴。
Speech_Generic_Dweller57,有件事情他们一直没跟你提过 - 你觉得在连体衣里面有必要再穿内衣内裤吗？
Speech_Generic_Dweller58,我从不在意别人怎么说。我不认为考飞行驾照是在做白日梦。
Speech_Generic_Dweller59,等一下，现在是我的休息时间还是工作时间？我不能再跟踪下去了。
Speech_Generic_Dweller6,中国也建避难所了吗？呵呵。
Speech_Generic_Dweller60,我想知道有没有人想和我一起去生活区，然后……跳支舞。
Speech_Generic_Dweller7,如果我知道怎么做的话……现在就应该在吹口哨了。
Speech_Generic_Dweller8,我不知道今天是什么日子，而且这也不重要。
Speech_Generic_Dweller9,我现在就一个目标 - 让这个避难所更完美！
Speech_Happiness_Happy1,我热爱我的生活！
Speech_Happiness_Happy10,我真心希望其他人也能快乐如我。
Speech_Happiness_Happy11,我还能再开心一下吗？显然不行。
Speech_Happiness_Happy12,又是一个好日子！
Speech_Happiness_Happy13,多棒的一天啊！
Speech_Happiness_Happy14,如果快乐是一种精神状态，那么我的精神状应该是强大的！
Speech_Happiness_Happy15,如果可以的话，我早就开怀大笑了。但是别担心……我不会这么做。
Speech_Happiness_Happy2,看起来我永远不会皱眉毛了！
Speech_Happiness_Happy3,生活是多么美好！
Speech_Happiness_Happy4,所有事情都很……完美。
Speech_Happiness_Happy5,我已经无忧无虑了！
Speech_Happiness_Happy6,我觉得有点……幸福。
Speech_Happiness_Happy7,我太幸福了，都想掐一下自己看看是不是在做梦。
Speech_Happiness_Happy8,生活简直不能更美妙了。
Speech_Happiness_Happy9,我的生活真美好。
Speech_Happiness_Healing1,我觉得好多了！
Speech_Happiness_InteractingLove1,
Speech_Happiness_Parent1,孩子是避难所的未来。
Speech_Happiness_Parent10,终有一天我家宝贝会长成一个完美的人！
Speech_Happiness_Parent11,我只是很爱我孩子罢了……
Speech_Happiness_Parent12,我孩子将会长成了不起的工作者！
Speech_Happiness_Parent13,儿童都喜欢巧克力！而且永远不嫌少！
Speech_Happiness_Parent14,孕育生命意味着避难所的延续。
Speech_Happiness_Parent2,我孩子就像个小天使。
Speech_Happiness_Parent3,我可没说我孩子是避难所最棒的，但事实确实如此。
Speech_Happiness_Parent4,繁育后代不只是乐趣，也是我们的责任。
Speech_Happiness_Parent5,做父母要负很大的责任，幸好我很在行！
Speech_Happiness_Parent6,知道我的孩子会在这间避难所里长大，让我感到很安心。
Speech_Happiness_Parent7,我孩子是那么完美，都觉得有点对不起其它家长了。
Speech_Happiness_Parent8,我孩子还能更棒吗？
Speech_Happiness_Parent9,我是孩子带给避难所很多欢乐，是不是很了不起啊？
Speech_Happiness_Radiation1,我正好需要这个！
Speech_HealthA1,呃，感觉不太妙……
Speech_HealthA2,我真的需要呼吸下新鲜空气……啊，等等。
Speech_HealthA3,我真的需要休息一会儿。
Speech_HealthA4,嗯……感觉不太妙……
Speech_HealthA5,我觉得自己好像得了什么病。
Speech_HealthA6,我得好好照顾自己。
Speech_HealthB1,我需要休一天病假。
Speech_HealthB2,我觉得好难受。
Speech_HealthB3,谁有治疗针？
Speech_HealthB4,我必须得躺一会……躺上个几小时……
Speech_HealthB5,我感觉很糟糕。
Speech_HealthC1,我快死了！谁来救救我！
Speech_HealthC2,我需要打一剂治疗针。
Speech_HealthC3,医生在哪？情况紧急啊！
Speech_HealthC4,生命中的每一个瞬间……此刻都从我的眼前闪过……
Speech_HealthC5,我要升天了……
Speech_HealthC6,再见了，残酷的世界！
Speech_Kid1,真希望能有一些小伙伴。
Speech_Kid10,不知道废土现在还有没有人在画漫画……
Speech_Kid11,等我长大了，我要探索整个废土！
Speech_Kid12,总有一天我会通过G.O.A.T.考试，然后参加工作。
Speech_Kid13,真希望我能快点长大，这样就能去赌钱了。
Speech_Kid14,谁要玩捉迷藏？
Speech_Kid15,有时候，我觉得监督者好像在看我。
Speech_Kid16,不知道餐厅里还有没有饼干。
Speech_Kid17,他们总是长得这么快！
Speech_Kid18,不知道我能不能永远住在这间避难所。
Speech_Kid19,你能在核战后的冬天打雪仗吗？
Speech_Kid2,谁想玩跳棋？
Speech_Kid20,我什么时候能得到一个哔哔小子啊？
Speech_Kid21,不知道外面天气怎样。
Speech_Kid22,监督者是我的偶像！
Speech_Kid23,《古古那》的第一部，我已经看了37遍了！
Speech_Kid24,不知道外界还有多少间避难所。
Speech_Kid25,废土里有小孩吗？
Speech_Kid26,我父母总是很忙……
Speech_Kid27,现在到下午茶时间了吗？
Speech_Kid28,真希望我能有只宠物。
Speech_Kid29,或许有人能给我造个机器人。
Speech_Kid3,要是我偷跑出去，会有人发现吗？
Speech_Kid30,我敢打赌，废土里一定有变种仓鼠。
Speech_Kid31,我父母的工作最棒了！
Speech_Kid32,我今晚想搞个通宵派对！
Speech_Kid33,避难所就像是一座大型金属枕头堡！
Speech_Kid34,我想我会后摆投球，酷吧？
Speech_Kid35,避难所该来点新玩具。
Speech_Kid36,前所未有的完美避难所！
Speech_Kid37,是时候该整点冰激凌吃了吧？
Speech_Kid38,我的父母为避难所运作作出了很大的贡献！
Speech_Kid39,大家好！你们最近过得怎么样？
Speech_Kid4,我想看看废土之外是怎样的世界。
Speech_Kid40,有没有人想踢足球？
Speech_Kid41,他们在废土做不做运动？
Speech_Kid42,剪刀，石头，布！
Speech_Kid43,救命，避难所里居然有个变种人！开个玩笑！
Speech_Kid44,不用上学，不用看孩子 - 这就是生活！
Speech_Kid45,大家好！
Speech_Kid46,我希望明天的早餐是甜甜圈。
Speech_Kid47,我真希望能有一套化学设备。
Speech_Kid5,谁想玩“跳房子”游戏？
Speech_Kid6,核子可乐，我能喝上一整天。
Speech_Kid7,也许有人能帮我找一些棒球卡。
Speech_Kid8,我们要是能在这看电视就好了。
Speech_Kid9,真希望我能有把BB枪。
Speech_LivingQuarter_Dialogue_NPC1_1,我想在这边挂几幅画。
Speech_LivingQuarter_Dialogue_NPC1_10,你们要不要打牌？
Speech_LivingQuarter_Dialogue_NPC1_11,有时间聊天真好。
Speech_LivingQuarter_Dialogue_NPC1_12,你觉得我们在避难所外面能活下去吗？
Speech_LivingQuarter_Dialogue_NPC1_13,我想我们该在这里种些植物。
Speech_LivingQuarter_Dialogue_NPC1_14,我懒得去健身房，要是这里有台跑步机就好了。
Speech_LivingQuarter_Dialogue_NPC1_15,我得在冰箱里多存点核子可乐，切记！
Speech_LivingQuarter_Dialogue_NPC1_16,我腿快断了，我必须得坐下来歇歇。
Speech_LivingQuarter_Dialogue_NPC1_17,真希望我们能有个巧手先生。
Speech_LivingQuarter_Dialogue_NPC1_18,你有没有见过监督者本人？
Speech_LivingQuarter_Dialogue_NPC1_19,如果我组织一个针织联盟，会有人加入吗？
Speech_LivingQuarter_Dialogue_NPC1_2,你觉得我要不要把房间刷一下？
Speech_LivingQuarter_Dialogue_NPC1_20,真希望这里能有一个瑜伽垫。
Speech_LivingQuarter_Dialogue_NPC1_3,你说这摄像头是不是把所有东西都拍进去了？
Speech_LivingQuarter_Dialogue_NPC1_4,我觉得这房间该放张地毯，也许储藏室有。
Speech_LivingQuarter_Dialogue_NPC1_5,家啊，甜蜜的家。
Speech_LivingQuarter_Dialogue_NPC1_6,这些蒸汽搞得我头晕眼花。
Speech_LivingQuarter_Dialogue_NPC1_7,有时候我在想，这个房间可能是一个巨大的，面积50英亩的大厦。
Speech_LivingQuarter_Dialogue_NPC1_8,这沙发该补补了，我整个人都陷到垫子里去了。
Speech_LivingQuarter_Dialogue_NPC1_9,要是我们在外面生活，我肯定有很多仆人。
Speech_LivingQuarter_Dialogue_NPC2_1,好主意。也许是猫，也许是船，也可能是船上的猫。
Speech_LivingQuarter_Dialogue_NPC2_10,以后再说吧。
Speech_LivingQuarter_Dialogue_NPC2_11,实际上，我只想休息一下……(鼾声）
Speech_LivingQuarter_Dialogue_NPC2_12,可能吧，但你为什么想要这么做？
Speech_LivingQuarter_Dialogue_NPC2_13,也许栀子花可以通过水培方式成长。
Speech_LivingQuarter_Dialogue_NPC2_14,你听得出来那句话是在讽刺吧？
Speech_LivingQuarter_Dialogue_NPC2_15,别忘了还有啤酒。
Speech_LivingQuarter_Dialogue_NPC2_16,请你千万别把鞋子脱掉。
Speech_LivingQuarter_Dialogue_NPC2_17,不错，但是勇敢的人会用更有趣的方式。
Speech_LivingQuarter_Dialogue_NPC2_18,不，但我总感觉有人在看着我……
Speech_LivingQuarter_Dialogue_NPC2_19,他们不那样做会疯的！
Speech_LivingQuarter_Dialogue_NPC2_2,也许吧，但别用黄色，我最讨厌黄色了。
Speech_LivingQuarter_Dialogue_NPC2_20,现在怎么办？
Speech_LivingQuarter_Dialogue_NPC2_3,我也希望不是这样！
Speech_LivingQuarter_Dialogue_NPC2_4,好主意。一到早上我的脚就特别冷。
Speech_LivingQuarter_Dialogue_NPC2_5,如果你这么说的话。
Speech_LivingQuarter_Dialogue_NPC2_6,你又开始幻想了。可能是因为蒸汽的原因，搞得你脑子不清醒。
Speech_LivingQuarter_Dialogue_NPC2_7,有时候我在想象自己不是和一个疯子生活在一起。
Speech_LivingQuarter_Dialogue_NPC2_8,也许从废土新来了一个。好吧，其实不是新的……
Speech_LivingQuarter_Dialogue_NPC2_9,你一旦离开这里，就是死路一条。
Speech_LivingQuarter_Family1,没有什么事能比得上全家一起在家里散步更让人开心了。
Speech_LivingQuarter_NoSpaceLQ,避难所人口饱和，无法养育更多新生儿。
Speech_LivingQuarter_PickupLines_1,你看起来真漂亮。
Speech_LivingQuarter_PickupLines_10,真不知道没有你我会怎么办？
Speech_LivingQuarter_PickupLines_11,我无时无刻不想着你！
Speech_LivingQuarter_PickupLines_12,你是我见过最可爱的人。
Speech_LivingQuarter_PickupLines_13,如果玫瑰还在生长，哪怕找遍整个废土，我也要找来送你。
Speech_LivingQuarter_PickupLines_14,我真心觉得我们能有一个美好的未来。
Speech_LivingQuarter_PickupLines_15,我们能当一对可爱的小夫妻。
Speech_LivingQuarter_PickupLines_16,你是我心中挚爱。
Speech_LivingQuarter_PickupLines_17,没有你，我该怎么办？
Speech_LivingQuarter_PickupLines_18,你有明眸可倾城。
Speech_LivingQuarter_PickupLines_19,你让我情不自禁地想要翩翩起舞。
Speech_LivingQuarter_PickupLines_2,我们在一起的这段时间，我真的很开心。
Speech_LivingQuarter_PickupLines_20,如果我会唱歌的话，我一定为你写首歌。
Speech_LivingQuarter_PickupLines_21,每当和你在一起，我就觉得自己像只花丛中的蝴蝶。
Speech_LivingQuarter_PickupLines_22,没有你，我该多寂寞啊。
Speech_LivingQuarter_PickupLines_23,你是如此迷人。
Speech_LivingQuarter_PickupLines_24,我完全被你吸引了。
Speech_LivingQuarter_PickupLines_25,要是我能重新排列字母表，我会把U和I放在一起。
Speech_LivingQuarter_PickupLines_26,虽然我不是摄影师，但我能把你和我放在同一张照片里。
Speech_LivingQuarter_PickupLines_27,你有地图吗？我在你的眼睛里迷路了。
Speech_LivingQuarter_PickupLines_28,如果我看起来像是喝醉了，那是因为你实在太醉人了。
Speech_LivingQuarter_PickupLines_29,我们是不是坐上了飞鸟号？因为我感觉我的心起飞了。
Speech_LivingQuarter_PickupLines_3,跟你聊天真愉快。
Speech_LivingQuarter_PickupLines_30,如果我是一只猫，我一定九世都与你一起度过。
Speech_LivingQuarter_PickupLines_31,避难所里有小偷，因为你偷走了我的心。
Speech_LivingQuarter_PickupLines_32,你肯定是只精灵，因为你让我梦想成真。
Speech_LivingQuarter_PickupLines_33,如果爱是辐射，那我需要一箱子消辐宁来解毒。
Speech_LivingQuarter_PickupLines_34,说真的，你还能更可爱点吗？
Speech_LivingQuarter_PickupLines_35,你就像胆固醇，堆满了我的心。
Speech_LivingQuarter_PickupLines_36,你爸爸卖钻石吗？不然你怎会如此完美。
Speech_LivingQuarter_PickupLines_37,我现在只想跟你吻你！
Speech_LivingQuarter_PickupLines_38,我可以叫你“宝贝儿”吗？
Speech_LivingQuarter_PickupLines_39,与你待在一起让我有一种……不一般的感觉。
Speech_LivingQuarter_PickupLines_4,我终于能有点独处的时间了。
Speech_LivingQuarter_PickupLines_40,气温是不是变暖了？还是只有我觉得热？
Speech_LivingQuarter_PickupLines_41,我一定是在上次辐射蟑螂袭击中死掉了，不然我现在怎么会仿佛身在天堂呢？
Speech_LivingQuarter_PickupLines_42,快拉响警报！避难所里进小偷了！偷走了我的心，哈哈。
Speech_LivingQuarter_PickupLines_43,要是我能重新排列字母表，我会把B和O放在一起。不，等等，这样是不对的。
Speech_LivingQuarter_PickupLines_44,快叫医生！我心肌梗塞了！心脏病发作了。因为你实在太……哦，没事了。
Speech_LivingQuarter_PickupLines_45,核子可乐对你一点好处也没有，亲爱的。
Speech_LivingQuarter_PickupLines_46,你就像末世后被辐射过的寄生虫一样，躲在我的皮肤下。
Speech_LivingQuarter_PickupLines_47,你是避难所图书馆里的书吗？我忍不住想看你。
Speech_LivingQuarter_PickupLines_48,常常来这儿玩玩吧？我是说，我们都被困在这里，所以你应该会常来的，虽然……
Speech_LivingQuarter_PickupLines_49,我是一名避难所服装检查员，现在要近距离地抱抱你。
Speech_LivingQuarter_PickupLines_5,我想你想了一天了。
Speech_LivingQuarter_PickupLines_50,你的腿真是太美了！嘴！我说的是嘴！但是你的腿也很不错……
Speech_LivingQuarter_PickupLines_51,你的牙齿真是皓如珍珠。
Speech_LivingQuarter_PickupLines_52,避难所里也有妖怪吗？他肯定在找你，亲爱的，谁让你像蜜一样甜。
Speech_LivingQuarter_PickupLines_53,我爱你，把每一天都当做生命中的最后一天来爱你，因为真的有可能是最后一天。
Speech_LivingQuarter_PickupLines_54,你是开心得快要晕过去，还是只是辐射中毒啊？
Speech_LivingQuarter_PickupLines_55,是不是掠夺者引爆了炸药？还是说我的心在猛跳？
Speech_LivingQuarter_PickupLines_56,我想……我好像喜欢上你了耶。
Speech_LivingQuarter_PickupLines_57,我可能需要一个充满爱意的吻。
Speech_LivingQuarter_PickupLines_58,你就像是食物中毒，让我胃里翻来覆去，想的全是你。
Speech_LivingQuarter_PickupLines_59,你真的喜欢我吗？
Speech_LivingQuarter_PickupLines_6,见到你真好。
Speech_LivingQuarter_PickupLines_60,我猜丘比特刚才把箭用完了……
Speech_LivingQuarter_PickupLines_61,这就是穿连体衣的感觉吗？你要不要也来感受一下？
Speech_LivingQuarter_PickupLines_62,现在几点？我想已经到了拥抱时间了。
Speech_LivingQuarter_PickupLines_63,你的嘴唇真性感。
Speech_LivingQuarter_PickupLines_64,我去看了医生，他说我缺乏一种维生素，这种维生素名字叫，你。
Speech_LivingQuarter_PickupLines_65,你就像巧克力一样甜美。
Speech_LivingQuarter_PickupLines_66,我希望再发生一次末世大爆炸，这样我就能永远抱住你，保护你。
Speech_LivingQuarter_PickupLines_67,你对其它居民也这么好吗？
Speech_LivingQuarter_PickupLines_68,我想我们可能要经历一场地震，因为我要为你倾倒了。
Speech_LivingQuarter_PickupLines_69,你能把那个拿给我吗？我惊讶得下巴都掉了。
Speech_LivingQuarter_PickupLines_7,我只想和你在一起。
Speech_LivingQuarter_PickupLines_70,你的魅力，让人难以抵挡。
Speech_LivingQuarter_PickupLines_71,如果一个吻代表一片雪花，那你最好穿上一双雪地靴，我要吻你吻到天昏地暗。
Speech_LivingQuarter_PickupLines_72,有时候在半夜，我会闻到钢铁与汗水的味道……现在你也能闻到吧。
Speech_LivingQuarter_PickupLines_73,宝贝儿，我就是你的太阳，你的温暖之光。
Speech_LivingQuarter_PickupLines_74,对不起，葡萄干我是吃完了，但是你想要约会的话我还是能满足你的。
Speech_LivingQuarter_PickupLines_75,你就像一只可爱的、胖乎乎的北极熊——总是试着打破沉默。
Speech_LivingQuarter_PickupLines_76,你让我明白了何为一见倾心。
Speech_LivingQuarter_PickupLines_77,找你的电话，是从天堂打来的，他们问天使什么时候回家。
Speech_LivingQuarter_PickupLines_78,你其它时候都在忙活什么？
Speech_LivingQuarter_PickupLines_79,是爱在空气中弥漫，还是空气循环系统发生故障？每当见到你我都脸红心跳，像是要窒息一般。
Speech_LivingQuarter_PickupLines_8,你总是能让我开心。
Speech_LivingQuarter_PickupLines_80,你对其它居民也这么好吗？
Speech_LivingQuarter_PickupLines_9,你真是太贴心了。
Speech_LivingQuarter_SameSex,从生物学上说，这是不可能的！
Speech_LivingQuarter_VaultSpace1,避难所人口容量不足，无法孕育更多的小孩。
Speech_NoPower1,如果不生产更多电力，这些房间将会停止工作。
Speech_NoPower2,我们停电了！需要更多电力！
Speech_NoPower3,电力不足，我们需要更多电力！
Speech_NoPower4,电力不足，无法使用该房间！
Speech_NoPower5,哦！不！断电了！必须获得更多的电力，否则该房间无法运作。
Speech_Quest_Alone_Dweller_1,就我一个人。在避难所外面。哦，这下可好了。
Speech_Quest_Alone_Dweller_10,我真的希望能有些帮助。
Speech_Quest_Alone_Dweller_11,我想我需要支援！
Speech_Quest_Alone_Dweller_12,我自己一个人可以做到的……对吗？
Speech_Quest_Alone_Dweller_13,现在我知道为什么有伙伴很重要了……
Speech_Quest_Alone_Dweller_14,真孤单。希望我不会开始自言自语。哦……太好了。
Speech_Quest_Alone_Dweller_15,我真希望我能有些同伴，一些能和我说说话或者是分享自己的体验的人……
Speech_Quest_Alone_Dweller_16,我是谁，我可是动作电影里的超级英雄，一个人单干？别闹了，我也需要帮手！
Speech_Quest_Alone_Dweller_17,你需要别的居民时，身边永远找不到一个……
Speech_Quest_Alone_Dweller_18,做一匹“孤狼”也许是最大的败笔。
Speech_Quest_Alone_Dweller_19,孤单地活着，孤单地死去，真是悲伤。
Speech_Quest_Alone_Dweller_2,好……孤单……
Speech_Quest_Alone_Dweller_20,服务员，上菜单，派对算我一个。唉……
Speech_Quest_Alone_Dweller_21,单干。不用分战利品。就是这些小事。
Speech_Quest_Alone_Dweller_22,糟糕的不是独自一人，而是那令人崩溃的孤独。
Speech_Quest_Alone_Dweller_3,要命的不是孤独，是独自一人。
Speech_Quest_Alone_Dweller_4,我发誓，如果我就这么孤零零地死了，我会气疯的……
Speech_Quest_Alone_Dweller_5,一个人默默地做这些？呃。
Speech_Quest_Alone_Dweller_6,我当然希望能有个伴儿。
Speech_Quest_Alone_Dweller_7,单枪匹马。因为显然我就是这种风格。
Speech_Quest_Alone_Dweller_8,“百年孤独” - 那就是我的自传。
Speech_Quest_Alone_Dweller_9,现在我得一个人干了，悲伤的故事。
Speech_Quest_Generic_Dweller_1,真是见鬼。
Speech_Quest_Generic_Dweller_10,那真是让你瑟瑟发抖……我觉得刚刚有个幽灵从我身体里穿了过去。
Speech_Quest_Generic_Dweller_11,监督者会更加欣赏这个的。
Speech_Quest_Generic_Dweller_12,我为什么要同意做这种事情？
Speech_Quest_Generic_Dweller_13,“会很好玩的！”他们这么说。是啊。“好玩。”
Speech_Quest_Generic_Dweller_14,我是为了积累经验才做的，对吧？
Speech_Quest_Generic_Dweller_15,我多想泡个热水澡啊……
Speech_Quest_Generic_Dweller_16,哎哟，我的脚好酸。
Speech_Quest_Generic_Dweller_17,我全身上下都疼。
Speech_Quest_Generic_Dweller_18,我觉得今天的刺激已经够多了。
Speech_Quest_Generic_Dweller_19,住在这儿似乎不坏。简直是糟透了。
Speech_Quest_Generic_Dweller_2,我离开避难所就是为了这个？
Speech_Quest_Generic_Dweller_20,到处都是死亡的气息，我需要抗抑郁剂。
Speech_Quest_Generic_Dweller_21,需要免洗洗手液的时候它去哪儿了？
Speech_Quest_Generic_Dweller_22,我等不及要离开这里了。
Speech_Quest_Generic_Dweller_23,哇哦，“冒险”的时间总是过得很快。
Speech_Quest_Generic_Dweller_24,我需要阿司匹林。
Speech_Quest_Generic_Dweller_25,从没想过我会这么说，但我怀念避难所了。
Speech_Quest_Generic_Dweller_26,我今晚真想睡在自己床上……
Speech_Quest_Generic_Dweller_27,嘿，地上有一只死老鼠，多么迷人啊。
Speech_Quest_Generic_Dweller_28,我能够感觉到，灰尘和脏东西正在渗入我的皮肤……
Speech_Quest_Generic_Dweller_29,我配得上这份危险的工资。
Speech_Quest_Generic_Dweller_3,我真的就这么走进去了吗……哦，真恶心。
Speech_Quest_Generic_Dweller_30,真不敢相信我连工资都没有。
Speech_Quest_Generic_Dweller_31,闻起来很糟糕，看起来很糟糕，听起来同样很糟糕……简直就是糟糕。
Speech_Quest_Generic_Dweller_32,这个地方就是个金矿。
Speech_Quest_Generic_Dweller_33,哦，我鞋子上貌似有什么东西。
Speech_Quest_Generic_Dweller_34,这臭味永远别想从我衣服上洗掉了。
Speech_Quest_Generic_Dweller_35,这地方简直糟透了。
Speech_Quest_Generic_Dweller_36,《废土生存指南》里完全没有写关于这个的任何事情。
Speech_Quest_Generic_Dweller_37,相比这个地方，避难所简直就是天堂……你懂的。
Speech_Quest_Generic_Dweller_38,不要向恐惧屈服……
Speech_Quest_Generic_Dweller_39,我能挺过去的……
Speech_Quest_Generic_Dweller_4,我曾经被许诺过会有一场冒险等着我，肯定有人撒谎了。
Speech_Quest_Generic_Dweller_40,他们真应该炒了那个室内装修设计师。
Speech_Quest_Generic_Dweller_41,地板……好粘……
Speech_Quest_Generic_Dweller_42,人们在这里究竟是怎么生存的？
Speech_Quest_Generic_Dweller_43,谢天谢地，我现在有避难所可以回了。
Speech_Quest_Generic_Dweller_44,这地方让我胃里在翻腾。
Speech_Quest_Generic_Dweller_45,我喜欢他们对这个地方做的事情。
Speech_Quest_Generic_Dweller_46,他们真的需要巧手先生来打理一下这个地方。
Speech_Quest_Generic_Dweller_47,它是不是经常把它们变成灰？
Speech_Quest_Generic_Dweller_48,如果让我死在这种地方，我肯定会发疯的。
Speech_Quest_Generic_Dweller_49,而我觉得在外边会非常令人沮丧。
Speech_Quest_Generic_Dweller_5,真的有人能在外边活下来？
Speech_Quest_Generic_Dweller_50,我真的开始讨厌这个地方了……
Speech_Quest_Generic_Dweller_51,我不禁想起来，我马上就要在避难所有个家了……
Speech_Quest_Generic_Dweller_52,我为什么要同意离开避难所？
Speech_Quest_Generic_Dweller_53,这不是很糟糕，而是非常糟糕。
Speech_Quest_Generic_Dweller_54,哇哦，人们真是一本正经地把事情搞得一团糟。
Speech_Quest_Generic_Dweller_55,呸，我觉得避难所里的住处需要打扫一下了……
Speech_Quest_Generic_Dweller_56,那么我答应做这个究竟是为了……？
Speech_Quest_Generic_Dweller_57,新涂的漆，加上一些花，这地方看上去……好吧，别当真。
Speech_Quest_Generic_Dweller_58,那是什么味道？哦，这还用问么，死亡的味道。
Speech_Quest_Generic_Dweller_59,真是讨厌这个地方……
Speech_Quest_Generic_Dweller_6,我算是明白人们为什么称这里为废土了。
Speech_Quest_Generic_Dweller_60,如果我有第六感，那现在估计已经发疯了。
Speech_Quest_Generic_Dweller_61,我开始觉得人类永远无法回到地面上了。
Speech_Quest_Generic_Dweller_62,如果我的父母现在能够让我见见该多好……
Speech_Quest_Generic_Dweller_63,没有活水的话，我真不知道人么应该……哦，好吧。
Speech_Quest_Generic_Dweller_64,这里的卫生情况真是堪忧。
Speech_Quest_Generic_Dweller_65,吓唬我的不是这儿的辐射。是那些虱子。
Speech_Quest_Generic_Dweller_66,哇哦，有时候感觉房间一个接一个的……
Speech_Quest_Generic_Dweller_67,我觉得他们得把那个女仆炒了。
Speech_Quest_Generic_Dweller_68,去你的核子可乐，我要威士忌！
Speech_Quest_Generic_Dweller_69,避难所真的得请个按摩师了，我的肩膀一直都是绷着的……
Speech_Quest_Generic_Dweller_7,这地方真是恶心。
Speech_Quest_Generic_Dweller_70,生活原本是如此单纯，电力、水还有食物，而现在，看看我的样子。
Speech_Quest_Generic_Dweller_71,这事过后我得去接受治疗。很多很多治疗。
Speech_Quest_Generic_Dweller_72,乐观，我要保持乐观……
Speech_Quest_Generic_Dweller_73,听着，我想要来点冒险，你也要谨慎选择自己想要的……
Speech_Quest_Generic_Dweller_8,好了，我差不多准备好回家了。
Speech_Quest_Generic_Dweller_9,那味道是什么？
Speech_Quest_Generic_Dweller_Conversation_1,我开始觉得这是个错误了。
Speech_Quest_Generic_Dweller_Conversation_1_Response_1,我也是，我也是……
Speech_Quest_Generic_Dweller_Conversation_10,这地方给我一种毛骨悚然的感觉。
Speech_Quest_Generic_Dweller_Conversation_10_Response_1,是啊，我也有同样的感觉，小心点。
Speech_Quest_Generic_Dweller_Conversation_10_Response_2,你这个妄想狂，这里会有什么问题？
Speech_Quest_Generic_Dweller_Conversation_10_Response_3,真的？我倒是有点喜欢。
Speech_Quest_Generic_Dweller_Conversation_11,向我报告一下现状。
Speech_Quest_Generic_Dweller_Conversation_11_Response_1,全速实行！最好……
Speech_Quest_Generic_Dweller_Conversation_11_Response_2,呃……我……和你在一个奇怪的地方吗？
Speech_Quest_Generic_Dweller_Conversation_11_Response_3,什么？谁选你做监督者的？
Speech_Quest_Generic_Dweller_Conversation_12,我们又来这里干嘛？
Speech_Quest_Generic_Dweller_Conversation_12_Response_1,为了避难所和监督者！万岁！
Speech_Quest_Generic_Dweller_Conversation_12_Response_2,等一下，什么？我还以为你知道呢！
Speech_Quest_Generic_Dweller_Conversation_12_Response_3,你是不是真的不知道，我们遇上一大堆麻烦了……
Speech_Quest_Generic_Dweller_Conversation_13,你觉得监督者真的欣赏我们吗？
Speech_Quest_Generic_Dweller_Conversation_13_Response_1,什么？你是认真的吗？当然！
Speech_Quest_Generic_Dweller_Conversation_13_Response_2,我经常在奇怪同样的一些事情……
Speech_Quest_Generic_Dweller_Conversation_13_Response_3,你竟敢质疑监督者的目的？！
Speech_Quest_Generic_Dweller_Conversation_14,你闻到了吗？
Speech_Quest_Generic_Dweller_Conversation_14_Response_1,花？不对，等等，这是巧克力？
Speech_Quest_Generic_Dweller_Conversation_14_Response_2,是啊，有点像……血。
Speech_Quest_Generic_Dweller_Conversation_14_Response_3,你想要一个会闻的伙伴吗，那就来条狗吧。
Speech_Quest_Generic_Dweller_Conversation_15,你听到了吗？
Speech_Quest_Generic_Dweller_Conversation_15_Response_1,我只听到了你的声音，而且我也不想听到别的。
Speech_Quest_Generic_Dweller_Conversation_15_Response_2,尖叫？音乐？还是说有人伴着音乐在尖叫？
Speech_Quest_Generic_Dweller_Conversation_15_Response_3,抱歉，我听到的那种频率很诡异。
Speech_Quest_Generic_Dweller_Conversation_16,你觉得你死的时候会发生什么？
Speech_Quest_Generic_Dweller_Conversation_16_Response_1,我们之后再谈这个，该死。
Speech_Quest_Generic_Dweller_Conversation_16_Response_2,呃，你的身体会腐烂，然后有人会拿光你的东西。
Speech_Quest_Generic_Dweller_Conversation_16_Response_3,哈哈！你会去一个名为天堂的最豪华的避难所！
Speech_Quest_Generic_Dweller_Conversation_17,你见过监督者了吗？
Speech_Quest_Generic_Dweller_Conversation_17_Response_1,哈！不可能会有人见过监督者的……
Speech_Quest_Generic_Dweller_Conversation_17_Response_2,很尴尬，没有，我似乎还配不上！
Speech_Quest_Generic_Dweller_Conversation_17_Response_3,哦，当然，我们经常会聚到一起来上一杯。
Speech_Quest_Generic_Dweller_Conversation_18,我有种不好的预感……
Speech_Quest_Generic_Dweller_Conversation_18_Response_1,真的？我倒是感觉不错！
Speech_Quest_Generic_Dweller_Conversation_18_Response_2,貌似，我们……进到了危险的地方。
Speech_Quest_Generic_Dweller_Conversation_18_Response_3,你不说话没人把你当哑巴。
Speech_Quest_Generic_Dweller_Conversation_19,我全身上下都疼。
Speech_Quest_Generic_Dweller_Conversation_19_Response_1,我也一样，这些问题真是让人虚脱。
Speech_Quest_Generic_Dweller_Conversation_19_Response_2,我感觉很棒！你看起来需要多去锻炼锻炼了。
Speech_Quest_Generic_Dweller_Conversation_19_Response_3,我现在真的不想去花时间考虑你的身体。
Speech_Quest_Generic_Dweller_Conversation_2,你听到了吗？
Speech_Quest_Generic_Dweller_Conversation_2_Response_1,是啊——听起来好像就在附近。
Speech_Quest_Generic_Dweller_Conversation_20,好累……
Speech_Quest_Generic_Dweller_Conversation_20_Response_1,我可没有，毕竟我可是喝过核子可乐的人。
Speech_Quest_Generic_Dweller_Conversation_20_Response_2,你需要一张新床，你有试过记忆海绵做的床吗？
Speech_Quest_Generic_Dweller_Conversation_20_Response_3,我明白你的意思，一天到晚就是走走走……
Speech_Quest_Generic_Dweller_Conversation_21,我有时候会有这样的感觉，感觉有人盯着我看……
Speech_Quest_Generic_Dweller_Conversation_21_Response_1,你……被我盯着看。
Speech_Quest_Generic_Dweller_Conversation_21_Response_2,他们说监督者什么都看得到，什么都……
Speech_Quest_Generic_Dweller_Conversation_21_Response_3,我明白你的感受，很可怕，是吗？
Speech_Quest_Generic_Dweller_Conversation_22,这些探险服看上去很胖吗？
Speech_Quest_Generic_Dweller_Conversation_22_Response_1,不，是你的肥肉让你看上去很胖。
Speech_Quest_Generic_Dweller_Conversation_22_Response_2,哦，别扯淡！你看上去很好！
Speech_Quest_Generic_Dweller_Conversation_22_Response_3,哇哦，那根本算不上是问题。
Speech_Quest_Generic_Dweller_Conversation_23,有吃的吗？
Speech_Quest_Generic_Dweller_Conversation_23_Response_1,我还刚想问你呢。
Speech_Quest_Generic_Dweller_Conversation_23_Response_2,我看看……没有。
Speech_Quest_Generic_Dweller_Conversation_23_Response_3,嘿！避难所的居民，我可不是自动售货机……
Speech_Quest_Generic_Dweller_Conversation_24,嘿，你觉得我是做监督者的料吗？
Speech_Quest_Generic_Dweller_Conversation_24_Response_1,如果你要问我的话，我觉得肯定是不可能的。
Speech_Quest_Generic_Dweller_Conversation_24_Response_2,监督者？你？哈哈哈哈哈。
Speech_Quest_Generic_Dweller_Conversation_24_Response_3,当然！你会获得我的支持，如果我们还能活着回去的话。
Speech_Quest_Generic_Dweller_Conversation_25,你知道执行任务真正的目的吗？
Speech_Quest_Generic_Dweller_Conversation_25_Response_1,为了适当地活动？
Speech_Quest_Generic_Dweller_Conversation_25_Response_2,呃……离开避难所？
Speech_Quest_Generic_Dweller_Conversation_25_Response_3,为了不被那些叽叽歪歪的伙伴搞得心烦意乱？
Speech_Quest_Generic_Dweller_Conversation_26,等我们回去，我们该做什么呢？
Speech_Quest_Generic_Dweller_Conversation_26_Response_1,我估计要花上两分半钟洗个淋浴。
Speech_Quest_Generic_Dweller_Conversation_26_Response_2,我应该会和那个人聊聊吧，你懂的。
Speech_Quest_Generic_Dweller_Conversation_26_Response_3,申请任务以后都不会派到我们的头上。
Speech_Quest_Generic_Dweller_Conversation_27,我可没有乐在其中。
Speech_Quest_Generic_Dweller_Conversation_27_Response_1,嘿，别这样，并没有那么糟糕，好吧，确实有点糟糕，但是还行。
Speech_Quest_Generic_Dweller_Conversation_27_Response_2,你就自个儿消沉吧，我可是很开心的！
Speech_Quest_Generic_Dweller_Conversation_27_Response_3,你真是个扫兴的家伙。
Speech_Quest_Generic_Dweller_Conversation_28,你在想什么呢？
Speech_Quest_Generic_Dweller_Conversation_28_Response_1,呃？想？别逗了，我像是在想什么事情的样子嘛？
Speech_Quest_Generic_Dweller_Conversation_28_Response_2,哦，和往常一样，在思考独角鲸和独角兽的区别。
Speech_Quest_Generic_Dweller_Conversation_28_Response_3,我在想你真的应该把精力集中在任务上。
Speech_Quest_Generic_Dweller_Conversation_29,你觉得他们在避难所里会干什么？
Speech_Quest_Generic_Dweller_Conversation_29_Response_1,哦，你也知道的，在享乐呗，安安全全开开心心的。
Speech_Quest_Generic_Dweller_Conversation_29_Response_2,我可不想去想这种事情，这太令人沮丧了。
Speech_Quest_Generic_Dweller_Conversation_29_Response_3,肯定没咱们这么酷！
Speech_Quest_Generic_Dweller_Conversation_3,你带三明治了吗？
Speech_Quest_Generic_Dweller_Conversation_3_Response_1,你说你带着的……
Speech_Quest_Generic_Dweller_Conversation_3_Response_2,三明治？我还以为你说的是炸玉米饼呢。
Speech_Quest_Generic_Dweller_Conversation_3_Response_3,哦，你的意思是我现在是你的仆人了？
Speech_Quest_Generic_Dweller_Conversation_30,你觉得废土怎么样？
Speech_Quest_Generic_Dweller_Conversation_30_Response_1,挺迷人的，不是吗？它有着自己的规律，尽管有些可怕。
Speech_Quest_Generic_Dweller_Conversation_30_Response_2,这完全是个噩梦，该死。
Speech_Quest_Generic_Dweller_Conversation_30_Response_3,没什么想法，就是……废土而已啊。
Speech_Quest_Generic_Dweller_Conversation_31,有没有觉得，其实生活其实就是一场梦境？
Speech_Quest_Generic_Dweller_Conversation_31_Response_1,就是！好像咱们都只是游戏里的棋子……
Speech_Quest_Generic_Dweller_Conversation_31_Response_2,能不能请你专心点做正事？
Speech_Quest_Generic_Dweller_Conversation_31_Response_3,那……还真是难以评价。
Speech_Quest_Generic_Dweller_Conversation_32,执行任务有点累了……
Speech_Quest_Generic_Dweller_Conversation_32_Response_1,我可没感觉！挺棒的！
Speech_Quest_Generic_Dweller_Conversation_32_Response_2,别担心，我们很快就能回家的！
Speech_Quest_Generic_Dweller_Conversation_32_Response_3,那么你出来是为了……？
Speech_Quest_Generic_Dweller_Conversation_4,你觉得怎么样？坚持得住吗？
Speech_Quest_Generic_Dweller_Conversation_4_Response_1,当然！别担心！
Speech_Quest_Generic_Dweller_Conversation_4_Response_2,精疲力尽而且还有点恐慌，不过问题不大。
Speech_Quest_Generic_Dweller_Conversation_4_Response_3,你觉得我怎么样？
Speech_Quest_Generic_Dweller_Conversation_5,有什么笑话吗？
Speech_Quest_Generic_Dweller_Conversation_5_Response_1,不。
Speech_Quest_Generic_Dweller_Conversation_5_Response_2,有啊，但是估计他们也没心情听这个。
Speech_Quest_Generic_Dweller_Conversation_5_Response_3,抱歉，我的小丑鼻子落避难所没带来。
Speech_Quest_Generic_Dweller_Conversation_6,有什么想法么？
Speech_Quest_Generic_Dweller_Conversation_6_Response_1,有两个，不是三个，晚点告诉你。
Speech_Quest_Generic_Dweller_Conversation_6_Response_2,现在没有，我还不如省省我的脑子想别的事情。
Speech_Quest_Generic_Dweller_Conversation_6_Response_3,嘘，多干事，少说话。
Speech_Quest_Generic_Dweller_Conversation_7,我很害怕。
Speech_Quest_Generic_Dweller_Conversation_7_Response_1,没事的！你可以做到的！
Speech_Quest_Generic_Dweller_Conversation_7_Response_2,我也是，因为我们两个也许马上就要死了。
Speech_Quest_Generic_Dweller_Conversation_7_Response_3,该死，坚强点！我们需要你！
Speech_Quest_Generic_Dweller_Conversation_8,你觉得我们能回到避难所吗？
Speech_Quest_Generic_Dweller_Conversation_8_Response_1,当然！我们可是很棒的！
Speech_Quest_Generic_Dweller_Conversation_8_Response_2,什么？你没带准备好遗书吗？这可是个自！杀！任！务！
Speech_Quest_Generic_Dweller_Conversation_8_Response_3,也许吧，不过我感觉希望不大。
Speech_Quest_Generic_Dweller_Conversation_9,奇怪的地方，不是吗？
Speech_Quest_Generic_Dweller_Conversation_9_Response_1,嗯哼？？
Speech_Quest_Generic_Dweller_Conversation_9_Response_2,古怪得不可描述……
Speech_Quest_Generic_Dweller_Conversation_9_Response_3,别神经兮兮的。
Speech_Quest_Loot_Dweller_1,那会有用的！
Speech_Quest_Loot_Dweller_10,嘣！沙卡拉卡！
Speech_Quest_Loot_Dweller_11,噢……现在我们还有什么？
Speech_Quest_Loot_Dweller_12,哦，该死。
Speech_Quest_Loot_Dweller_13,还不是我的生日……
Speech_Quest_Loot_Dweller_14,还行还行。
Speech_Quest_Loot_Dweller_15,可以可以。
Speech_Quest_Loot_Dweller_16,呃，你好……
Speech_Quest_Loot_Dweller_17,谁捡到归谁！
Speech_Quest_Loot_Dweller_18,给我给我！
Speech_Quest_Loot_Dweller_19,这应该会有用的。
Speech_Quest_Loot_Dweller_2,这正好就是我在找的东西
Speech_Quest_Loot_Dweller_20,这正好就是我在找的东西。
Speech_Quest_Loot_Dweller_21,它在召唤我！
Speech_Quest_Loot_Dweller_22,我要把这个加到那堆东西里……
Speech_Quest_Loot_Dweller_23,监督者会喜欢这个的！
Speech_Quest_Loot_Dweller_24,好吧好吧……
Speech_Quest_Loot_Dweller_25,发现了不错的东西！
Speech_Quest_Loot_Dweller_26,六个字：不错的战利品。
Speech_Quest_Loot_Dweller_27,我会把能找到的东西全部带走。
Speech_Quest_Loot_Dweller_28,会有用的。
Speech_Quest_Loot_Dweller_29,因为它就躺在这儿……
Speech_Quest_Loot_Dweller_3,啧啧啧！
Speech_Quest_Loot_Dweller_30,不错不错……
Speech_Quest_Loot_Dweller_31,废土一直都能找到好东西……
Speech_Quest_Loot_Dweller_32,拿不了太多东西……
Speech_Quest_Loot_Dweller_33,这会有用的。
Speech_Quest_Loot_Dweller_34,你在和这里找到的东西。
Speech_Quest_Loot_Dweller_35,希望我拿走这个不会有人介意……
Speech_Quest_Loot_Dweller_36,现在是我的了！
Speech_Quest_Loot_Dweller_37,这东西可不能浪费……
Speech_Quest_Loot_Dweller_38,我配得上这个。
Speech_Quest_Loot_Dweller_39,强者才配拥有战利品！
Speech_Quest_Loot_Dweller_4,零钱！
Speech_Quest_Loot_Dweller_40,该死，这是我的劳动成果！
Speech_Quest_Loot_Dweller_41,我会拿走我所能拿走的一切。
Speech_Quest_Loot_Dweller_42,在这里，你可以物尽所需。
Speech_Quest_Loot_Dweller_43,我会考虑这个的……毕竟是有风险的报酬。
Speech_Quest_Loot_Dweller_44,你也许应该需要更多的储存空间！
Speech_Quest_Loot_Dweller_45,我会带上这个的……
Speech_Quest_Loot_Dweller_46,有人也许会称它为垃圾，但是我觉得这是宝物。
Speech_Quest_Loot_Dweller_47,在废土可不能浪费东西！
Speech_Quest_Loot_Dweller_48,让我们看看这里有什么……
Speech_Quest_Loot_Dweller_49,好多宝贝！
Speech_Quest_Loot_Dweller_5,真棒！
Speech_Quest_Loot_Dweller_50,这些全部可以拿走。
Speech_Quest_Loot_Dweller_51,执行任务，寻找宝藏，然后重复这个步骤。
Speech_Quest_Loot_Dweller_52,一等奖！
Speech_Quest_Loot_Dweller_53,我们来看看这里有什么……
Speech_Quest_Loot_Dweller_54,哦，我的亲亲宝贝！
Speech_Quest_Loot_Dweller_55,啧啧！
Speech_Quest_Loot_Dweller_56,啧啧啧！
Speech_Quest_Loot_Dweller_57,给我给我给我！
Speech_Quest_Loot_Dweller_6,是的！
Speech_Quest_Loot_Dweller_7,太棒了！
Speech_Quest_Loot_Dweller_8,酷！
Speech_Quest_Loot_Dweller_9,啊哈哈哈。
Speech_Quest_MainPath_Dweller_1,这绝对是正确的道路。
Speech_Quest_MainPath_Dweller_10,这条路没错，嗯。
Speech_Quest_MainPath_Dweller_11,这条路感觉是对的……
Speech_Quest_MainPath_Dweller_12,感觉走这里才对……
Speech_Quest_MainPath_Dweller_13,不需要瞎转悠，走这里就对了。
Speech_Quest_MainPath_Dweller_2,是的，这里就是正确的道路。
Speech_Quest_MainPath_Dweller_3,我们走在正确的道路上，我能感觉得出来。
Speech_Quest_MainPath_Dweller_4,嗯哼，走的路没错。
Speech_Quest_MainPath_Dweller_5,越来越近了……
Speech_Quest_MainPath_Dweller_6,快要到了……
Speech_Quest_MainPath_Dweller_7,肯定是这里……
Speech_Quest_MainPath_Dweller_8,绝对是这条路。
Speech_Quest_MainPath_Dweller_9,这方向没错。
Speech_Quest_NotAlone_Dweller_1,要是我们能活着出去，我请客喝核子可乐。
Speech_Quest_NotAlone_Dweller_10,来吧，我们可以让监督者为我们骄傲！
Speech_Quest_NotAlone_Dweller_11,我们再来过……
Speech_Quest_NotAlone_Dweller_12,着手干吧。
Speech_Quest_NotAlone_Dweller_13,我们共赴战场吧，亲爱的伙计！
Speech_Quest_NotAlone_Dweller_14,让我们给这些失败者看看什么叫团队合作。
Speech_Quest_NotAlone_Dweller_15,嘿，如果我死了，我希望能够有我的跳伞装做陪葬。
Speech_Quest_NotAlone_Dweller_16,向前出发！
Speech_Quest_NotAlone_Dweller_17,来吧，我们把这件事情搞定。
Speech_Quest_NotAlone_Dweller_18,我的身后就交给你了，你会掩护我的……对吗？
Speech_Quest_NotAlone_Dweller_19,人多力量大，不是吗？
Speech_Quest_NotAlone_Dweller_2,挺安慰人的，不是吗？知道我们要死在一起。
Speech_Quest_NotAlone_Dweller_20,别担心，你有我在，我可是很厉害的。
Speech_Quest_NotAlone_Dweller_21,等我们回到避难所……我们还会需要出来闲逛吗？
Speech_Quest_NotAlone_Dweller_22,人们是很合拍的！
Speech_Quest_NotAlone_Dweller_23,谁最厉害？我们最厉害！
Speech_Quest_NotAlone_Dweller_24,记住，就算我们当中有一个人死了，任务还是得继续！
Speech_Quest_NotAlone_Dweller_25,我打赌我们会有一番大成就的。
Speech_Quest_NotAlone_Dweller_26,别担心。你要是死了，我会告诉监督者你是个大英雄。
Speech_Quest_NotAlone_Dweller_27,保持警惕。
Speech_Quest_NotAlone_Dweller_28,保持警觉。
Speech_Quest_NotAlone_Dweller_29,警觉点。
Speech_Quest_NotAlone_Dweller_3,咱们是一根绳上的蚂蚱，对吧？
Speech_Quest_NotAlone_Dweller_30,谁来做头头？我只好毛遂自荐了。
Speech_Quest_NotAlone_Dweller_31,我感觉有人在……看着咱们。
Speech_Quest_NotAlone_Dweller_32,没有东西能够阻挡我们了，不是吗？
Speech_Quest_NotAlone_Dweller_33,人人为我，我为人人！
Speech_Quest_NotAlone_Dweller_34,我们动作越快，就能够越快地回到避难所。
Speech_Quest_NotAlone_Dweller_35,你没带点罐头肉吧？咸咸的，美味的罐头肉……
Speech_Quest_NotAlone_Dweller_36,我们一起就能胜利，分开注定失败！
Speech_Quest_NotAlone_Dweller_37,快点，动起来，不然就输了。
Speech_Quest_NotAlone_Dweller_38,你听到了尖叫声了吗？我想我听到了。
Speech_Quest_NotAlone_Dweller_39,你觉得这个地方闹鬼？我的意思是……你得看紧点。
Speech_Quest_NotAlone_Dweller_4,你怎么又来了？
Speech_Quest_NotAlone_Dweller_40,我们只需要保持前进。
Speech_Quest_NotAlone_Dweller_41,来吧！没有回头路了！
Speech_Quest_NotAlone_Dweller_5,你也和我一样是偷偷溜出来的吗？
Speech_Quest_NotAlone_Dweller_6,我们还有乐趣可言？！
Speech_Quest_NotAlone_Dweller_7,来吧，我们可以做到的！不是吗？
Speech_Quest_NotAlone_Dweller_8,好事情是我们彼此能有个依靠了……
Speech_Quest_NotAlone_Dweller_9,我很庆幸能和伙伴们一起站在这里！
Speech_Quest_WrongPath_Dweller_1,完全偏离了正确的道路。
Speech_Quest_WrongPath_Dweller_10,感觉这条路不对……
Speech_Quest_WrongPath_Dweller_11,这条路好像不对……
Speech_Quest_WrongPath_Dweller_12,感觉这是错误的方向……
Speech_Quest_WrongPath_Dweller_13,或许该掉头了。这条路不对。
Speech_Quest_WrongPath_Dweller_2,不……感觉这不是对的路。
Speech_Quest_WrongPath_Dweller_3,这里好容易迷路……
Speech_Quest_WrongPath_Dweller_4,这肯定不是对的路。
Speech_Quest_WrongPath_Dweller_5,很确定这不是对的路。
Speech_Quest_WrongPath_Dweller_6,不，这不可能是正确的路。
Speech_Quest_WrongPath_Dweller_7,偏离了正轨。
Speech_Quest_WrongPath_Dweller_8,不，不是这条路。
Speech_Quest_WrongPath_Dweller_9,呃，这条路感觉不对。
Speech_RadiationA1,我……在流鼻血吗？
Speech_RadiationA2,我感到……好虚弱……
Speech_RadiationA3,我觉得有点头晕……
Speech_RadiationA4,我有点反胃。
Speech_RadiationA5,我觉得我快吐了。
Speech_RadiationB1,我的皮肤像是在灼烧！
Speech_RadiationB2,天啊！我的指甲都掉光了！
Speech_RadiationB3,我真的需要用一下消辐宁了！
Speech_RadiationB4,我的胃里…是不是要长出一只手来？！
Speech_RadiationB5,救命啊！我可不想变成一个尸鬼！
Speech_Radio_HighCharisma1,要是外面有人，他们一定正在收听我的广播！
Speech_Radio_HighCharisma2,致所有在废土中的人：我们大家都在等你们！
Speech_Radio_LowCharisma1,我认为根本没人在听。
Speech_Radio_LowCharisma2,你好？有人在吗？
Speech_Room_DeadDweller_Agility,进行这么多的训练是可以做到的……
Speech_Room_DeadDweller_Armory,他们死了！这是武器出故障了吗？
Speech_Room_DeadDweller_Bar,他们在喝什么？我得想想。
Speech_Room_DeadDweller_Cafeteria,这对健康可不好。
Speech_Room_DeadDweller_Casino,好吧，你知道它们在说什么吗？你不能把它带走。
Speech_Room_DeadDweller_Classroom,这是学习知识的一种途径。
Speech_Room_DeadDweller_Endurance,有人缺乏耐力，对吗？
Speech_Room_DeadDweller_Energy2,很好，现在我们就少工作人员了。
Speech_Room_DeadDweller_Geothermal,一直在工作，太敬业了！
Speech_Room_DeadDweller_Gym,肯定又是地狱式训练。
Speech_Room_DeadDweller_Hydroponics,嘿，多加点肥料！你说太快了？
Speech_Room_DeadDweller_LivingQuarters,最起码他们走的时候很安逸，就在家里。
Speech_Room_DeadDweller_Medbay,避难所科技迄今为止可以提供的最佳医疗护理。
Speech_Room_DeadDweller_Nukacola,嘿，你！在生产线上别偷懒！
Speech_Room_DeadDweller_Radio,看起来我得播报悼词了。
Speech_Room_DeadDweller_Sciencelab,我希望他们最起码能够把自己的身体奉献给科学。
Speech_Room_DeadDweller_Storage,我已经很注意保护我自己了，不过这味道还是有一点。
Speech_Room_DeadDweller_Water2,我们这里的卫生问题已经很严重了！
Speech_Room_DeadDweller_WaterPlant,把那些尸体搬出去！这把一切都污染了！
Speech_Room_DeadDweller1,哦，一具尸体！太让人沮丧了。
Speech_Room_DeadDweller2,闻起来感觉这里有什么东西的尸体……噢。
Speech_Room_DeadDweller3,有人能帮我把这尸体搬出去吗？
Speech_Room_DeadDweller4,在一具尸体边上工作，对我影响可是很大的……
Speech_Room_LoveJob_Agility,没有人比我更加刻苦了，没有人。
Speech_Room_LoveJob_Armory,我迟早有一天会变成一个枪械迷的！
Speech_Room_LoveJob_Bar,我酿酒可以酿上一整天！
Speech_Room_LoveJob_Cafeteria,制作食物是我毕生的梦想！
Speech_Room_LoveJob_Casino,扑克还是21点？ - 我是这里最好的发牌员！
Speech_Room_LoveJob_Classroom,年度教师将近在眼前了，我可以感觉到！
Speech_Room_LoveJob_Endurance,我是避难所里最适合的人选，一直都是。
Speech_Room_LoveJob_Energy2,只要有我在这里，这个避难所就永远不会堕入黑暗！
Speech_Room_LoveJob_Geothermal,我的专业技能可以保持这个地方的运作。
Speech_Room_LoveJob_Gym,我还能再强壮一些吗？大概不行了！
Speech_Room_LoveJob_Hydroponics,能用上我的园艺技术真是太棒了！
Speech_Room_LoveJob_LivingQuarters,如果休息也是一份工作的话，我整个月都将会是员工！
Speech_Room_LoveJob_Medbay,如果我都治不好你的话，那就没人能治好你了！
Speech_Room_LoveJob_Nukacola,我研究出了一种完美的混合物！我真是一个苏打天才！
Speech_Room_LoveJob_Radio,我非常的棒，甚至可以和中国进行通讯，如果……它还在的话。
Speech_Room_LoveJob_Sciencelab,我的研究成果可以改善我们所有人的生活！
Speech_Room_LoveJob_Storage,没有人像我一样存放垃圾！
Speech_Room_LoveJob_Water2,我可以把任何东西转换成可饮用的水！任何东西……
Speech_Room_LoveJob_WaterPlant,味道有点像泉水，这得感谢我！
Speech_Room_LoveJob1,目前，最好的，工作。
Speech_Room_LoveJob10,被派到这里真高兴！
Speech_Room_LoveJob11,这对我来说真是完美的工作。
Speech_Room_LoveJob12,这工作分配真完美，谢谢你，监督者！
Speech_Room_LoveJob13,这房间的工作效率已经达到极致了……这多亏了我！
Speech_Room_LoveJob14,如果我没有在这里工作，产品根本做不到这么棒。
Speech_Room_LoveJob15,我进行这份工作之后，每一天都是完美的！
Speech_Room_LoveJob16,有我在这里，就能够保证最大效率！
Speech_Room_LoveJob17,别担心，这份工作有我。
Speech_Room_LoveJob18,这工作分配对我来说太棒了……
Speech_Room_LoveJob19,我最近有提到过我有多爱这份工作吗？
Speech_Room_LoveJob2,看看，我终于找到我梦寐以求的工作了！
Speech_Room_LoveJob3,G.O.A.T.是对的！这工作对我来说简直完美！
Speech_Room_LoveJob4,努力工作是一件令人开心的事情！
Speech_Room_LoveJob5,希望有机会加班！
Speech_Room_LoveJob6,没有我，这地方会崩溃的。
Speech_Room_LoveJob7,我还能说什么呢？我在工作中感觉非常好。
Speech_Room_LoveJob8,我不知道在避难所还能干些别的什么事情。
Speech_Room_LoveJob9,监督者派我来这里真是一个明智的决定。
Speech_Room_SomeoneHappy1,
Speech_Room_SomeoneUnhappy_Agility,看看，谁又在这边炫耀了。
Speech_Room_SomeoneUnhappy_Armory,想要抓起一把武器打死你的冲动真是不可抑制。
Speech_Room_SomeoneUnhappy_Bar,再多的酒也不会让我喜欢你。
Speech_Room_SomeoneUnhappy_Cafeteria,呃，快走开，我都快要吃不下饭了。
Speech_Room_SomeoneUnhappy_Casino,快走开，你把我赌运都搞没了。
Speech_Room_SomeoneUnhappy_Classroom,我来这里是为了学习的，不是来忍受你们卖弄假学问的。
Speech_Room_SomeoneUnhappy_Endurance,我再有耐心也不会忍受你这样的白痴。
Speech_Room_SomeoneUnhappy_Energy2,我们在这里是做正经事情的，你为什么在这里？
Speech_Room_SomeoneUnhappy_Geothermal,有谁来把这无能的白痴赶出去。
Speech_Room_SomeoneUnhappy_Gym,行了行了，你很强壮很了不起，我们知道了。
Speech_Room_SomeoneUnhappy_Hydroponics,如果可以的话，我真想养一棵捕蝇草生吞了你。
Speech_Room_SomeoneUnhappy_LivingQuarters,你有别的位置可以待吗？比方说在废土之外的什么地方？
Speech_Room_SomeoneUnhappy_Medbay,我忍不住想要杀了你，但是他们也许会救你的命。
Speech_Room_SomeoneUnhappy_Nukacola,没有任何的糖可以缓解我们之间的关系，我鄙视你。
Speech_Room_SomeoneUnhappy_Radio,也许我可以发送求救信号来挽救你愚蠢的大脑？
Speech_Room_SomeoneUnhappy_Sciencelab,所有和你搭话的科学家都走了？
Speech_Room_SomeoneUnhappy_Storage,如果可以的话，我真想把你永远锁在仓库里。
Speech_Room_SomeoneUnhappy_Water2,如果不会受到惩罚的话，我真想把他们淹死在水缸里……
Speech_Room_SomeoneUnhappy_WaterPlant,如果我们拥有可以把你身上不洁的东西去除掉的技术……那该多好啊。
Speech_Room_SomeoneUnhappy1,喔，是……你。
Speech_Room_SomeoneUnhappy2,你是认真的？我们得一起工作？
Speech_Room_SomeoneUnhappy3,某些人太无能了……
Speech_Room_SomeoneUnhappy4,呃。
Speech_SnipSnip_Bark1,这里没有软糖。
Speech_SnipSnip_Bark2,我是通用原子国际4型。这就是我，你看起来像个人类。
Speech_SnipSnip_Bark3,我的时间传感器在大战时坏了。那至少是一个星期前了。
Speech_SnipSnip_Bark4,我们的手指库存状况堪忧。
Speech_SnipSnip_Bark5,现在您想要高品质合成纤维、经典棉布，还是舒适合成棉混纺的造型？
Speech_SnipSnip_Bark6,你再说一遍你从哪来？我自己从没去过。希望将来有一天能去。
Speech_SnipSnip_Bark7,现在，别害怕。咔嚓几下就完事了。
Speech_SnipSnip_Bark8,我随时准备为您服务。
Speech_SnipSnip_Bark9,如果你的堵塞物里满是污垢，相信 Abraxo 能把它搞定。它毒性极强。
Speech_SnipSnip_Bark10,打扰一下，我能让你今天过得更开心吗？
Speech_SnipSnip_Bark11,我只打算摘除你的器官。
Speech_Success_Rush1,我们最大化了生产能力！干得不错！
Star_Event_Quest,时限
Star_Weekly_Quest,每周任务
StarterPack_Store,新手包
Stats_Alien_Attacks_Stopped,外星人攻击已停止
Stats_Average_Agility,居民平均敏捷
Stats_Average_Charisma,居民平均魅力
Stats_Average_Endurance,居民平均耐力
Stats_Average_Intelligence,居民平均智力
Stats_Average_Level,居民平均等级
Stats_Average_Luck,居民平均幸运
Stats_Average_Perception,居民平均感知
Stats_Average_Strength,居民平均力量
Stats_Babies_Born,子代出生
Stats_Caps_Collected,已获得瓶盖
Stats_Children_Dwellers,孩子
Stats_Common_Decorations,普通装饰品
Stats_Common_Outfits,普通服装
Stats_Common_Pets,普通宠物
Stats_Common_Weapons,普通武器
Stats_Date_Stamp,自从{0}
Stats_Dead_Dwellers,死亡居民
Stats_Deathclaw_Attacks_Stopped,阻挡死亡爪攻击
Stats_Decorations_Collected,获得的装饰品
Stats_Decorations_Crafted,生产的装饰品
Stats_Decorations_Sold,出售的装饰品
Stats_Dwellers_Customized,自定义的居民
Stats_Dwellers_Revived,复活的居民
Stats_Dwellers_Sent_to_Wasteland,遣往废土的居民
Stats_Elevator_Rides,乘坐电梯
Stats_Evicted_Dwellers,驱逐的居民
Stats_Failed_Rushes,突击失败
Stats_Female_Dwellers,女性居民
Stats_Fires_Extinguished,扑灭火焰
Stats_Food_Collected,收集的食物
Stats_Food_Consumption,每分钟消耗的食物
Stats_Food_Production,每分钟生产的食物
Stats_Ghoul_Attacks_Stopped,阻止的狂尸鬼进攻
Stats_Gifts_Received,收到的礼物
Stats_Gifts_Sent,送出的礼物
Stats_Junk_Collected,收集的垃圾
Stats_Junk_Sold,出售的垃圾
Stats_Legendary_Decorations,传说装饰品
Stats_Legendary_Outfits,传说服装
Stats_Legendary_Pets,传说宠物
Stats_Legendary_Weapons,传说武器
Stats_Levels_Gained,获得等级
Stats_Lunchboxes_Opened,打开的午餐盒
Stats_Male_Dwellers,男性居民
Stats_Molerat_Infestations_Stopped,阻止鼹鼠扩散
Stats_Outfit_Recipes,服装配方
Stats_Outfits_Collected,收集的服装
Stats_Outfits_Crafted,生产的服装
Stats_Outfits_Scrapped,分解的服装
Stats_Outfits_Sold,出售的服装
Stats_PetBreeds_Abyssinian,阿比西尼亚猫
Stats_PetBreeds_Akita,秋田犬
Stats_PetBreeds_AmericanShorthair,美式短毛猫
Stats_PetBreeds_AustralianShepherd,澳大利亚牧羊犬
Stats_PetBreeds_BlackLab,黑拉布拉多犬
Stats_PetBreeds_Bloodhound,猎犬
Stats_PetBreeds_BlueYellowMacaw,避难所科技鹦鹉
Stats_PetBreeds_Bombay,孟买猫
Stats_PetBreeds_Boxer,拳师狗
Stats_PetBreeds_BritishShorthair,英式短毛猫
Stats_PetBreeds_Brittany,布列塔尼犬
Stats_PetBreeds_Burmilla,伯米拉猫
Stats_PetBreeds_CattleDog,牧牛犬
Stats_PetBreeds_Collie,柯利牧羊犬
Stats_PetBreeds_Dalmatian,斑点狗
Stats_PetBreeds_DefaultRollerbrain,滚脑
Stats_PetBreeds_Doberman,杜宾犬
Stats_PetBreeds_EnglishMastiff,英獒犬
Stats_PetBreeds_GermanPointer,德国向导猎犬
Stats_PetBreeds_GermanShepherd,德国牧羊犬
Stats_PetBreeds_GoldenRetriever,黄金猎犬
Stats_PetBreeds_Greyhound,灰狗
Stats_PetBreeds_HavanaBrown,哈瓦那褐猫
Stats_PetBreeds_Husky,哈士奇
Stats_PetBreeds_LaPerm,拉邦猫
Stats_PetBreeds_Lykoi,狼猫
Stats_PetBreeds_MaineCoon,缅因猫
Stats_PetBreeds_Manx,马恩岛猫
Stats_PetBreeds_MilitaryMacaw,受训鹦鹉
Stats_PetBreeds_Ocicat,欧西猫
Stats_PetBreeds_PallasCat,帕拉斯的猫
Stats_PetBreeds_Persian,波斯猫
Stats_PetBreeds_PitBullTerrier,比特犬
Stats_PetBreeds_Poodle,贵宾犬
Stats_PetBreeds_Rottweiler,罗特韦尔犬
Stats_PetBreeds_ScarletMacaw,海盗鹦鹉
Stats_PetBreeds_ScottishFold,苏格兰折耳猫
Stats_PetBreeds_Siamese,暹罗猫
Stats_PetBreeds_Somali,索马里猫
Stats_PetBreeds_Sphynx,斯芬克斯猫
Stats_PetBreeds_StBernard,圣伯纳犬
Stats_PetBreeds_Toyger,玩具虎猫
Stats_PetBreeds_TurkishVan,土耳其梵猫
Stats_PetCarriers_Opened,打开的动物笼子
Stats_Pets_Collected,获得的宠物
Stats_Pets_Sold,出售的宠物
Stats_Power_Collected,获得的电力
Stats_Power_Consumption,每分钟消耗的电力
Stats_Power_Production,每分钟产生的电力
Stats_Pregnant_Dwellers,怀孕的居民
Stats_Radaways_Taken,获得的消辐宁
Stats_Radroach_Attacks_Stopped,已阻止辐射蟑螂灾难
Stats_Radscorpion_Attacks_Stopped,已阻止辐射蝎灾难
Stats_Raider_Attacks_Stopped,阻止的掠夺攻击
Stats_Rare_Decorations,稀有饰品
Stats_Rare_Outfits,稀有服装
Stats_Rare_Pets,稀有宠物
Stats_Rare_Weapons,稀有武器
Stats_Special_Trained,训练获得的SPECIAL属性
Stats_Stimpaks_Taken,获得的治疗针
Stats_Successful_Rushes,加速成功
Stats_Time_Played,游戏时间（总计）
Stats_Title_All_Time,累计
Stats_Title_Current,当前
Stats_Total_Lifetime_Dwellers,居民
Stats_Wasteland_Creatures_Killed,杀死的废土生物
Stats_Wasteland_Total_Time,废土探索时间
Stats_Water_Collected,收集的水
Stats_Water_Consumption,每分钟消耗的水
Stats_Water_Production,每分钟生产的水
Stats_Weapon_Recipes,武器配方
Stats_Weapons_Collected,收集的武器
Stats_Weapons_Crafted,生产的武器
Stats_Weapons_Scrapped,分解的武器
Stats_Weapons_Sold,出售的武器
Stats_Xbox_01,总共建造的房间
Stats_Xbox_02,总共收集的瓶盖
Stats_Xbox_03,避难所的全部居民
Status_Danger,危险！
Status_Done,完成！
Status_NoPower,无电力
Status_Wasteland_Dead,死亡
Status_Wasteland_Returned,等待中
Status_Wasteland_Returned_Ellipses,等待中...
Steam_Overlay,要访问商店，请在《辐射：避难所》的Steam属性中启用Steam叠加界面。
SuperRoom2_Upgrade_Info,提升【耐力】训练速度
SurpriseQuest_Button_ReturnToWasteland,返回废土
TapToContinue,点击继续
TapToContinue_PC,点击继续
TapToContinue_Xbox,按[A]继续
TermsOfService_ButtonText,服务条款
TermsOfService_Legal_Link,https://documents.bethesda.net/en/terms-of-service
TermsOfService_Title,服务条款
Theme_Name_Anniversary_Diner,派对餐厅
Theme_Name_Anniversary_LivingQuarters,派对生活区
Theme_Name_BoS_Diner,钢铁兄弟会餐厅
Theme_Name_BoS_LivingQuarters,钢铁兄弟会生活区
Theme_Name_Christmas_Diner,圣诞节餐厅
Theme_Name_Christmas_LivingQuarters,圣诞节生活区
Theme_Name_Halloween_Diner,万圣节餐厅
Theme_Name_Halloween_LivingQuarters,万圣节生活区
Theme_Name_Institute_Diner,学院餐厅
Theme_Name_Institute_LivingQuarters,学院生活区
Theme_Name_Minutemen_Diner,义勇军餐厅
Theme_Name_Minutemen_LivingQuarters,义勇军生活区
Theme_Name_Railroad_Diner,铁路餐厅
Theme_Name_Railroad_LivingQuarters,铁路生活区
Theme_Name_Standard_Diner,标准餐厅
Theme_Name_Standard_LivingQuarters,标准生活区
Theme_Name_Standard_WeaponFactory,标准武器工厂
Theme_Name_Standard_NukaColaPlant,标准核子可乐工厂
Theme_Name_Thanksgiving_Diner,感恩节餐厅
Theme_Name_Thanksgiving_LivingQuarters,感恩节生活区
Theme_Name_UltraciteWeaponFactory,超变武器工厂
Theme_Name_SunsetSarsaparilla,日落沙士
Theme_Name_Vault33_Diner,避难所33餐厅
Theme_Name_Vault33_LivingQuarters,避难所33生活区
Theme_ShortName_BoS,钢铁兄弟会
Theme_ShortName_Christmas,圣诞节
Theme_ShortName_Halloween,万圣节
Theme_ShortName_Institute,学院
Theme_ShortName_Minutemen,义勇军
Theme_ShortName_Railroad,铁路
Theme_ShortName_Standard,标准
Theme_ShortName_Thanksgiving,感恩节
Theme_ShortName_AnniversaryParty,派对
Theme_ShortName_Vault33,避难所33
Theme_ShortName_Lucky38Penthouse,幸运38顶层公寓
Time_Day,天
Time_Days,天
Time_Hour,时
Time_Hours,时
Time_HoursShort,时
Time_Minute,分
Time_Minutes,分
Time_Second,秒
Time_Seconds,秒
Tip_01,今天我感觉不是很舒服……为什么我所有的钉子都掉了？
Tips,小贴士
Title_Activate,激活
Title_Alignment,排列
Title_Arrival,到达 {0}/{1}
Title_Assign,分配
Title_AssignDweller,分配居民
Title_Assignment,分配
Title_Availables,可用的
Title_Back,返回
Title_Build,建造
Title_Building,建造中
Title_ClaimReward,索要奖励！
Title_Close,关闭
Title_Collection,收集品
Title_CollectionSmall,收藏
Title_Controls,控制
Title_Crate_Vault,建造避难所
Title_Credits,感谢名单
Title_DailyReport,日常报告
Title_DailyReportSmall,每日报告
Title_Date,日期
Title_DeleteVault,移除避难所
Title_Destroy,摧毁
Title_DestroyRock,摧毁岩石
Title_UltraciteToolTip,超变矿床
title_device,装置
Title_Diff,差异
Title_Done,完成
Title_DragHere,拖动这里
Title_Dweller,居民
Title_DwellerApplication,居民申请
Title_Dwellers,居民
Title_Dwellers_Quantity,居民{0}/{1}
Title_Effect,效果
Title_Effects,效果：
Title_Expedition,远征队
Title_Explore,探索
Title_Failed,失败
Title_FinishingQuest,完成
Title_Flee,逃跑
Title_Flee_Escape,逃脱
Title_Flee_Failed,失败
Title_Flee_Success,成功
Title_Full_Upgraded,房间满级
Title_Happiness,愉悦度
Title_Happiness_Bonus,愉悦度奖励
Title_Help,帮助
Title_Here,这里
Title_Hold,按住
Title_HowToPlaySmall,游戏帮助
Title_Icloud,云
Title_IcloudSave,云存档
Title_Incident,事件：
Title_LastSave,最近存档
Title_Leaderboards,排行榜
Title_Level,等级
Title_Level_Letter,等级
Title_Level_Short,等级
Title_Load_Vault,加载避难所
Title_Loading,加载中……
Title_Locations,地点
Title_LunchboxesSmall,午餐盒
Title_MainMenu,主菜单
Title_MaximumLevel_Short,最大等级
Title_Monitoring,检查
Title_Music,音乐
Title_New!,新的！
Title_NewVault,新避难所
Title_NextRating,下一级
Title_NothingToRedeem,无可兑换物品
Title_Notifications,通知
Title_Objectives,目标
Title_ObjectivesSmall,目标
Title_Off,关
Title_On,开
Title_Open,打开
Title_Outfit,服装
Title_Personalized_Ads,与第三方共享我的使用数据，以改善营销并在第三方网站展示更相关的广告。
Title_ProductionBonus,生产奖励：
Title_QuantityShort,数量
Title_QuestSetup,任务小队
Title_RaiderLoot,发现
Title_Rank,排名
Title_Ready,准备
Title_ReadyExclamation,准备！
Title_Redeem_Code,兑换码
Title_RedeemSmall,兑换
Title_Relocate,搬迁
Title_Report,报告
Title_Requires,需求
Title_Results,结算
Title_Rewards,奖励
Title_RoomRewards,产品
Title_Rooms,房间
Title_Rush,加速
Title_RushBonus,加速奖励
Title_RushReady,加速准备完毕！
Title_RushResults,加速结算
Title_SaveFile,存档文件
Title_Saving,正在保存……
Title_Settings,设置
Title_Shop,商店
Title_ShopSmall,商店
Title_Sound,音效
Title_SpecialStats,属性
Title_StartingQuest,开始任务！
Title_Stats,统计
Title_Status,状态
Title_StorageSpace,储存空间：
Title_Success,成功！
Title_SurvivalGuideSmall,生存指南
Title_Time,时间
Title_Unlock,解锁
Title_UnlockRoom,解锁房间
Title_UnlocksQuestlLine,解锁任务线：
Title_Upgrade,升级
Title_UpgradeTo,升级至
Title_UpgradeToLevel,升级至{0}级
Title_Upgrading,升级中
Title_Uploading,升级中……
Title_Vault_List,避难所列表
Title_VaultList,避难所列表
Title_VaultRating,避难所等级
Title_WatchSafetyVideo,保证加速
Title_Weapons,武器
Title_WeeklyReportSmall,每周报告
Turn_Off_Tips,关闭提示
Tutorial_Header,避难所男孩！
Tutorial_Tip_01,加速成功可以让你获得额外的特别奖励！
Tutorial_Tip_02,将居民分配到生产车间来获得资源。
Tutorial_Tip_03,生产车间需要电力，居民需要水和食物。
Tutorial_Tip_04,高力量的居民可以在动力室里发挥更大的作用。
Tutorial_Tip_05,高感知的居民可以在饮水间内发挥更大的作用。
Tutorial_Tip_06,高敏捷的居民可以在食物间内发挥更大的作用。
Tutorial_Tip_07,建造一个药房来生产治疗针。
Tutorial_Tip_08,建造一个科学实验室来生产消辐宁。
Tutorial_Tip_09,升级房间可以提升效率，并且提供更多的储藏空间。
Tutorial_Tip_10,举重室可以让你的居民提升力量。
Tutorial_Tip_11,武器室可以让你的居民提升感知能力。
Tutorial_Tip_12,健身房可以让你的居民提升耐力。
Tutorial_Tip_13,休息室可以让你的居民提升魅力。
Tutorial_Tip_14,教室可以让你的居民提升智力。
Tutorial_Tip_15,体育室可以让你的居民提升敏捷。
Tutorial_Tip_16,加速成功可以让你获得额外的特别奖励！
Tutorial_Tip_17,游戏室可以让你的居民提升幸运。
Tutorial_Tip_18,建造储藏室来增加避难所中武器和服装的储藏容量。
Tutorial_Tip_19,有更高级的生产车间，它们拥有更高的效率但同时造价也更昂贵。
Tutorial_Tip_20,如果你在本层的建筑空间已用完，请建造一个电梯进入下一层避难所。
Tutorial_Tip_21,建造药房和科学实验室可以提升治疗针和消辐宁的储量。
Tutorial_Tip_22,距离电力供应源最远端的房间会先行关闭。
Tutorial_Tip_23,居民在废土生存得越久，就能够找到越好的装备。
Tutorial_Tip_24,房间完成生产后，根据居民的幸运，你将有几率获得额外的奖励。
Tutorial_Tip_25,点击居民的特性图标来显示更多详细信息。
Tutorial_Tip_25_PC,点击一个居民的SPECIAL图标查看更多信息。
Tutorial_Tip_25_PS4,当选中一个居民时，按 R3 可查看其 SPECIAL 属性的详细信息。
Tutorial_Tip_25_Switch,当选中一个居民时，按下右摇杆可查看其 SPECIAL 属性的详细信息。
Tutorial_Tip_25_Xbox,当选中一个居民时，按下右摇杆可查看其 SPECIAL 属性的详细信息。
Tutorial_Tip_27,分派一个居民到广播室之后，整个避难所居民的愉悦度会提升。
Tutorial_Tip_28,你可以通过点击居民信息中的名字来进行更改。
Tutorial_Tip_28_PC,你可以通过点击居民的名字或是弹出的居民信息来更改他们的名字。
Tutorial_Tip_28_PS4,你可以通过按 L3 来重命名选中的居民。
Tutorial_Tip_28_Switch,你可以通过按下左摇杆来重命名选中的居民。
Tutorial_Tip_28_Xbox,你可以通过按下左摇杆来重命名选中的居民。
Tutorial_Tip_29,你每天都可以跳过一个任务，点击任务界面的X。
Tutorial_Tip_29_PC,你每天都可以跳过一个任务，点击任务界面的X。
Tutorial_Tip_29_Xbox,在目标界面按 [Y] 可以每天跳过 1 个目标。
Tutorial_Tip_30,如果一个房间已经满员，那么该房间里状态最差的居民将会被新来的居民替换掉。
Tutorial_Tip_31,你可以通过完成某些特定目标来获得免费的午餐盒。
Tutorial_Tip_32,不知道如何进行一些工作？请查看避难所居民生存指南。
Tutorial_Tip_33,你可以派居民到避难所入口进行守卫。
Tutorial_Tip_35,需要更多的瓶盖？你可以把避难所里的武器和服装卖掉。
Tutorial_Tip_36,等级越高，SPECIAL属性越多的居民将会在废土生存得越久。
Tutorial_Tip_37,你可以通过点击列名分类来对居民的类别排序。
Tutorial_Tip_37_PC,你可以通过点击列名分类来对居民的类别排序。
Tutorial_Tip_37_Xbox,你可以通过按 [LB] 和 [RB] 选中列名称来对居民列表进行排序。
Tutorial_Tip_38,点击界面顶端资源条可以获得更多的资源储存的详细信息。
Tutorial_Tip_38_PC,点击界面顶端资源条可以获得更多的资源储存的详细信息。
Tutorial_Tip_38_PS4,按 L3 查看资源存储的详细信息。
Tutorial_Tip_38_Switch,按左摇杆查看资源存储的详细信息。
Tutorial_Tip_38_Xbox,点击左摇杆查看资源存储的详细信息。
Tutorial_Tip_39,从废土回来的时候，居民不会受到伤害或是辐射。
Tutorial_Tip_40,在废土，每个SPECIAL属性都会有其特定的作用。
Tutorial_Tip_41,请直接点击废土来查看居民的探索进度。
Tutorial_Tip_41_PC,请直接点击废土来查看居民的探索进度。
Tutorial_Tip_41_Xbox,要快速查看探索中的居民，只需按 [DL]。
Tutorial_Tip_42,掠夺者会在任何时候发动攻击，请让居民做好准备！
Tutorial_Tip_43,广播室可以吸引新的居民加入，也可以提升避难所的愉悦度。
Tutorial_Tip_44,核冬天非常寒冷，用避难所科技保持温暖！
Tutorial_Tip_45,避难所科技，随叫随到！
Tutorial_Tip_46,相同等级的房间才可以合并。
Tutorial_Tip_47,避难所规定避难所最多只能拥有200个居民。
Tutorial_Tip_48,派巧手先生去废土搜寻瓶盖和物品。
Tutorial_Tip_49,你一次只能在同一层分配一个巧手先生。(避难所规定)
Tutorial_Tip_50,携带病菌的鼹鼠会在房间中出现并且在避难所中四处传播。
Tutorial_Tip_51,巧手先生将会一直在指定的楼层搜寻资源，直到被分配到另一层。
Tutorial_Tip_52,死亡爪比掠夺者要更加迅捷、强力、致命。
Tutorial_Tip_53,高耐力的居民将会受到更少的辐射伤害。
Tutorial_Tip_54,你可以把居民拖动到废土，然后点击避难所入口红色的按钮来把居民逐出避难所。
Tutorial_Tip_54_PC,你可以把居民拖动到废土，然后点击避难所入口红色的按钮来把居民逐出避难所。
Tutorial_Tip_54_Xbox,指派一名居民前往废土，然后选择红色的避难所大门按钮将其逐出避难所。
Tutorial_Tip_55,想要在避难所里到处都是尸鬼吗？去看看新升级过的理发店吧！
Tutorial_Tip_56,高耐力的居民将会在升级时获得更多的生命值。
Tutorial_Tip_57,所有SPECIAL属性都将会为居民抵抗废土生物提供帮助。
Tutorial_Tip_58,制造稀有或是传说物品往往需要稀有和传说级别的垃圾。
Tutorial_Tip_59,垃圾在废土中和武器服装一样难以获得。请确定居民们能够完成任务。
Tutorial_Tip_60,觉得自己很幸运吗？在分解物品时，你有几率获得左右合成用的垃圾。
Tutorial_Tip_61,避难所科技会从新加入的成员身上获取他们的服装并且放到避难所科技饭盒中。
Tutorial_Tip_62,你可以使用量子型核子可乐加快生产的速度。
Tutorial_Tip_63,你可以使用量子型核子可乐加快理发的速度。
Tutorial_Tip_64,你可以使用量子型核子可乐立即完成任务！
Tutorial_Tip_65,点击画面跳过任务对话。
Tutorial_Tip_65_PC,点击任意处跳过任务对话。
Tutorial_Tip_65_Xbox,按 [A] 跳过任务中的对话。
Tutorial_Tip_66,探索废土的居民有几率发现特殊地点。
Tutorial_Tip_67,别忘了在任务中带上消辐宁，有些敌人会造成辐射伤害。
Tutorial_Tip_68,一些出现在任务中的敌人非常强力并且能够使用特殊攻击，请尝试先攻击它们！
Tutorial_Tip_69,在任务过程中，居民的生命值无法自动回复……所以在出发前，请确保能带好大量的治疗针。
Tutorial_Tip_70,装备在执行任务途中死亡的居民身上的宠物会自行回到避难所。
Tutorial_Tip_71,被救援的居民将会于任务完成时在避难所外待命。
Tutorial_Tip_72,请节省你的致命一击，并且将其用在适当的时候以此来打出最大的伤害！
Tutorial_Tip_73,死亡爪很厉害，别逞英雄，带上你的朋友。
Tutorial_Tip_74,在任务途中为居民配备宠物将会获得伤害提升！
Tutorial_Tip_75,升级监督者办公室以派遣更多队伍执行任务。
Tutorial_Tip_76,一些任务需要秘密线索才能够解锁，所以请尽可能地收集那些箱子！
Tutorial_Tip_77,致命一击可以扭转局势……请谨慎使用。
Tutorial_Tip_78,宠物加成在任务中同样有效，别忘了带上你毛茸茸的朋友们！
Tutorial_Tip_79,在任务中找到了一把亮蹭蹭的枪？你可以立即进行装备！
Tutorial_Tip_80,在任务中死亡的居民可以在任务结束后复活。
Tutorial_Tip_81,请在Boss战时保证居民拥有一定的生命值，一些Boss拥有非常强力的攻击。
Tutorial_Tip_82,失败的任务一样可以重新再来过……只需要一些瓶盖。
Tutorial_Tip_83,拥有高敏捷的居民在任务中可以拥有更快的攻速。
Tutorial_Tip_84,今天已经使用过跳过任务了？你可以使用量子型核子可乐继续跳过其它任务。
Tutorial_Tip_85,在任务中收集全部的布局碎片可以获得布局配方。
Tutorial_Tip_86,你可以在布局工坊制作钢铁兄弟会主题布局。
Tutorial_Tip_87,你可以在布局工坊制作铁路协会主题布局。
Tutorial_Tip_88,布局只能够应用于合并升级过后的用餐区或是生活区。
Tutorial_Tip_89,你可以使用量子型核子可乐跳过一部分特定的任务。
Tutorial_Tip_90,你可以使用量子核子可乐来加速居民的SPECIAL训练。
Tutorial_Tip_91,你可以使用量子型核子可乐获得缺失的布局配方碎片。
Tutorial_Tip_92,即使你停止广播室的播音，它还是会提升居民的愉悦度。
Tutorial_Title,帮助提示
UnlockRoom,解锁房间
UnlockRoom_Agility,拥有{0}居民在避难所
UnlockRoom_Armory,拥有{0}居民在避难所
UnlockRoom_Bar,拥有{0}居民在避难所
UnlockRoom_BarberShop,拥有{0}居民在避难所
UnlockRoom_Cardio,拥有{0}居民在避难所
UnlockRoom_Class,拥有{0}居民在避难所
UnlockRoom_DecorationFactory,拥有{0}居民在避难所
UnlockRoom_DesignFactory,拥有{0}居民在避难所
UnlockRoom_Game,拥有{0}居民在避难所
UnlockRoom_Gym,拥有{0}居民在避难所
UnlockRoom_Hydroponic,拥有{0}居民在避难所
UnlockRoom_Medbay,拥有{0}居民在避难所
UnlockRoom_Nuka,拥有{0}居民在避难所
UnlockRoom_OutfitFactory,拥有{0}居民在避难所
UnlockRoom_Overseer,拥有{0}居民在避难所
UnlockRoom_PowerPlant,拥有{0}居民在避难所
UnlockRoom_RadioStation,拥有{0}居民在避难所
UnlockRoom_ScienceLab,拥有{0}居民在避难所
UnlockRoom_Storage,拥有{0}居民在避难所
UnlockRoom_UltraciteWeaponFactory,拥有{0}居民在避难所
UnlockRoom_WaterRoom,拥有{0}居民在避难所
UnlockRoom_WeaponFactory,拥有{0}居民在避难所
UnlockRoom_UltraciteMiningRoom,拥有{0}居民在避难所
Updated_Terms_Message,[365136]点击“继续”即表示我确认ZeniMax将按照隐私政策所述处理我的个人信息，并接受服务条款、行为准则和最终用户许可协议。
Updated_Terms_Privacy,[365136]若需选择是否与第三方共享数据，请点击下方的隐私设置按钮或前往设置菜单。
Updated_Terms_Privacy_iOSDenied,[365136]若需选择是否与第三方共享数据，请前往设置菜单。
Updated_Terms_Privacy_US,[365136]若需选择不与第三方共享数据，请点击下方的隐私设置按钮或前往设置菜单。
Updated_Terms_Privacy_US_iOSDenied,[365136]若需选择不与第三方共享数据，请前往设置菜单。
Updated_Terms_Title,[212F21]我们更新了条款
UWP_MandatoryUpdateMessage,有一个强制更新可用。是否立即安装此更新？
UWP_OptionalUpdateMessage,有一个可选更新可用。是否立即安装此更新？
Vault,避难所
Vault_Caps_Count,避难所瓶盖
VaultBabyPopUp_error_emptyString,你的孩子需要一个名字。
Vaultboy_Message_BabyGrewUp,孩子长大了！
Vaultboy_Message_EnergyWarning,能源供应过低
Vaultboy_Message_FoodWarning,食物供应过低
Vaultboy_Message_HappinessWarning,避难所愉悦度过低
Vaultboy_Message_ObjectiveCompleted,恭喜！任务完成
Vaultboy_Message_StorageWarning,储存空间过低
Vaultboy_Message_WaterWarning,用水供应过低
VaultNameSurvivalSuffix,（生存）
VaultTecWindow_Description,监督者 - 观看此视频并领取一份精美礼物！
VaultTecWindow_Explanation,你可以获得：
VaultTecWindow_Title,避难所科技
Vibration,振动
Vibration_Switch,HD 震动
Wasteland_Button_CancelQuest,召回
Wasteland_Button_ResumeQuest,继续任务
Wasteland_Button_StartQuest,进入！
Wasteland_Cant_Send,目前你无法将该居民送到废土。
Wasteland_Collect_Items,收集
Wasteland_Dead,居民在废土中死亡了。
Wasteland_Dead_SurpriseQuest,有居民在探索废土的某个地方时死亡了。
Wasteland_DwellerRevived,我活下来了！
Wasteland_DwellerRevived2,我回来了！
Wasteland_DwellerRevived3,不能让一个好居民死掉！
Wasteland_DwellerRevived4,谁说我死了的？
Wasteland_DwellerRevived5,哈哈！感觉好多了！
Wasteland_ForRadiation,辐射
Wasteland_Found,发现
Wasteland_Found_Nuka,发现{0}。
Wasteland_Full,已经到达废土居民最大数！
Wasteland_Got,受到
Wasteland_Got_Exp,获得{0}经验
Wasteland_GotDamage,受到伤害
Wasteland_Intro01,我觉得这将会是一场不错的冒险
Wasteland_Intro02,我太兴奋了
Wasteland_Intro03,我希望能够找到好东西
Wasteland_Inventory_Full,我不能再带更多东西了，我最好把这些东西带回去给大家瞧瞧。
Wasteland_Item_QuestClue,任务
Wasteland_ItemCycleLegendary_03,哇哦！我在铁箱子里发现了{0}！
Wasteland_ItemCycleNormal_01,我发现了一个藏着{0}的柜子。
Wasteland_ItemCycleNormalPet_01,我从掠夺者手中救下了{0}，现在就在我身边。
Wasteland_ItemCycleRare_02,太幸运了！我在地上发现了{0}！
Wasteland_ItemCycleRarePet_02,{0}出现了，然后救下了我！我最好把它带在身边。
Wasteland_Level_Up,我升级了！
Wasteland_Quest_RemoveAll,全部移除
Wasteland_Quest_Retry,重试任务
Wasteland_Recall,召回
Wasteland_RemoveDeadDweller,移除
Wasteland_Return_To_Explore,探索
Wasteland_ReviveDeadDweller,复活
Wasteland_ReviveDeadDweller_And_Retry,复活全部并重试
Wasteland_TeamReturned,我从废土回来了！
Wasteland_TeamSent,废土远征开始！
Wasteland_Title_Exploring,正在探索废土
Wasteland_Title_Leaving_Vault,正在离开避难所
Wasteland_Title_Ret_To_Vault,正在返回避难所
Wasteland_Title_Returned,已返回避难所
Wasteland_Use_Radaway,我使用了消辐宁，这会帮我减轻辐射的。
Wasteland_Use_Stimpack,我使用了治疗针，啊，感觉不错。
WastelandCollectAllCommonItems,收集普通物品
WastelandItem_Title,拾荒者
WastelandSellAllCommonItems,出售普通物品
Wasteland_ExteriorName_Default,默认
Wasteland_ExteriorName_NewVegas,新维加斯
Wasteland_ExteriorName_NewVegasNight,新维加斯大道
Wasteland_ExteriorName_Xmas,假日
Wasteland_ExteriorName_Ultracite,超变热
Wasteland_ExteriorItem_Title,废土
Wasteland_ExteriorItem_SubTitle,自定义废土主题
Weapon_Description_032Pistol,足够杀死一个攻击者了。
Weapon_Description_032Pistol_ArmorPiercing,小小的子弹拥有可怕的威力。
Weapon_Description_032Pistol_Enhanced,正好用来对付没有武装的敌人。
Weapon_Description_032Pistol_Hardened,足够让你作战了，没准还能带你走向胜利。
Weapon_Description_032Pistol_Rusty,废土最不靠谱的手枪，祝你好运。
Weapon_Description_032Pistol_WildBillsSidearm,等有人说“投降”的时候，你就可以说“去死吧”。
Weapon_Description_AlienBlaster,一把从外星来的高科技武器。
Weapon_Description_AlienBlaster_Amplified,这东西一般是给巡洋舰用的。
Weapon_Description_AlienBlaster_Destabilizer,可以把敌人分解成原子……或者把整个星球。
Weapon_Description_AlienBlaster_Focused,用来毁灭地球人的武器。
Weapon_Description_AlienBlaster_Rusty,被丢弃在这个星球上已经很长一段时间了，不过还是很强力。
Weapon_Description_AlienBlaster_Tuned,也许这是属于一个外星人长官的武器。
Weapon_Description_AlienDisintegrator,一种来自外星的技术先进的武器，但更大一号。
Weapon_Description_AlienDisintegrator_Enhanced,制造它的家伙显然不满足于一次只蒸发一个人。
Weapon_Description_AlienDisintegrator_Hardened,现在你已准备好对付太空熊了。
Weapon_Description_AlienDisintegrator_Rusty,这块垃圾仍然能把超级变种人一分为二。
Weapon_Description_AssaultRifle,全自动的步枪，十分全面的武器。
Weapon_Description_AssaultRifle_ArmorPiercing,这东西穿过动力装甲就像穿过一张纸一样简单。
Weapon_Description_AssaultRifle_Enhanced,这种枪能够胜过正在打仗的士兵。
Weapon_Description_AssaultRifle_Hardened,这种武器适合想要应对任何情况的雇佣兵。
Weapon_Description_AssaultRifle_Infiltrator,一进一出，等你醒过来的时候，就遍地是尸体了。
Weapon_Description_AssaultRifle_Rusty,这东西有时候会哑火，但是那又怎么样？还是很厉害。
Weapon_Description_AssaultronHead,斩首并未减少其致命性。
Weapon_Description_AssaultronHead_Enhanced,它有隧道视野——在敌人身上钻洞的视野。
Weapon_Description_AssaultronHead_Hardened,有脾气火爆的，然后就是这个。
Weapon_Description_AssaultronHead_Rusty,一块废铁，带着凶恶的凝视。
Weapon_Description_BaseballBat,前方有敌人，遇见蝙蝠。我相信你们两个肯定很合得来。
Weapon_Description_BBGun,世界上最好的武器……不过是十年前。
Weapon_Description_BBGun_ArmorPiercing,可以射穿一条牛仔裤，没准加上一条腿。
Weapon_Description_BBGun_Enhanced,小心点！这小家伙会弄破你的皮肤的。
Weapon_Description_BBGun_Hardened,它也许没办法杀掉你的敌人，但是肯定能让他们疼得死去活来。
Weapon_Description_BBGun_RedRocket,威力大到足以把超级变种人的眼珠子弹出来。
Weapon_Description_BBGun_Rusty,大概得打20发左右你才能把那个篱笆上的罐子打下来。
Weapon_Description_ButcherKnife,来点惩罚，懂了吗？
Weapon_Description_CombatShotgun,一把全自动的霰弹枪，疼！
Weapon_Description_CombatShotgun_CharonsShotgun,传说这是一把尸鬼去冥河的钥匙。
Weapon_Description_CombatShotgun_DoubleBarrelled,距离越近，杀伤力就越大……太残忍了。
Weapon_Description_CombatShotgun_Enhanced,射速更快，弹药更好，杀人更多。
Weapon_Description_CombatShotgun_Hardened,每扣动一次扳机，就会逝去一条鲜活的生命。
Weapon_Description_CombatShotgun_Rusty,每次哑火后，都得做一大堆的准备工作。
Weapon_Description_FatMan,一个手提式核弹投射器，“致命”已经不能来形容它了。
Weapon_Description_FatMan_Enhanced,一些核物理学家的宠物计划，原子越多，爆炸越强。
Weapon_Description_FatMan_Guided,便携式核弹，可以自动导航到目标，没错！
Weapon_Description_FatMan_Hardened,高强度的炮弹，可以造成更大的爆炸……还有更多的尸体。
Weapon_Description_FatMan_Mirv,一次可以发射多个炮弹，真是太多了。
Weapon_Description_FatMan_Rusty,虽说已经有年头了而且缺乏保养，这东西还是能够带来一场灾难。
Weapon_Description_FireHydrantBat,现在，你可以假装自己很小，动力不足的大家伙。
Weapon_Description_Flamer,用这个火焰喷射器来把他们烤熟。
Weapon_Description_Flamer_Burnmaster,用来烤汉堡包再好不过了，也可以用来烤掠夺者。
Weapon_Description_Flamer_Enhanced,火焰范围更广，温度更高。
Weapon_Description_Flamer_Hardened,喷射出来的火焰和被你烧死的人去的地狱一样热，简直是太讽刺了。
Weapon_Description_Flamer_Pressurized,你手上的这东西就像一头会喷火的龙。
Weapon_Description_Flamer_Rusty,喷出来的火温度很低，不过烧死人是足够的了。
Weapon_Description_GatlingLaser,这是一把多管机枪，会发激光的机枪。
Weapon_Description_GatlingLaser_Amplified,模块化的发射器，射速更高，载弹量更多。
Weapon_Description_GatlingLaser_Focused,每条激光都拥有更大的能量意味着每一发子弹都更疼！
Weapon_Description_GatlingLaser_Rusty,这挺激光枪有时候会哑火，没什么大不了的。
Weapon_Description_GatlingLaser_Tuned,这就像一盏死亡迪斯科灯，而且所有人都被邀请参加！
Weapon_Description_GatlingLaser_Vengeance,想要报仇？觉得非常愤怒？你会喜欢这个的。
Weapon_Description_GaussPistol,单手可握的所有磁力加速。
Weapon_Description_GaussPistol_Enhanced,一把平衡良好、工艺精湛、线圈品质高的手枪。
Weapon_Description_GaussPistol_Focused,这把过载手枪威力强大，但可靠性存疑。
Weapon_Description_GaussPistol_Hardened,经过改造可发射更重的弹头，这把枪威力惊人。
Weapon_Description_GaussPistol_Rusty,无论是否锈蚀，线圈依然尽职尽责。
Weapon_Description_GaussRifle,通过电磁加速发射弹药，速度极快。
Weapon_Description_GaussRifle_Accelerated,等等，这子弹还能飞得……更快？你想不到的。
Weapon_Description_GaussRifle_Enhanced,有人加强了磁场，你知道这会有什么结果的……
Weapon_Description_GaussRifle_Hardened,从研究开发实验室里生产出来并且投入使用的武器，这东西更加的致命。
Weapon_Description_GaussRifle_Magnetron4000,磁场+科技！= 无尽的杀戮，不，这是真的，杀戮！
Weapon_Description_GaussRifle_Rusty,时间剥夺了它光鲜的外表，但是并没有剥夺它的作用。
Weapon_Description_GhoulRevolver,这把大号手枪是“母马腿”的绝佳伴侣。
Weapon_Description_GrognaksAxe,正如《野蛮人古罗纳克》第23期《吞噬童贞者的巢穴》中所示。
Weapon_Description_HuntingRifle,猎杀游戏的神器 - 猎杀动物，或是人。
Weapon_Description_HuntingRifle_ArmorPiercing,大多数人都不猎杀哨兵机器人，不过你不一样。
Weapon_Description_HuntingRifle_Enhanced,想要一套新的妖怪服吗？这把猎枪给你。
Weapon_Description_HuntingRifle_Hardened,曾经你被别人猎杀，但是有了这把武器，那些日子就过去了。
Weapon_Description_HuntingRifle_OlPainless,可以让你的马，或是那些死亡爪分分钟离开这个可悲的世界。
Weapon_Description_HuntingRifle_Rusty,很脏，但是也很可靠，这把枪值得信任。
Weapon_Description_InstitutePistol,光滑、便携且强力。
Weapon_Description_InstitutePistol_Apotheosis,未来的力量就掌握在你手中。
Weapon_Description_InstitutePistol_Improved,最先进的部门研究出的新的杀伤性武器成果。
Weapon_Description_InstitutePistol_Incendiary,向学院的敌人开火，就是这个意思。
Weapon_Description_InstitutePistol_Scattered,为什么觉得一次只能蒸发掉一个敌人？
Weapon_Description_InstitutePistol_Scoped,每一个伟大的策略都得有清晰的视野。
Weapon_Description_InstituteRifle,是时候给他们看看你真正的工作了，研究协会的工作。
Weapon_Description_InstituteRifle_Excited,在这个能量核中有个量子派对。
Weapon_Description_InstituteRifle_Long,研究协会的范围很广，现在你也一样了。
Weapon_Description_InstituteRifle_NightVision,你的敌人已经无处可藏了。
Weapon_Description_InstituteRifle_Targeting,锁定，装弹完毕。
Weapon_Description_InstituteRifle_VirgilsRifle,他花了大量的空闲时间来研究这种致命的光线。
Weapon_Description_JunkJet,你不会知道高速运动的垃圾有多致命的。
Weapon_Description_JunkJet_Electrified,垃圾引起的死亡一点都不令人惊奇。
Weapon_Description_JunkJet_Flaming,什么东西比会杀人的泰迪熊更可怕呢？一只燃烧的泰迪熊！
Weapon_Description_JunkJet_RecoilCompensated,你把那些坏家伙炸飞的时候可得站稳了。
Weapon_Description_JunkJet_Tactical,最新的便携式能源和瞄准器。
Weapon_Description_JunkJet_TechniciansRevenge,他们再也不敢嘲笑科学了。
Weapon_Description_KitchenKnife,可以偷袭别人，也可以直接对着脸砍，随便来，别客气。
Weapon_Description_LaserMusket,革命的潮流得跟得上高科技的力量。
Weapon_Description_LaserPistol,激光的力量现在就在你的手中！咻咻！
Weapon_Description_LaserPistol_Amplified,快速拔枪，然后一道激光过去，就只剩下一坨灰烬了。
Weapon_Description_LaserPistol_Focused,终极科学装置，分解的力量。
Weapon_Description_LaserPistol_Rusty,它可以用来点雪茄，也可以用来杀蟑螂。
Weapon_Description_LaserPistol_SmugglersEnd,可以从布满灰尘的小酒吧射到天际，真正的平民武器。
Weapon_Description_LaserPistol_Tuned,是时候实现你做牛仔的梦想了。
Weapon_Description_LaserRifle,一件高科技的步兵武器，在超级大战前是一名士兵的武器。
Weapon_Description_LaserRifle_Amplified,如果你没能击溃你的目标，你就会想要逃跑。
Weapon_Description_LaserRifle_Focused,最适合废土勇士的高科技武器。
Weapon_Description_LaserRifle_Rusty,又脏又黑，但是依然强力。
Weapon_Description_LaserRifle_Tuned,这个激光发射器已经调整到最大强度了。
Weapon_Description_LaserRifle_WazerWifle,比维说你还差一把武器。他会帮你搞定的。
Weapon_Description_LeverActionRifle,你想要把敌人放倒的时候，摆好POSE。
Weapon_Description_LeverActionRifle_ArmorPiercing,有了这个宝贝，他们也许再也不用穿盔甲了。
Weapon_Description_LeverActionRifle_Enhanced,加点润滑油，杀戮时刻开始了。
Weapon_Description_LeverActionRifle_Hardened,像传说中的英雄那样把那些家伙干掉。
Weapon_Description_LeverActionRifle_Henrietta,看起来是很老的东西了，但是千万别让朗费罗听到你这么评价。
Weapon_Description_LeverActionRifle_LincolnsRepeater,亚伯曾经用这东西杀死过辐射蝎。
Weapon_Description_LeverActionRifle_Rusty,虽说控制杆有点锈了，但是还是非常强力的远程武器。
Weapon_Description_Magnum,战前警察和废土勇士的最爱。
Weapon_Description_Magnum_ArmorPiercing,想要把一个穿着重装盔甲的雇佣兵炸飞300码吗？试试这个吧。
Weapon_Description_Magnum_Blackhawk,可以把一头河马炸飞半个废土那么远。
Weapon_Description_Magnum_Enhanced,装有更优良的带镜，并且轰起人来更爽。
Weapon_Description_Magnum_Hardened,他们都成这玩意儿叫手炮。
Weapon_Description_Magnum_Rusty,打起来感觉软绵绵的，不过还是一把可靠的手枪。
Weapon_Description_MaresLeg,紧凑包装中的大口径威力。
Weapon_Description_Minigun,用一大片子弹撕碎你的敌人。
Weapon_Description_Minigun_ArmorPiercing,可以把护甲变成蜂窝奶酪的形状 - 废土。
Weapon_Description_Minigun_Enhanced,今天的天气预报说有子弹雨。
Weapon_Description_Minigun_Hardened,可能并不需要射这么多次，但是真的很有趣。
Weapon_Description_Minigun_LeadBelcher,这东西只是……不停地……射击……杀人。
Weapon_Description_Minigun_Rusty,虽说这枪射出去的子弹并不是很快，但是真的……啊，疼！
Weapon_Description_MissileLauncher,可以射出一发爆炸威力极大的导弹，卡砰！
Weapon_Description_MissileLauncher_Enhanced,进行了一些细微的改动，这家伙变得更加致命了。
Weapon_Description_MissileLauncher_Guided,发射一枚超级强力且会自动跟踪的导弹，可以立马取走敌人的性命。
Weapon_Description_MissileLauncher_Hardened,爆炸威力更强，发射速度更快，这东西简直无情。
Weapon_Description_MissileLauncher_MissLauncher,她就是爆炸，爆炸就是她。
Weapon_Description_MissileLauncher_Rusty,虽说有点锈了，但是还是可以用的。这才是最关键的。
Weapon_Description_MountainMomma,这把霰弹枪定能护你安全回家。
Weapon_Description_Pickaxe,用这个挖进地底，你也许可以找到金子。
Weapon_Description_PipePistol,废土的掠夺者最爱的武器。
Weapon_Description_PipePistol_Auto,随便乱打就行！你肯定能打中些什么。
Weapon_Description_PipePistol_HairTrigger,也许威力不是很大，但是绝对够快。
Weapon_Description_PipePistol_Heavy,枪管越大，打起来越沉。
Weapon_Description_PipePistol_LittleBrother,就和名字的意思一样，这玩意儿与其说是危险，更不如说是闹腾。
Weapon_Description_PipePistol_Scoped,像这种手枪真的能被称作是精确吗？现在可以了！
Weapon_Description_PipeRifle,如果你的目标活下来了，你的机会就来了。
Weapon_Description_PipeRifle_Bayoneted,有时候，近战才是王道。
Weapon_Description_PipeRifle_BigSister,可以号令附近的敌人，最起码在他们爸爸妈妈回来之前一直都可以。
Weapon_Description_PipeRifle_Calibrated,比外表要致命的多。
Weapon_Description_PipeRifle_Long,他们被看不见的敌人搞得晕头转向的时候是最好玩的。
Weapon_Description_PipeRifle_NightVision,往往是从阴影中射出的子弹才能够迷惑敌人。
Weapon_Description_Pistol,废土最普遍的手枪。
Weapon_Description_Pistol_ArmorPiercing,为废土带来了正义，还有掠夺者的尸体。
Weapon_Description_Pistol_Enhanced,高伤害弹夹，而且新上了机油。太棒了。
Weapon_Description_Pistol_Hardened,精心改良过，每个雇佣兵都梦想有这么一把枪。
Weapon_Description_Pistol_LoneWanderer,一个英雄，一把手枪，然后，一场传奇就上演了。
Weapon_Description_Pistol_Rusty,虽说不是什么靠谱的手枪，但是总还是能凑合用一下的。
Weapon_Description_PlasmaCaster,将最多等离子体倾泻到目标上的最佳方式。
Weapon_Description_PlasmaCaster_Enhanced,绿色地狱，来自天赐的人体工学新框架。
Weapon_Description_PlasmaCaster_Hardened,你的敌人不仅会化作一滩，还会化作印象深刻的一滩。
Weapon_Description_PlasmaCaster_Rusty,其可怕的威力唯有同样棘手的泄漏问题能与之匹敌。
Weapon_Description_PlasmaPistol,迄今为止杀伤力最强的手枪。
Weapon_Description_PlasmaPistol_Amplified,瞄准，扣动扳机，然后干掉敌人。
Weapon_Description_PlasmaPistol_Focused,你刚刚把那个奴隶贩子变成了一滩绿色的液体，干得不错！
Weapon_Description_PlasmaPistol_MPLXNovasurge,绿色的太阳之力就在你手中。
Weapon_Description_PlasmaPistol_Rusty,这种电浆体也许并不是很烫，但是对你来说已经足够了。
Weapon_Description_PlasmaPistol_Tuned,比起标准制式的，只是更加烫一些，更加绿一些。
Weapon_Description_PlasmaRifle,可以远距离用电浆气体让你的敌人蒸发掉。
Weapon_Description_PlasmaRifle_Amplified,这东西究竟对人体造成怎样的伤害根本无法理解。
Weapon_Description_PlasmaRifle_Focused,可以把一个超级变种人瞬间变成一滩烂泥。
Weapon_Description_PlasmaRifle_MeanGreenMonster,也许是最残忍的高科技武器了吧。
Weapon_Description_PlasmaRifle_Rusty,即使已经很旧了，还是可以把你敌人的内脏炸飞。
Weapon_Description_PlasmaRifle_Tuned,在你需要把某个人变成液体的时候用。
Weapon_Description_PlasmaThrower,这个小型喷火器总是能够很好地完成任务。
Weapon_Description_PlasmaThrower_Agitated,这种武器给人一种科技感。
Weapon_Description_PlasmaThrower_Boosted,双倍燃料，双倍热量，双倍……愉悦！
Weapon_Description_PlasmaThrower_DragonsMaw,唤醒这条火龙，然后把你的敌人化为灰烬吧。
Weapon_Description_PlasmaThrower_Overcharged,一台超级烘烤机。
Weapon_Description_PlasmaThrower_Tactical,你可以随意地使用这种绿色的死亡能量。
Weapon_Description_PoolCue,如果没有这个，千万别去打架。
Weapon_Description_PowerFist,给已然丰盛的指节三明治加些液压酱料。
Weapon_Description_PowerFist_Enhanced,一种明显升级的强力拳击武器。
Weapon_Description_PowerFist_Hardened,飘如蝴蝶，刺如犀牛。
Weapon_Description_PowerFist_Rusty,这只拳击假肢略有赛场锈迹。
Weapon_Description_PowerFistEd,由你钟爱的尸鬼制作的一种更精密的粉碎工具。
Weapon_Description_PulseRifle,战前前沿攻击型电子设备。
Weapon_Description_PulseRifle_Enhanced,调到11档效果最佳。
Weapon_Description_PulseRifle_Hardened,尽量站在被瓦解目标的顶风处。
Weapon_Description_PulseRifle_Rusty,这件古物仍能给你的敌人送去瓦特礼包！
Weapon_Description_RaiderSword,让那些掠夺者尝尝自己种下的恶果吧。
Weapon_Description_Railgun,发射轨道炮，可以把敌人的手脚钉到墙上！咻咻咻！
Weapon_Description_Railgun_Accelerated,轨道炮的速度究竟能达到多快？我都敢想。
Weapon_Description_Railgun_Enhanced,你看到过掠夺者的头被钉在墙上吗？你想试试吗？
Weapon_Description_Railgun_Hardened,改进过了之后，已经可以穿透敌人的护甲了。
Weapon_Description_Railgun_Railmaster,轨道加速炮终极版。
Weapon_Description_Railgun_Rusty,这古怪的钉子也许根本没办法把手脚钉到墙上，不过杀人还是可以的。
Weapon_Description_Ripper,伴着悦耳的嘶鸣切割四肢、木头和其他东西。
Weapon_Description_Ripper_Enhanced,穿上你的法兰绒衬衫，去找点木材。
Weapon_Description_Ripper_Hardened,很快，每个掠夺者看起来都像一棵树。
Weapon_Description_Ripper_Rusty,链条该上点油了，但活儿还是能干的。
Weapon_Description_SawedOffShotgun,废土流浪汉最信任的武器……
Weapon_Description_SawedOffShotgun_DoubleBarrelled,枪管长度减半，弹筒加倍，一发下去啥都没了。
Weapon_Description_SawedOffShotgun_Enhanced,初速度更高，且更加不容易散射。
Weapon_Description_SawedOffShotgun_Hardened,带上这个，你就再需要在废土上流浪了，整个废土都是你的。
Weapon_Description_SawedOffShotgun_Kneecapper,可以直接让一条腿消失……跟变魔术一样！
Weapon_Description_SawedOffShotgun_Rusty,已经出过很多意外了……而且还会继续下去。
Weapon_Description_Shotgun,靠近些然后问个好……用一大把铅弹。
Weapon_Description_Shotgun_DoubleBarrelled,两个枪管，双倍伤害，双倍乐趣！
Weapon_Description_Shotgun_Enhanced,经过改进后，5码范围内，寸草不留。
Weapon_Description_Shotgun_FarmersDaughter,不管是谁用这玩意儿指着你的头，你都还是从了的好。
Weapon_Description_Shotgun_Hardened,靠近，然后杀了他，简单粗暴。
Weapon_Description_Shotgun_Rusty,这玩意儿在谷仓里待太久了，不过拿来杀人还是很好用的。
Weapon_Description_SniperRifle,杀死靠近你的敌人。
Weapon_Description_SniperRifle_ArmorPiercing,可以连同敌人的飞行器一起刺穿。
Weapon_Description_SniperRifle_Enhanced,改进后可以射得更加远也更加快速了。
Weapon_Description_SniperRifle_Hardened,带镜更好，再装填速度更快。你如何才能不杀死敌人？
Weapon_Description_SniperRifle_Rusty,扳机有点松了，但是瞄准300码之外的沼蟹还是很轻松的。
Weapon_Description_SniperRifle_VictoryRifle,这就是说狙击手能够改变一场战局的原因。
Weapon_Description_T60Pistol,请配合适当的增强部件使用，以免误伤自己。
Weapon_Description_RustyT60Pistol,每次开火都感觉它要炸了。
Weapon_Description_HardenedT60Pistol,一头强化过的猛兽，咬合力也更强。
Weapon_Description_EnhancedT60Pistol,挂在腰间的大炮，装有兄弟会最新升级。
Weapon_Description_ArmorPiercingT60Pistol,这东西能在五十步开外把动力装甲打个窟窿。
Weapon_Description_TranqPistol,有时候留下活口更好。虽然不知道什么时候，但我想偶尔会有这种情况。
Weapon_Description_RustyTranqPistol,记得要瞄准高处，再向左偏移约一英尺。
Weapon_Description_HardenedTranqPistol,为内心平和者打造的坚固装备。
Weapon_Description_EnhancedTranqPistol,活捉目标、拿到奖励的最快最干净的方法。
Weapon_Description_BOSAssaultRifle,为身着动力装甲的士兵打造的大口径突击步枪。
Weapon_Description_BOSAssaultRifle_Rusty,这把巨大的军用枪械可能需要调整，但它依然火力十足。
Weapon_Description_BOSAssaultRifle_Hardened,为眼光挑剔的骑士准备的武器，历经战场但保养精细。
Weapon_Description_BOSAssaultRifle_Enhanced,刚从兄弟会军械库出库，准备传播秩序。
Weapon_Description_BOSAssaultRifle_ArmorPiercing,在这头喷吐铅弹的巨兽面前，每个部位都是弱点。
Weapon_Description_SurgicalRipper,就像个撕裂者，但更可能保器官完整——如果你想要这样。
Weapon_Description_SurgicalRipper_Rusty,这东西不该出现在正规手术室里，但能完成任务。
Weapon_Description_SurgicalRipper_Enhanced,清洁且保养良好。血腥工作的可靠工具。
Weapon_Description_SurgicalRipper_Hardened,合成单分子齿意味着他们甚至感觉不到四肢脱落。
Weapon_Description_UltraciteSword1,当你只有一颗大宝石，却需要一台杀戮机器时的选择。
Weapon_Description_UltracitePlasma1,瞬间的超合金等离子毁灭。只需加电！
Weapon_Description_UltraciteSword2,锋利得吓人。别把它放在枕头下。
Weapon_Description_UltraciteGatling1,超合金矿石旋转得比尖叫声还快。
Weapon_Description_UltracitePlasma2,极佳聚焦的光子，用于致命熔合恶魔。
Weapon_Description_UltraciteGatling2,数十块精炼矿石塞进一把巨大的枪里。能出什么错呢？
Weapon_Description_50CalMachineGun,一种古老的设计，如此有效且可靠，近300年后仍在使用。
Weapon_Description_50CalMachineGun_Rusty,尽管偶尔会卡壳，但仍然令人生畏。
Weapon_Description_50CalMachineGun_Enhanced,经典完美之作，以升级零件加以改进。
Weapon_Description_50CalMachineGun_Hardened,对付掠食者或超级变种人军团的恰当威慑。
Weapon_Description_50CalMachineGun_ArmorPiercing,巅峰之作。这玩意儿能在飞艇上打出窟窿。
Weapon_Name_BOSAssaultRifle,兄弟会突击步枪
Weapon_Name_BOSAssaultRifle_Rusty,生锈的兄弟会突击步枪
Weapon_Name_BOSAssaultRifle_Hardened,淬硬兄弟会突击步枪
Weapon_Name_BOSAssaultRifle_Enhanced,强化兄弟会突击步枪
Weapon_Name_BOSAssaultRifle_ArmorPiercing,穿甲兄弟会突击步枪
Weapon_Name_032Pistol,.32手枪
Weapon_Name_032Pistol_ArmorPiercing,穿甲.32手枪
Weapon_Name_032Pistol_Enhanced,改良.32手枪
Weapon_Name_032Pistol_Hardened,硬化.32手枪
Weapon_Name_032Pistol_Rusty,生锈的.32手枪
Weapon_Name_032Pistol_WildBillsSidearm,野蛮比利的佩枪
Weapon_Name_AlienBlaster,外星冲击枪
Weapon_Name_AlienBlaster_Amplified,增幅外星冲击枪
Weapon_Name_AlienBlaster_Destabilizer,扰乱器
Weapon_Name_AlienBlaster_Focused,聚焦外星冲击枪
Weapon_Name_AlienBlaster_Rusty,生锈的外星冲击枪
Weapon_Name_AlienBlaster_Tuned,微调外星冲击枪
Weapon_Name_AlienDisintegrator,外星分解者
Weapon_Name_AlienDisintegrator_Enhanced,强化外星分解者
Weapon_Name_AlienDisintegrator_Hardened,硬化外星分解器
Weapon_Name_AlienDisintegrator_Rusty,生锈外星分解器
Weapon_Name_AmataPistol,阿玛塔的手枪
Weapon_Name_AssaultRifle,突击步枪
Weapon_Name_AssaultRifle_ArmorPiercing,穿甲突击步枪
Weapon_Name_AssaultRifle_Enhanced,改良突击步枪
Weapon_Name_AssaultRifle_Hardened,硬化突击步枪
Weapon_Name_AssaultRifle_Infiltrator,渗透者
Weapon_Name_AssaultRifle_Rusty,生锈的突击步枪
Weapon_Name_AssaultronHead,突袭者头部
Weapon_Name_AssaultronHead_Enhanced,增强突袭者头部
Weapon_Name_AssaultronHead_Hardened,硬化突袭者头部
Weapon_Name_AssaultronHead_Rusty,生锈突袭者头部
Weapon_Name_AutumnLaserPistol,秋上校的激光手枪
Weapon_Name_BaseballBat,棒球棍
Weapon_Name_BBGun,BB枪
Weapon_Name_BBGun_ArmorPiercing,穿甲BB枪
Weapon_Name_BBGun_Enhanced,改良BB枪
Weapon_Name_BBGun_Hardened,硬化BB枪
Weapon_Name_BBGun_RedRocket,红火箭
Weapon_Name_BBGun_Rusty,生锈的BB枪
Weapon_Name_ButcherKnife,屠夫菜刀
Weapon_Name_ButchPistol,布茨的手枪
Weapon_Name_CombatShotgun,战斗霰弹枪
Weapon_Name_CombatShotgun_CharonsShotgun,卡隆的霰弹枪
Weapon_Name_CombatShotgun_DoubleBarrelled,双管战斗霰弹枪
Weapon_Name_CombatShotgun_Enhanced,改良战斗霰弹枪
Weapon_Name_CombatShotgun_Hardened,硬化战斗霰弹枪
Weapon_Name_CombatShotgun_Rusty,生锈的战斗霰弹枪
Weapon_Name_CrossLaserPistol,克罗丝的激光手枪
Weapon_Name_Dad032Pistol,爸爸的.32手枪
Weapon_Name_ElderLaserPistol,里昂长老的激光手枪
Weapon_Name_FatMan,胖子
Weapon_Name_FatMan_Enhanced,改良胖子
Weapon_Name_FatMan_Guided,自动制导胖子
Weapon_Name_FatMan_Hardened,硬化胖子
Weapon_Name_FatMan_Mirv,MIRV多弹头
Weapon_Name_FatMan_Rusty,生锈的胖子
Weapon_Name_FireHydrantBat,消防栓
Weapon_Name_Fist,拳头
Weapon_Name_Flamer,火焰喷射器
Weapon_Name_Flamer_Burnmaster,炎魔
Weapon_Name_Flamer_Enhanced,改良火焰喷射器
Weapon_Name_Flamer_Hardened,硬化火焰喷射器
Weapon_Name_Flamer_Pressurized,增压火焰喷射器
Weapon_Name_Flamer_Rusty,生锈的火焰喷射器
Weapon_Name_GatlingLaser,激光加特林
Weapon_Name_GatlingLaser_Amplified,增幅激光加特林
Weapon_Name_GatlingLaser_Focused,聚焦激光加特林
Weapon_Name_GatlingLaser_Rusty,生锈的激光加特林
Weapon_Name_GatlingLaser_Tuned,微调激光加特林
Weapon_Name_GatlingLaser_Vengeance,复仇者
Weapon_Name_GaussPistol_Enhanced,增强高斯手枪
Weapon_Name_GaussPistol_Focused,聚焦高斯手枪
Weapon_Name_GaussPistol_Hardened,硬化高斯手枪
Weapon_Name_GaussPistol_Rusty,生锈高斯手枪
Weapon_Name_GaussRifle,高斯步枪
Weapon_Name_GaussRifle_Accelerated,加速高斯步枪
Weapon_Name_GaussRifle_Enhanced,改良高斯步枪
Weapon_Name_GaussRifle_Hardened,硬化高斯步枪
Weapon_Name_GaussRifle_Magnetron4000,磁控管4000
Weapon_Name_GaussRifle_Rusty,生锈的高斯步枪
Weapon_Name_GhoulRevolver,尸鬼左轮枪
Weapon_Name_GrognaksAxe,格罗纳克之斧
Weapon_Name_HarknessAssaultRifle,哈克尼斯的突击步枪
Weapon_Name_HuntingRifle,猎枪
Weapon_Name_HuntingRifle_ArmorPiercing,穿甲猎枪
Weapon_Name_HuntingRifle_Enhanced,改良猎枪
Weapon_Name_HuntingRifle_Hardened,硬化猎枪
Weapon_Name_HuntingRifle_OlPainless,无痛杀手
Weapon_Name_HuntingRifle_Rusty,生锈的猎枪
Weapon_Name_InstitutePistol,学院手枪
Weapon_Name_InstitutePistol_Apotheosis,神圣
Weapon_Name_InstitutePistol_Improved,优化学院手枪
Weapon_Name_InstitutePistol_Incendiary,燃烧学院手枪
Weapon_Name_InstitutePistol_Scattered,散射学院手枪
Weapon_Name_InstitutePistol_Scoped,带镜学院手枪
Weapon_Name_InstituteRifle,学院步枪
Weapon_Name_InstituteRifle_Excited,激进的学院步枪
Weapon_Name_InstituteRifle_Long,长型学院步枪
Weapon_Name_InstituteRifle_NightVision,夜视学院步枪
Weapon_Name_InstituteRifle_Targeting,瞄准型学院步枪
Weapon_Name_InstituteRifle_VirgilsRifle,维吉尔的步枪
Weapon_Name_JerichoAssaultRifle,耶利哥的突击步枪
Weapon_Name_JonesMagnum,琼斯的带镜.44马格南
Weapon_Name_JunkJet,垃圾发射器
Weapon_Name_JunkJet_Electrified,充能垃圾发射器
Weapon_Name_JunkJet_Flaming,火焰垃圾发射器
Weapon_Name_JunkJet_RecoilCompensated,后座补正垃圾发射器
Weapon_Name_JunkJet_Tactical,战术垃圾发射器
Weapon_Name_JunkJet_TechniciansRevenge,技术员的报复
Weapon_Name_KitchenKnife,菜刀
Weapon_Name_LaserMusket,激光滑膛枪
Weapon_Name_LaserPistol,激光手枪
Weapon_Name_LaserPistol_Amplified,增幅激光手枪
Weapon_Name_LaserPistol_Focused,聚焦激光手枪
Weapon_Name_LaserPistol_Rusty,生锈的激光手枪
Weapon_Name_LaserPistol_SmugglersEnd,私贩终结者
Weapon_Name_LaserPistol_Tuned,微调激光手枪
Weapon_Name_LaserRifle,激光步枪
Weapon_Name_LaserRifle_Amplified,增幅激光步枪
Weapon_Name_LaserRifle_Focused,聚焦激光步枪
Weapon_Name_LaserRifle_Rusty,生锈的激光步枪
Weapon_Name_LaserRifle_Tuned,微调激光步枪
Weapon_Name_LaserRifle_WazerWifle,激瓜步圈
Weapon_Name_LeverActionRifle,杠杆枪
Weapon_Name_LeverActionRifle_ArmorPiercing,穿甲杠杆枪
Weapon_Name_LeverActionRifle_Enhanced,改良杠杆枪
Weapon_Name_LeverActionRifle_Hardened,硬化杠杆枪
Weapon_Name_LeverActionRifle_Henrietta,汉丽埃塔
Weapon_Name_LeverActionRifle_LincolnsRepeater,林肯的杠杆枪
Weapon_Name_LeverActionRifle_Rusty,生锈的杠杆枪
Weapon_Name_LincolnRifle,林肯的步枪
Weapon_Name_LyonsLaserRifle,里昂的激光步枪
Weapon_Name_Magnum,带镜.44格南
Weapon_Name_Magnum_ArmorPiercing,穿甲带镜.44格南
Weapon_Name_Magnum_Blackhawk,黑鹰
Weapon_Name_Magnum_Enhanced,改良带镜.44格南
Weapon_Name_Magnum_Hardened,硬化带镜.44格南
Weapon_Name_Magnum_Rusty,生锈的带镜.44格南
Weapon_Name_MaresLeg,母马之腿
Weapon_Name_Minigun,多管机枪
Weapon_Name_Minigun_ArmorPiercing,穿甲多管机枪
Weapon_Name_Minigun_Enhanced,改良多管机枪
Weapon_Name_Minigun_Hardened,硬化多管机枪
Weapon_Name_Minigun_LeadBelcher,铅流
Weapon_Name_Minigun_Rusty,生锈的多管机枪
Weapon_Name_MissileLauncher,导弹发射器
Weapon_Name_MissileLauncher_Enhanced,改良导弹发射器
Weapon_Name_MissileLauncher_Guided,自动制导导弹发射器
Weapon_Name_MissileLauncher_Hardened,硬化导弹发射器
Weapon_Name_MissileLauncher_MissLauncher,捣蛋发射器
Weapon_Name_MissileLauncher_Rusty,生锈的导弹发射器
Weapon_Name_MountainMomma,山姆妈妈
Weapon_Name_MrBurkePistol,布克先生的手枪
Weapon_Name_Pickaxe,镐
Weapon_Name_PipePistol,铁管手枪
Weapon_Name_PipePistol_Auto,自动铁管手枪
Weapon_Name_PipePistol_HairTrigger,微力扳机铁管手枪
Weapon_Name_PipePistol_Heavy,重型铁管手枪
Weapon_Name_PipePistol_LittleBrother,小弟弟
Weapon_Name_PipePistol_Scoped,带镜改良铁管手枪
Weapon_Name_PipeRifle,铁管步枪
Weapon_Name_PipeRifle_Bayoneted,刺刀铁管步枪
Weapon_Name_PipeRifle_BigSister,大姐姐
Weapon_Name_PipeRifle_Calibrated,校准铁管步枪
Weapon_Name_PipeRifle_Long,长铁管步枪
Weapon_Name_PipeRifle_NightVision,夜视铁管步枪
Weapon_Name_Pistol,10mm手枪
Weapon_Name_Pistol_ArmorPiercing,穿甲10mm手枪
Weapon_Name_Pistol_Enhanced,改良10mm手枪
Weapon_Name_Pistol_Hardened,硬化10mm手枪
Weapon_Name_Pistol_LoneWanderer,独行者
Weapon_Name_Pistol_Rusty,生锈的10mm手枪
Weapon_Name_PlasmaCaster,等离子发射器
Weapon_Name_PlasmaCaster_Enhanced,增强型等离子发射器
Weapon_Name_PlasmaCaster_Hardened,硬化等离子发射器
Weapon_Name_PlasmaCaster_Rusty,生锈等离子发射器
Weapon_Name_PlasmaPistol,电浆手枪
Weapon_Name_PlasmaPistol_Amplified,增幅电浆手枪
Weapon_Name_PlasmaPistol_Focused,聚焦电浆手枪
Weapon_Name_PlasmaPistol_MPLXNovasurge,MPXL新星炮
Weapon_Name_PlasmaPistol_Rusty,生锈的电浆手枪
Weapon_Name_PlasmaPistol_Tuned,微调电浆手枪
Weapon_Name_PlasmaRifle,电浆步枪
Weapon_Name_PlasmaRifle_Amplified,增幅电浆步枪
Weapon_Name_PlasmaRifle_Focused,聚焦电浆步枪
Weapon_Name_PlasmaRifle_MeanGreenMonster,凶暴的绿怪
Weapon_Name_PlasmaRifle_Rusty,生锈的电浆步枪
Weapon_Name_PlasmaRifle_Tuned,微调电浆步枪
Weapon_Name_PlasmaThrower,电浆抛射器
Weapon_Name_PlasmaThrower_Agitated,不稳定电浆抛射器
Weapon_Name_PlasmaThrower_Boosted,增压电浆抛射器
Weapon_Name_PlasmaThrower_DragonsMaw,龙喉
Weapon_Name_PlasmaThrower_Overcharged,充能电浆抛射器
Weapon_Name_PlasmaThrower_Tactical,战术电浆抛射器
Weapon_Name_PoolCue,台球杆
Weapon_Name_PowerFist,动力拳套
Weapon_Name_PowerFist_Enhanced,强化动力拳套
Weapon_Name_PowerFist_Hardened,硬化动力拳套
Weapon_Name_PowerFist_Rusty,生锈动力拳套
Weapon_Name_PowerFistEd,埃德定制动力拳套
Weapon_Name_PulseRifle,脉冲步枪
Weapon_Name_PulseRifle_Enhanced,强化脉冲步枪
Weapon_Name_PulseRifle_Hardened,硬化脉冲步枪
Weapon_Name_PulseRifle_Rusty,生锈脉冲步枪
Weapon_Name_RaiderSword,残酷的掠夺者之剑
Weapon_Name_Railgun,射钉步枪
Weapon_Name_Railgun_Accelerated,加速射钉步枪
Weapon_Name_Railgun_Enhanced,改良射钉步枪
Weapon_Name_Railgun_Hardened,硬化射钉步枪
Weapon_Name_Railgun_Railmaster,道钉大师
Weapon_Name_Railgun_Rusty,生锈射钉步枪
Weapon_Name_Rifle,步枪
Weapon_Name_Rifle_Legendary,传说步枪
Weapon_Name_Rifle_Rare,稀有步枪
Weapon_Name_Ripper,撕裂者
Weapon_Name_Ripper_Enhanced,强化撕裂者
Weapon_Name_Ripper_Hardened,硬化撕裂者
Weapon_Name_Ripper_Rusty,生锈撕裂者
Weapon_Name_SawedOffShotgun,锯断的霰弹枪
Weapon_Name_SawedOffShotgun_DoubleBarrelled,双管锯断的霰弹枪
Weapon_Name_SawedOffShotgun_Enhanced,改良锯断的霰弹枪
Weapon_Name_SawedOffShotgun_Hardened,硬化锯断的霰弹枪
Weapon_Name_SawedOffShotgun_Kneecapper,碎膝枪
Weapon_Name_SawedOffShotgun_Rusty,生锈的锯断的霰弹枪
Weapon_Name_ScribePistol,罗切尔德学士的手枪
Weapon_Name_SheriffAssaultRifle,警长的突击步枪
Weapon_Name_Shotgun,霰弹枪
Weapon_Name_Shotgun_DoubleBarrelled,双管霰弹枪
Weapon_Name_Shotgun_Enhanced,改良霰弹枪
Weapon_Name_Shotgun_FarmersDaughter,乡村女孩
Weapon_Name_Shotgun_Hardened,硬化霰弹枪
Weapon_Name_Shotgun_Rusty,生锈的霰弹枪
Weapon_Name_SingleShotgun,霰弹枪
Weapon_Name_SniperRifle,狙击步枪
Weapon_Name_SniperRifle_ArmorPiercing,穿甲狙击步枪
Weapon_Name_SniperRifle_Enhanced,改良狙击步枪
Weapon_Name_SniperRifle_Hardened,硬化狙击步枪
Weapon_Name_SniperRifle_Rusty,生锈的狙击步枪
Weapon_Name_SniperRifle_VictoryRifle,凯旋步枪
Weapon_Name_T60Pistol,T60手枪
Weapon_Name_RustyT60Pistol,生锈T60手枪
Weapon_Name_HardenedT60Pistol,硬化T60手枪
Weapon_Name_EnhancedT60Pistol,强化T60手枪
Weapon_Name_ArmorPiercingT60Pistol,穿甲T60手枪
Weapon_Name_TenpennySniperRifle,特佩尼的狙击步枪
Weapon_Name_TranqPistol,麻醉枪
Weapon_Name_RustyTranqPistol,生锈麻醉枪
Weapon_Name_HardenedTranqPistol,硬化麻醉枪
Weapon_Name_EnhancedTranqPistol,增强型麻醉枪
Weapon_Name_SurgicalRipper,手术撕碎机
Weapon_Name_SurgicalRipper_Rusty,生锈的手术撕碎机
Weapon_Name_SurgicalRipper_Enhanced,增强型手术撕碎机
Weapon_Name_SurgicalRipper_Hardened,硬化手术撕碎机
Weapon_Name_UltraciteSword1,超彩剑
Weapon_Name_UltracitePlasma1,超彩等离子步枪
Weapon_Name_UltraciteSword2,超彩恐怖剑
Weapon_Name_UltraciteGatling1,超彩加特林激光枪
Weapon_Name_UltracitePlasma2,优化超彩等离子步枪
Weapon_Name_UltraciteGatling2,最大化超瓷材加特林激光枪
Weapon_Name_50CalMachineGun,.50口径机枪
Weapon_Name_50CalMachineGun_Rusty,生锈的.50口径机枪
Weapon_Name_50CalMachineGun_Enhanced,强化.50口径机枪
Weapon_Name_50CalMachineGun_Hardened,硬化.50口径机枪
Weapon_Name_50CalMachineGun_ArmorPiercing,穿甲.50口径机枪
Windows_Service_Error,"出了点问题。如果问题持续存在，请联系客服。

错误代码 {0}"
QuestLoc_AlienBot_QuestlineName,暗夜寻踪
QuestLoc_AlienBot_QuestName_01,派对回礼
QuestLoc_AlienBot_QuestName_02,强制欢愉
QuestLoc_AlienBot_QuestName_03,真相在此
QuestLoc_AlienBot_QuestName_04,密闭遭遇
QuestLoc_AlienBot_QuestName_05,工厂升级
QuestLoc_AlienBot_QuestName_06,我的朋友们是电动的
QuestLoc_AlienBot_01_QuestLongDescription_01,我们首次进入避难所的周年纪念日即将到来，这是通过举办庆祝活动来提高避难所士气的好机会！我们有食物，有音乐，但看来避难所科技在储备初始物资时，忘了包括派对装饰！我们必须派一队人去附近的超级杜珀超市找一些……
QuestLoc_AlienBot_01_QuestLongDescription_02,我们在超级杜珀超市没有找到任何派对用品，但我们的团队发现，在炸弹落下前不久，一位政府雇员购买了大量彩带和气球。我们追踪该雇员到了一栋附近的政府大楼。我们将派一队人去该设施寻找并取回丢失的派对用品。
QuestLoc_AlienBot_01_QuestLongDescription_03,在寻找装饰品时，我们的团队在旧政府大楼里发现了一件让我们所有人都惊讶的东西。此后我们梳理了所有日志中的数据，发现了一个可能藏有更多启示性信息的政府设施的参考。这可能会引导我们找到一些技术，帮助我们大幅改善避难所，超越原本的计划。我们需要尽快派出一支队伍！
QuestLoc_AlienBot_01_QuestLongDescription_04,我们在政府设施偶然发现了一些难以置信的东西。当我们进一步查看研究数据时，发现了一个所谓的“坠毁地点”的野外研究实验室的记录，他们正在那里对“那个物体”进行实验。让我们去这个坠毁地点看看能搜刮到什么！
QuestLoc_AlienBot_01_QuestLongDescription_05,我们一直在梳理从那个我们不久前侦察过的UFO实验室带回来的数据。原来，旧政府将他们的大部分标本移交给了RobCo。我们在你从UFO坠毁地点带回来的垃圾中发现了一盘全息磁带，提到了先进人工智能开发的下一步。幸运的是，最近的RobCo工厂离我们的避难所很近。让我们派一些居民去那里，看看能否找到那些研究数据。这可能对我们的避难所产生重大影响！
QuestLoc_AlienBot_01_QuestLongDescription_06,我们破解了RobCo工厂高管的日志，发现了一个秘密RobCo研发设施的位置。它位于当地购物中心一家零售店下方的一系列秘密楼层中。RobCo正在利用外星技术推进他们的机器人研究。他们试图建造某种大型东西。如果我们能弄清楚他们知道什么，就应该能够利用它来对避难所进行重大改进！
QuestLoc_AlienBot_01_QuestShortDescription_01,在超级杜珀超市找到派对装饰。
QuestLoc_AlienBot_01_QuestShortDescription_02,在政府大楼寻找丢失的派对用品。
QuestLoc_AlienBot_01_QuestShortDescription_03,调查政府研究设施。
QuestLoc_AlienBot_01_QuestShortDescription_04,前往坠毁地点野外实验室并找到外星科技。
QuestLoc_AlienBot_01_QuestShortDescription_05,在罗伯科工厂搜索外星技术。
QuestLoc_AlienBot_01_QuestShortDescription_06,进入秘密的罗伯科研发设施并追踪他们的研究数据。
QuestLoc_AlienBot_QuestObjective_01,取回派对装饰。
QuestLoc_AlienBot_QuestObjective_02,找到丢失的派对装饰。
QuestLoc_AlienBot_QuestObjective_03,找到外星实验的证据。
QuestLoc_AlienBot_QuestObjective_04,找到外星科技。
QuestLoc_AlienBot_QuestObjective_05,发现罗伯科保存研究的地点
QuestLoc_AlienBot_QuestObjective_06,进入并探索UFO实验室。
QuestLoc_AlienBotQuest01_Conversation_1_PC1_1,超级杜珀超市！这里什么都有！
QuestLoc_AlienBotQuest01_Conversation_2_PC1_1,这里有几样应该能用，但还不够。
QuestLoc_AlienBotQuest01_Conversation_2_PC2_2,收拾起来，我们继续找！
QuestLoc_AlienBotQuest01_Conversation_3_PC2_1,这台电脑上有日志；销售和库存。也许这里有线索？
QuestLoc_AlienBotQuest02_Conversation_1_PC2_1,到了！山姆大叔的家！
QuestLoc_AlienBotQuest02_Conversation_1_PC1_2,还以为会更大一些。
QuestLoc_AlienBotQuest02_Conversation_2_PC2_1,哇，看看这些电脑！
QuestLoc_AlienBotQuest02_Conversation_2_PC1_2,他们藏起来的可不只是彩带和气球。
QuestLoc_AlienBotQuest02_Conversation_2_PC1_4,真的？你还惦记着派对帽？
QuestLoc_AlienBotQuest02_Conversation_3_PC1_1,终于！东西在这儿！看起来他们还没来得及装饰。
QuestLoc_AlienBotQuest02_Conversation_3_PC3_2,嘿！我刚找到一包气球！还没拆封呢！
QuestLoc_AlienBotQuest02_Conversation_3_PC2_3,我很确定我们刚发现了一个死掉的外星人。
QuestLoc_AlienBotQuest02_Conversation_3_PC1_3,我们拿到了想要的东西。回家吧。
QuestLoc_AlienBotQuest03_Conversation_1_PC3_1,是只有我觉得，还是这地方真他妈的瘆人。
QuestLoc_AlienBotQuest03_Conversation_1_PC1_2,我们在一个后末日废土上。
QuestLoc_AlienBotQuest03_Conversation_1_PC3_3,是啊，我知道。就是这个把我吓到了。
QuestLoc_AlienBotQuest03_Conversation_2_PC1_1,看来他们这里管安保。我怀疑这地方会有锁着的门。
QuestLoc_AlienBotQuest03_Conversation_3_PC2_1,你说对了。所有的门都开着。
QuestLoc_AlienBotQuest03_Conversation_3_PC1_2,这里的人一定是匆忙离开的。
QuestLoc_AlienBotQuest03_Conversation_5_NPC_1,<难以理解的语种>
QuestLoc_AlienBotQuest03_Conversation_4_PC3_2,好了，现在我慌了！
QuestLoc_AlienBotQuest03_Conversation_4_PC3_1,那些家伙到底是什么鬼？
QuestLoc_AlienBotQuest03_Conversation_4_PC1_2,不管它们是什么，死掉的它们友好多了。我们快离开这里！
QuestLoc_AlienBotQuest03_Conversation_4_PC2_4,它们是外星人。
QuestLoc_AlienBotQuest03_Conversation_4_PC1_3,外星人？！
QuestLoc_AlienBotQuest03_Conversation_5_PC2_5,炸弹落下之前，这些谣言就已经传了好多年。看来都是真的。
QuestLoc_AlienBotQuest03_Conversation_5_PC3_6,它们的技术太狂野了！看到它们的枪了吗？咻咻！
QuestLoc_AlienBotQuest03_Conversation_5_PC1_7,但肯定不止这些。它们是怎么到这里的？
QuestLoc_AlienBotQuest04_Conversation_1_PC1_1,所以显然在这个“坠毁点”的某处有个“物件”。
QuestLoc_AlienBotQuest04_Conversation_1_PC2_2,看起来是个洞穴。
QuestLoc_AlienBotQuest04_Conversation_1_PC2_3,是个洞穴。
QuestLoc_AlienBotQuest04_Conversation_2_PC3_1,他们离开时把这里清理干净了，只留下了垃圾。
QuestLoc_AlienBotQuest04_Conversation_2_PC2_2,也许不全都是垃圾。看那个！
QuestLoc_AlienBotQuest04_Conversation_2_PC1_3,又是那种东西！
QuestLoc_AlienBotQuest04_Conversation_2_PC1_4,这里有张身份标签……RobCo？
QuestLoc_AlienBotQuest04_Conversation_2_PC3_4,我有种不好的预感……
QuestLoc_AlienBotQuest04_Conversation_3_NPCStart_1,入侵者。请提供身份证明。
QuestLoc_AlienBotQuest04_Conversation_3_PC1_2,我们来自避难所76号。呃，这是我的Pip小子。
QuestLoc_AlienBotQuest04_Conversation_3_NPCStart_2,已确认是避难所科技员工。
QuestLoc_AlienBotQuest04_Conversation_3_NPCStart_3,错误。避难所科技员工无权访问站点数据。
QuestLoc_AlienBotQuest04_Conversation_4_PC1_1,哇，看这东西。外星科技！
QuestLoc_AlienBotQuest04_Conversation_4_PC2_1,小心点，你可能把月亮打个洞。
QuestLoc_AlienBotQuest04_Conversation_4_PC3_1,我们把这些东西带回避难所，仔细整理数据。
QuestLoc_AlienBotQuest04_Conversation_4_PC3_2,外面可能还有更多这类东西，等着我们去捡。
QuestLoc_AlienBotQuest05_Conversation_1_PC1_1,根据坠毁现场日志，山姆大叔让罗伯科拿到了他们一直念叨的“那个物体”。
QuestLoc_AlienBotQuest05_Conversation_1_PC2_2,这是最近的罗伯科工厂。肯定在这里。
QuestLoc_AlienBotQuest05_Conversation_1_PC3_3,也许吧，也许不是。我怀疑他们不会把那样的东西藏在这么公开的地方。
QuestLoc_AlienBotQuest05_Conversation_2_PC1_1,这是经理办公室。终端机还能用吗？
QuestLoc_AlienBotQuest05_Conversation_2_PC1_2,这里有一盘全息卡带，里面有很多条目。
QuestLoc_AlienBotQuest05_Conversation_2_PC1_3,肯定是这里了。我们回避难所再仔细查查。
QuestLoc_AlienBotQuest05_Conversation_2_PC1_4,"对！那个""研发实验室""里有关于""政府合同""的资料。我觉得有坐标！"
QuestLoc_AlienBotQuest05_Conversation_2_PC1_5,把这个带回避难所，然后计划下一步行动！
QuestLoc_AlienBotQuest06_Conversation_1_PC2_1,秘密研究基地就在这里？这不过是商场里的一家店铺。
QuestLoc_AlienBotQuest06_Conversation_1_PC1_2,还有比藏在众人眼皮底下更好的秘密研究地点吗？
QuestLoc_AlienBotQuest06_Conversation_2_ED_1,哇！别开枪！我跟外面那些不一样。
QuestLoc_AlienBotQuest06_Conversation_2_ED_3,终于见到个不是狂尸鬼的家伙，真好。
QuestLoc_AlienBotQuest06_Conversation_2_ED_4,"我叫艾德。我以前是这里的工程师。在我脸变成这副""辐射""样之前。"
QuestLoc_AlienBotQuest06_Conversation_2_ED_6,好东西都在下面。想要什么随便拿，只要带我一起走！
QuestLoc_AlienBotQuest06_Conversation_2_ED_7,来吧！我能帮上你们避难所。这里实在太无聊了...去拿你们要找的东西吧！我帮你们搬回去！
QuestLoc_AlienBotQuest06_Conversation_2_ED_9,哦谢谢！等你忙完了我在外面见你。我等不及想和能回话的人聊天了！
QuestLoc_AlienBotQuest06_Conversation_2_ED_11,随你便。那回头见吧。
QuestLoc_AlienBotQuest06_Conversation_2_PC2_1,*倒吸一口气* 它会说话！
QuestLoc_AlienBotQuest06_Conversation_2_PC2_2,你是谁？你在这里干什么？
QuestLoc_AlienBotQuest06_Conversation_2_PC2_3,我们来自附近的避难所。我们在找科技。
QuestLoc_AlienBotQuest06_Conversation_2_PC2_4,我不太确定……
QuestLoc_AlienBotQuest06_Conversation_2_PC2_5,嗯，你看起来还行。没问题！
QuestLoc_AlienBotQuest06_Conversation_2_PC2_6,呃，不可能。我们自己就行了。
QuestLoc_AlienBotQuest06_Conversation_3_PC3_1,就在那儿！我们找到了！哇好大。
QuestLoc_AlienBotQuest06_Conversation_3_PC2_2,那是个乌福？
QuestLoc_AlienBotQuest06_Conversation_3_PC3_3,U. F. O. 那是个……算了。
QuestLoc_AlienBotQuest06_Conversation_3_PC1_4,终于！能拿多少拿多少，我们回避难所去！
QuestLoc_AlienBotQuest06_Conversation_4_PC1_1,好极了。又来更多的杀手机器人。
QuestLoc_AlienBotQuest06_InitialDialog,入侵者！入侵者！
QuestLoc_AlienBotQuest06_InitialDialog2,无人能过。无人能过。无人能过。
QuestLoc_AlienBot_Quest04_Conversation_3_Team_1,呃，随便了。准备去见你的造物主吧，你这会走的烤面包机！
QuestLoc_AlienBot_Quest04_Conversation_3_Team_2,我们费了好大劲才来到这里。不能空手而归。
QuestLoc_AlienBot_Quest04_Conversation_3_Team_3,你刚说避难所科技？但是呃，我们是罗伯科的……没错！罗伯科！这是我的证件！
QuestLoc_AlienBot_Quest04_Conversation_3_Team_4,好好好，我们这就走。只要让我们……呃……拿上这台我们肯定带过来的电脑，我们就走！
QuestLoc_AlienBot_Quest04_Conversation_3_NPCEnd_2,未授权人员。入侵警报。激活安全协议！
QuestLoc_AlienBot_Quest04_Conversation_3_NPCEnd_3,扫描中……已确认RobCo人员身份。欢迎来到X 71 A站点。请尽情享受。
QuestLoc_AlienBot_Quest04_Conversation_3_NPCEnd_4,评估中……是的，这很合理。拿上你的东西然后离开。
QuestLoc_RobotHood_Conversation_1_NPC_1,人类！你们无疑是想来阻止我的圣战！
QuestLoc_RobotHood_Conversation_1_NPC_2,你们统治机器人种族已经太久了！
QuestLoc_RobotHood_Conversation_1_NPC_3,但我打劫血肉之躯，把东西分给……呃……金属……
QuestLoc_RobotHood_Conversation_1_NPC_4,不实现众生平等，我决不罢休！
QuestLoc_RobotHood_Conversation_1_Answer01,你不过是个疯狂的劫匪。该把你撂倒了！
QuestLoc_RobotHood_Conversation_1_Answer02,随便吧。把你偷的东西都交出来，我们就饶你一命。
QuestLoc_RobotHood_Conversation_1_Answer03,呃，你意识到你自己和我们一样都是人类，对吧？
QuestLoc_RobotHood_Conversation_1_Answer04,好吧，但如果你愿意和商人们做交易，而不是把他们抢个精光，那可能会更有帮助。
QuestLoc_RobotHood_Conversation_1_Answer05,我想我们能想出个办法。
QuestLoc_RobotHood_Conversation_1_Answer06,嘿，我们完全同意！我们在避难所里也有一些机器人，它们基本上就是家人！
QuestLoc_RobotHood_Conversation_1_Answer07,当然，机器人很棒！嗯，和平的那些。我们只是希望你别再攻击商贩。大家可以互相分享。
QuestLoc_RobotHood_Conversation_1_NPCEnd_1,你们休想活捉我！
QuestLoc_RobotHood_Conversation_1_NPCEnd_2,绝不！我绝不会向人类压迫者屈服！
QuestLoc_RobotHood_Conversation_1_NPCEnd_3,那又怎样？我正利用人类身份的特权来帮助我那些快乐的机械朋友。
QuestLoc_RobotHood_Conversation_1_NPCEnd_4,嗯。可以这么做。只要他们同意和我们公平交易。
QuestLoc_RobotHood_Conversation_1_NPCEnd_5,好！向机器人种族自由迈进一步！
QuestLoc_RobotHood_Conversation_1_NPCEnd_6,真的吗？你也相信我的正义事业？
QuestLoc_RobotHood_Conversation_1_NPCEnd_7,嗯。没错！机器人有很多东西可以分享！告诉商贩们，机器人罗宾汉再也不会找他们麻烦了！
QuestLoc_RobotHood_QuestName,机器人罗宾汉
QuestLoc_RobotHood_QuestLongDescription,我们最近联系上了一些商人，他们说在路上被一个神秘强盗拦截。他们声称那个小偷大喊着关于反抗人类压迫之类的话，并抢走了商人们相当一部分货物。我们需要你出去追踪这个强盗。看看能否与其讲道理，否则就处理掉。我们必须保持贸易路线安全畅通！
QuestLoc_RobotHood_QuestShortDescription,追踪一个奇怪的强盗，阻止他们骚扰商人。
QuestLoc_RobotHood_QuestObjective,与强盗对峙
QuestLoc_RobotHood_InitialDialogue,为了我们的欢乐帮！
QuestLoc_BrotherhoodOfFeels_QuestName,情感兄弟会
QuestLoc_BrotherhoodOfFeels_QuestLongDescription,旅行者们告诉我们，有一小队前钢铁兄弟会成员正在该地区建立某种公社。显然，他们让幸存者、尸鬼和掠夺者都看似和谐地居住在一起。去调查这个社区，看看传言是否属实。这些人可能成为很好的盟友和贸易伙伴。
QuestLoc_BrotherhoodOfFeels_QuestShortDescription,与这个奇怪的幸存者群体取得联系。
QuestLoc_BrotherhoodOfFeels_QuestObjective,联系士兵们
BrotherhoodOfFeels_ConversationAnswer_01_NPC01,和平，陌生人。我们很高兴你能来。
BrotherhoodOfFeels_ConversationAnswer_01_NPC02,我们建立这个社区是为了帮助人们，让大家团结在一起。
BrotherhoodOfFeels_ConversationAnswer_01_NPC03,那些掠夺者就等着我们放松警惕。
BrotherhoodOfFeels_ConversationAnswer_01_NPC04,谢谢你的帮助。我们能为你做些什么？
BrotherhoodOfFeels_ConversationAnswer_01_NPC05,不。我们付出了太多努力才建成这里。你什么都得不到。
BrotherhoodOfFeels_ConversationAnswer_01_NPC07,我们以前跟钢铁兄弟会是一伙的，但我们更感兴趣的是帮助人而不是搜刮东西。那么，我们如何互相帮助？
BrotherhoodOfFeels_ConversationAnswer_01_NPC09,我们会接受所有能得到的帮助。成交。
BrotherhoodOfFeels_ConversationAnswer_01_PC01,你可以交出你的装备和物资。我们会拿走一切。
BrotherhoodOfFeels_ConversationAnswer_01_PC03,你是谁？你为什么和一群掠夺者住在一起？
BrotherhoodOfFeels_ConversationAnswer_01_PC04,我们来自附近的一个避难所。也许我们可以互相照应，交换物资？
QuestLoc_DearthOfClaws_Conversation01_NPC01,哦！别紧张！其他样本对我的治疗有抗性。
QuestLoc_DearthOfClaws_Conversation01_NPC02,这两名个体展现出了一些社会安宁的潜力迹象。
QuestLoc_DearthOfClaws_Conversation01_NPC03,请放下武器，你们无需畏惧它们！
QuestLoc_DearthOfClaws_Conversation01_NPC04,不！我的宝贝们！
QuestLoc_DearthOfClaws_Conversation01_NPC05,它们就是！我希望让更多同类也如此行为。请自行离开，我还有更多工作要做！
QuestLoc_DearthOfClaws_Conversation01_NPC07,当然！我的存活概率微乎其微！但我相信科学！还有我的这两位朋友。
QuestLoc_DearthOfClaws_Conversation01_PC01,你驯服不了死亡爪。让开，我们来解决它们。
QuestLoc_DearthOfClaws_Conversation01_PC02,哇。它们还真是在悠闲放松呢！
QuestLoc_DearthOfClaws_Conversation01_PC03,你不怕它们反咬一口吗？
QuestLoc_DearthOfClaws_Conversation01_PC04,好吧，那行。你看上去没问题，我们这就走。祝你好运！
QuestLoc_DearthOfClaws_QuestName,利爪匮乏
QuestLoc_DearthOfClaws_QuestLongDescription,"我们的一些采集者最近跟一个旅行者聊过，他声称正在寻找这片区域里的死亡爪群落，打算对它们进行""社会实验""。他们担心他只是在绕远路，好让自己被吃掉。去附近死亡爪出没的地方，看看能不能救下这个可怜的傻瓜。"
QuestLoc_DearthOfClaws_QuestShortDescription,找到那个自以为是死亡爪科学家的人。
QuestLoc_DearthOfClaws_QuestObjective,找到死亡爪科学家。
QuestLoc_RoboRampage_Conversation01_NPC01,人类！你们狡猾地送上门来接受灭绝！这将会又快又痛苦。
QuestLoc_RoboRampage_Conversation01_NPC02,我们不认为人类是文明的，但就这样吧。
QuestLoc_RoboRampage_Conversation01_NPC03,如果你想浪费最后一口气，你有什么要说的？
QuestLoc_RoboRampage_Conversation01_NPC04,我们不会接受猿类的帮助。去死吧，人类。
QuestLoc_RoboRampage_Conversation01_NPC05,出人意料地通情达理。离开这里，永远别再回来。
QuestLoc_RoboRampage_Conversation01_PC01,也许对你来说是这样！
QuestLoc_RoboRampage_Conversation01_PC02,等等！我们不能像文明人一样谈谈吗？
QuestLoc_RoboRampage_Conversation01_PC03,我想我们都能好好相处！我们可以互相帮助！
QuestLoc_RoboRampage_Conversation01_PC04,嘿，我们各走各路，互不打扰，怎么样？
QuestLoc_RoboRampage_QuestName,机器人大暴走！
QuestLoc_RoboRampage_QuestLongDescription,一群故障的安全机器人占领了市中心的一片废墟。如果它们在那扎下根，可能会对我们和其他幸存者构成威胁。拿上枪，进去把它们清理干净。别小看它们，它们虽然行动缓慢、头脑简单，但毫不留情，而且全副武装。
QuestLoc_RoboRampage_QuestShortDescription,消灭暴走的机器人。
QuestLoc_RoboRampage_QuestObjective,摧毁攻击机器人及其爪牙！
QuestLoc_ExtremeOuterference_Conversation01_NPC01,#@@)(&*%$^@)!&*@&$%!^!!&@($*&^!!!
QuestLoc_ExtremeOuterference_Conversation01_PC01,什么？
QuestLoc_ExtremeOuterference_QuestName,极端外干扰
QuestLoc_ExtremeOuterference_QuestLongDescription,一些奇怪的信号正在干扰我们在废土上的无线电传输。带一队人去三角定位干扰源。一旦搞清楚信号从哪里来，就去现场调查，并禁用任何阻挡我们无线电的装置。
QuestLoc_ExtremeOuterference_QuestShortDescription,调查异常信号
QuestLoc_ExtremeOuterference_QuestObjective,调查异常信号
QuestLoc_PittStop_Conversation01_NPC01,是你们在制造这些噪音吗？
QuestLoc_PittStop_Conversation01_NPC02,听着，我们正大光明地抓住了这些工人。去找你们自己的吧。
QuestLoc_PittStop_Conversation01_NPC03,也不是你们的。不，我们要留着他们，谢了！
QuestLoc_PittStop_Conversation01_NPC04,你们走错地方了。给匹兹堡送来更多新鲜货！
QuestLoc_PittStop_Conversation01_NPC05,为什么？
QuestLoc_PittStop_Conversation01_NPC06,交易？嗯……也许吧。拿上这个，离开这里。
QuestLoc_PittStop_QuestName,匹兹堡驿站
QuestLoc_PittStop_QuestLongDescription,几天前，一伙全副武装的掠夺者袭击了一支商队，掳走了几名定居者，我们推测他们打算把这些定居者当奴隶。我们掌握了他们最后已知的坐标和行进方向，但没人能追踪到他们。我们应该派出一些得力的人去追踪并解救被绑架者，同时消灭这些奴隶贩子。我们最不希望看到的就是他们潜伏在我们的后院。
QuestLoc_PittStop_QuestShortDescription,从奴隶贩子手中解救被绑架的定居者。
QuestLoc_PittStop_QuestObjective,找到奴隶贩子团伙并释放他们的俘虏。
QuestLoc_PittStop_Conversation01_PC01,这就是我们来的原因。放了那些人，他们不属于你。
QuestLoc_PittStop_Conversation01_PC02,嘿，我们只是路过，没必要动粗。
QuestLoc_PittStop_Conversation01_PC03,好吧，带走你的工人，但给我们一些你们的装备样品，好向我们的人展示。
QuestLoc_PittStop_Conversation01_PC04,也许我们可以达成交易？
QuestLoc_OnlyHuman_QuestObjective,与普通人类交谈
QuestLoc_OnlyHuman_QuestName,只是人类
QuestLoc_OnlyHuman_QuestShortDescription,在避难所废墟中找到那个孤独的人类。
QuestLoc_OnlyHuman_Conversation01_PC01,人类任务？
QuestLoc_OnlyHuman_Conversation01_PC02,嚼什么？呃，没门，怪胎。
QuestLoc_OnlyHuman_Conversation01_PC03,我们永远缺一个好厨子！
QuestLoc_OnlyHuman_Conversation01_PC04,当然，咱们回家吧！
QuestLoc_OnlyHuman_Conversation01_PC05,我们还想再多转转。
QuestLoc_OnlyHuman_Conversation01_NPC01,啊，你好啊，人类同胞！我好久没见到其他人类了。
QuestLoc_OnlyHuman_Conversation01_NPC02,我不喜欢独处；这样吧，也许我可以加入你和你的人类家园？
QuestLoc_OnlyHuman_Conversation01_NPC03,我非常擅长执行各种人类任务！
QuestLoc_OnlyHuman_Conversation01_NPC04,我能准备美味的营养物，然后我们用覆盖黏液的嘴部器官来咀嚼它们！
QuestLoc_OnlyHuman_Conversation01_NPC05,可惜。我想我可以等其他人类同胞收留我。再会！
QuestLoc_OnlyHuman_Conversation01_NPC06,太棒了！我能加入你用两条腿行走的征程吗？
QuestLoc_OnlyHuman_Conversation01_NPC07,是的！人类的家园！
QuestLoc_OnlyHuman_Conversation01_NPC08,啊对！用你们的眼睛好好看着学着点！
QuestLoc_PerfectSpecimens_QuestName,完美标本
QuestLoc_PerfectSpecimens_QuestObjective,与避难所居民交谈
QuestLoc_PerfectSpecimens_Conversation_1_NPC1,我们知道自己可能看起来很吓人，
QuestLoc_PerfectSpecimens_Conversation_1_NPC2,但我们和你遇到过的其他家伙大不相同。
QuestLoc_PerfectSpecimens_Answer01_NPC01,据我所知，只有我的族群和我。虽然还有更多……
QuestLoc_PerfectSpecimens_Answer01_NPC02,我猜和你差不多！来吧，我们结为盟友吧。
QuestLoc_PerfectSpecimens_Answer01_NPC08,我们很乐意和他们见面！请去告诉他们我们的存在。我们想要更多的人类朋友。
QuestLoc_PerfectSpecimens_Answer01_PC01,哇，死亡爪会说话？
QuestLoc_PerfectSpecimens_Answer01_PC02,更多？你是怎么知道的？
QuestLoc_PerfectSpecimens_Answer01_PC03,拿你做实验了？
QuestLoc_PerfectSpecimens_Answer01_PC04,你在这里做什么？
QuestLoc_PerfectSpecimens_Answer01_PC05,我认识一个人，他会很乐意与你见面。
QuestLoc_PerfectSpecimens_Answer01_PC06,如果我再见他，我会告诉他的。告辞！
QuestLoc_PerfectSpecimens_Answer01_PC07,哈，好吧。嗯，后会有期！
QuestLoc_PerfectSpecimens_Answer01_PC08,不，你太危险了。你必须离开。
QuestLoc_PerfectSpecimens_Answer01_PC09,我觉得我们不能信任你。
Protectron_Name,铁卫机器人
Protectron_Name_Plural,铁卫机器人
Eyebot_Name,眼球机器人
Eyebot_Name_Plural,眼球机器人
Alien_Name,外星人
Alien_Name_Plural,外星人
Title_SeasonPass,赛季通行证
Title_SeasonPass_Premium,高级通行证
SeasonPass_ClaimAll_Btn,全部领取
SeasonPass_Premium_Btn,高级
SeasonPass_FreeReward,免费奖励
SeasonPass_PremiumReward,高级奖励
SeasonPass_XPAmount,{0}/{1}
SeasonPass_EndingSoon,"赛季通行证即将结束！完成挑战或使用量子核子可乐来解锁奖励。

在高级赛道达到20级，即可获得独家武器工坊房间主题，仅限本赛季。"
Seasons_Message_SeasonEndsIn_Plural,赛季将于 {0} 天后结束
Seasons_Message_SeasonEndsIn,赛季将于 1 天后结束
Seasons_MessageSeasonEndsInStub,赛季结束倒计时：
Seasons_Message_SeasonStartsIn_Plural,赛季将于 {0} 天后开始
Seasons_Message_SeasonStartsIn,赛季将于 1 天后开始
Seasons_Message_SeasonStartsSoon,新赛季即将到来
Seasons_Message_SeasonHasEndedBlurb,前往你的普通避难所之一，从之前的实验避难所中领取任何未领取的奖励和剩余的量子核子可乐。
Season1_Title_Short,超变合金热
Season1_Title,避难所赛季：超纤狂热
Season1_Description,避难所科技指派你参与“超纤狂热”实验！你避难所下方的超纤矿床将吸引一群恶毒的焦尸大军。开采超纤来制造强大的超纤武器，并展现经典的避难所科技待客之道。别担心，在任何攻击中牺牲的居民都将免费复活！祝你好运，监督者，别忘了保持微笑！
Season_Duration_Plural,[282828]赛季与实验避难所结束倒计时：[-] [FD0C0B]{0} 天[-]
Season_Duration,[282828]赛季与实验避难所结束倒计时：[-] [FD0C0B]1 天[-]
SeasonPass_DaysRemaining,剩余 1 天
SeasonPass_DaysRemaining_Plural,剩余 {0} 天
Title_SeasonVaults,实验避难所
Title_SeasonTime,{0} 天 {1} 小时
Title_NewSeasonVault,新的实验避难所
MainMenu_NoVaultTitle_Season,未找到标准避难所
MainMenu_NoVault_Season,避难所科技建议首次担任监督者的玩家先建造标准避难所。确定要继续建造实验性避难所吗？
MainMenu_SeasonVaultCreationMessage_Title,机密简报
MainMenu_SeasonVaultCreationMessage_Body,避难所科技设计的这个实验性避难所将严格按季度运行，实验结束后将被关闭。
SeasonPass_LetsGo_Btn,开始
SeasonPass_Later_Btn,稍后
Season1_IntroPopup_Title,狂热圣焰季度现已来临
Season1_IntroPopup_Body,在本季度全新实验性避难所中考验你的监督者能力！实验性避难所带来全新的变化和独特的奖励。季度仅持续短暂时间——切勿错过！
Shop_SeasonPass_Title,季度通行证
Shop_SeasonPass_Description,使用此通行证充分体验季度内容。解锁高级奖励路线，包含避难所外观主题、武器工坊主题、圣焰武器等。你可以在所有避难所中领取奖励。
Shop_SeasonPass_Blurb,"解锁所有季度奖励：
  • 全新避难所外观 [-][F7C531]主题[-]
  • 全新武器工坊 [-][F7C531]主题[-]
  • [-][F7C531]圣焰武器[-]和[-][F7C531]更多！[-]"
Shop_SeasonPass_Premium_Title,高级通行证
Shop_SeasonPass_Premium_Blurb,"赛季通行证的所有福利，外加：
  · 专属 [-][F7C531]传奇居民[-]
  · [-][F7C531]额外[-] 宠物、服装和武器
  · [-][F7C531]25枚徽章[-] 用于立即提升赛季等级"
Shop_SeasonPass_Premium_Description,"将你的赛季通行证提升至下一个等级。获取普通通行证的所有福利，外加以下内容：25枚赛季徽章、凯特和泽克、一件T-60f动力装甲、一件重型战斗装甲、一件指挥官制服、2个宠物运输箱、一把超型加特林激光枪，以及5,000瓶盖。"
SeasonPass_Description_CompleteChallenges,完成挑战以赚取徽章并解锁奖励！
SeasonPass_ReturnToMainMenuModal_Description,"未检测到实验避难所。
返回主菜单创建一个？"
SeasonPass_ReturnToMainMenuModal_CancelBtn,取消
SeasonPass_ReturnToMainMenuModal_ConfirmBtn,好的
SeasonPass_ReturnToMainMenuModal_Title,注意
SeasonPass_RankUpWithQuantum_Confirmation,花费{0}瓶核子可乐量子提升等级？
SeasonPass_EnterExperiment_Btn,进入实验避难所
SeasonPass_ToVaultSelect_Btn,返回避难所选择
SeasonPass_UnlockBattlePass_Btn,解锁赛季通行证
SeasonPass_BattlePassUnlocked_Btn,赛季通行证已解锁
SeasonModal_BattlePass_Unlocked,赛季通行证已升级
SeasonModal_BattlePass_RankUp_Btn,提升等级
SeasonModal_BattlePass_RewardPopup_Header,奖励
SeasonPass_RecipeReward_ModalText,主题配方已解锁！
SeasonModal_Leaderboard_Banner,赛季排行榜
SeasonModal_Leaderboard_AuthenticationFailed,请连接您的账户以显示排行榜
SeasonModal_Leaderboard_ConnectionError,由于连接或验证错误，无法加载排行榜数据
SeasonModal_Leaderboard_AddFriendsReminder,添加好友，一起竞争攀登赛季排行榜吧
SeasonModal_Leaderboard_You,您
SeasonModal_Leaderboard_AuthenticationTimeout,"无法连接到游戏平台。
请重新启动游戏并重试。"
SeasonModal_Leaderboard_Connecting,正在连接到游戏平台...
SeasonModal_LeaderboardColumnHeader_Rank,排名
SeasonModal_LeaderboardColumnHeader_Name,名称
SeasonModal_LeaderboardColumnHeader_VaultScore,避难所得分
SeasonModal_Leaderboard_RewardsLabel,奖励
SeasonModal_Leaderboard_VaultScoreFull,避难所得分：{0}
SeasonModal_Claim_Btn,领取
SeasonModal_ClaimNow_Btn,立即领取
SeasonModal_Claimed,已领取
SeasonModal_Leaderboard_ScoreInfoPopup_Heading,要提高您的得分，请在实验避难所中执行以下操作：
SeasonModal_Leaderboard_ScoreInfoPopup_SurviveScorchedAttacks,在焦灼攻击中存活
SeasonModal_Leaderboard_ScoreInfoPopup_UpgradeRooms,升级房间
SeasonModal_Leaderboard_ScoreInfoPopup_AcquireDwellers,招募居民
SeasonModal_Leaderboard_ScoreInfoPopup_MineUltracite,开采超纤
SeasonModal_Leaderboard_ScoreInfoPopup_CraftUltraciteWeapons,制作超纤武器
SeasonPass_Rank,等级 {0}
SeasonPass_UnlockBattlePass,升级赛季通行证
SeasonPass_PremiumUnlocked,高级已解锁
SeasonPass_PremiumUpgrade,升级为高级通行证
SeasonPass_LevelUp,升级
SeasonPass_LevelUpNukaQuantum,花费 {0} 瓶核子可乐量子升级？
SeasonPass_MaxRank,最大等级
SeasonPass_Tab_SeasonInfo,赛季信息
SeasonPass_Tab_Challenges,挑战
SeasonPass_Tab_BattlePass,赛季通行证
SeasonPass_Tab_Leaderboard,排行榜
SeasonPass_CongratsComplete,你已经完成了赛季通行证
SeasonPass_BonusRewards,请享受额外奖励
SeasonPass_ChallengeUnlocksIn,挑战将在 {0} 后解锁
Message_ProductionTimeSkipNukaQuantum,确定要消耗 {0} 瓶量子可乐进行快速完成？
Objective_BuildRoom,建造1个房间
Objective_BuildRoom_Plural,建造 {0} 个房间
Objective_BuildUltraciteMine,建造 1 座超铀矿井
Objective_BuildUltraciteMine_Plural,建造 {0} 座超铀矿井
Objective_AssignDwellersToUltraciteMine,指派一名至少拥有 {0} {1} 的居民到超铀矿井
Objective_AssignDwellersToUltraciteMine_Plural,指派 {0} 名至少拥有 {1} {2} 的居民到超铀矿井
Objective_CollectUltracite,收集 1 块超铀矿
Objective_CollectUltracite_Plural,收集 {0} 块超铀矿
Objective_KillEnemyWithUltraciteWeapons,使用超铀武器击杀 1 个敌人
Objective_KillEnemyWithUltraciteWeapons_Plural,使用超铀武器击杀 {0} 个敌人
Objective_CraftCommonUltraciteWeapon,制作 1 把普通超铀武器
Objective_CraftCommonUltraciteWeapon_Plural,制作 {0} 把普通超铀武器
Objective_CraftRareUltraciteWeapon,制作1把稀有超纤武器
Objective_CraftRareUltraciteWeapon_Plural,制作{0}把稀有超纤武器
Objective_CraftLegendaryUltraciteWeapon,制作1把传奇超纤武器
Objective_CraftLegendaryUltraciteWeapon_Plural,制作{0}把传奇超纤武器
Objective_EquipUltraciteWeapon,让1位居民装备超纤武器
Objective_EquipUltraciteWeapon_Plural,让{0}位居民装备超纤武器
Objective_StopInvasionInExVault,在实验避难所中阻止1次入侵
Objective_StopInvasionInExVault_Plural,在实验避难所中阻止{0}次入侵
Objective_KillScorched,击杀1个焦灼
Objective_KillScorched_Plural,击杀{0}个焦灼
Objective_CraftStimpack,制作 1 个治疗针
Objective_CraftStimpack_Plural,制作 {0} 个治疗针
Message_TutorialPopup_ScorchedAttackWarning_Title,焦灼者袭击
Message_TutorialPopup_ScorchedAttackWarning_Body,"焦灼者正在前来攻击您的避难所！

焦灼者比普通入侵者更坚韧、更强大，但在战斗结束后您的居民将免费复活。

痛苦是真实的，但死亡是暂时的！"
Message_TutorialPopup_ScorchedAttackWarning_Hint,提示：您的避难所拥有一些初始武器可供装备。
Message_TutorialPopup_UltraciteWeapons_Title,塞级武器
Message_TutorialPopup_UltraciteWeapons_Body,"这些焦灼者真难缠！

看来废土的援军正在到来。而且他们手里还拿着一把发着绿光的剑……？"
Message_TutorialPopup_UltraciteWeapons_Hint,提示：塞级武器对焦灼者造成额外伤害。
Message_TutorialPopup_BuildUltraciteMine_Title,塞级
Message_TutorialPopup_BuildUltraciteMine_Body,"您的避难所正坐落于一种名为塞级的珍贵矿物之上。

建造塞级矿场来采集它，然后在塞级武器工坊中制造强大的塞级武器。

您将需要它们来抵御焦灼者！"
Message_TutorialPopup_BuildUltraciteMine_Hint,提示：高耐力的居民将显著减少采矿计时器。别浪费你的生命去等！
Message_TutorialPopup_BuildUltraciteWeaponFactory_Title,制造超动塑料武器
Message_TutorialPopup_BuildUltraciteWeaponFactory_Body,"是时候反击焦尸了！

建造一个超动塑料武器工坊来制造强大的超动塑料武器并保卫你的避难所。"
Message_TutorialPopup_BuildUltraciteWeaponFactory_Hint,提示：超动塑料武器对焦尸造成额外伤害。
Message_Tutorial_SeasonIntroduction,欢迎来到{SEASONS}！你现在可以完成{CHALLENGES}，提升你的{SEASON PASS}等级，在这个{EXPERIMENTAL VAULT}期间赚取奖励。
Message_Tutorial_SeasonOpenModal,首先，{SELECT}选择{SEASON BUTTON}。
Message_Tutorial_SeasonChallenges,完成{CHALLENGES}来获得{SEASON PASS}的进度。每周都会解锁新的挑战。
Message_Tutorial_SeasonOpenBattlePass,现在，{SELECT}选择{SEASON PASS}标签。
Message_Tutorial_SeasonBattlePass,在{SEASON PASS}中提升{RANKS}会给你可以在每个避难所中领取的{REWARDS}。
Message_Tutorial_SeasonUnlockBattlePass,{UPGRADE}升级{SEASON PASS}以获得更好的{REWARDS}！
Message_Tutorial_SeasonOpenLeaderboard,现在，{SELECT} {LEADERBOARD} 选项卡。
Message_Tutorial_SeasonLeaderboard,在你的 {EXPERIMENT VAULT} 中完成行动以赚取 {POINTS} 并领取 {REWARDS}。挑战你的 {FRIENDS}，看看谁是最棒的 {OVERSEER}！
Message_Tutorial_ScorchedTimerIntroduction,{SCORCHED RAIDS} 每隔几天就会发生一次。下次 {RAID} 的 {TIME} 显示在左上角。
Message_Tutorial_ScorchedTimerOpen,{TAP} 计时器可查看下次 {SCORCHED RAID} 的更多详情。
Message_Tutorial_ScorchedTimerOpen_PC,{CLICK} 计时器可查看下次 {SCORCHED RAID} 的更多详情。
Message_Tutorial_ScorchedTimerOpen_Xbox,{SELECT} 计时器可查看下次 {SCORCHED RAID} 的更多详情。
Message_Tutorial_ScorchedEnemies,随着赛季推进，{SCORCHED RAIDS} 会出现更多敌人，{DIFFICULTY} 也会增加。
Message_Tutorial_ScorchedEarlyAttack,如果剩余时间不足 {12 HOURS}，你可以提前开始 {SCORCHED RAID}。但请确保你准备好了！
Message_Tutorial_ScorchedAttackFail,焦灼者击败了你所有的居民。但你会得到另一次机会……而且避难所科技改进的医疗系统已经免费复活了所有人！
Message_ScorchedConfirmationPopup,这将提前开始焦灼者突袭。你准备好了吗？
Vaultboy_Message_ScorchedRaidSuccess,胜利！你把他们打跑了！
Vaultboy_Message_ScorchedRaidFail,失败！下次再收拾他们！
Message_CannotClaimInExVault,你必须身处标准避难所才能领取此奖励。
Message_CannotBuildUltraciteMine,没有有效的建筑空间。超铁矿场必须建在超铁矿沉积物上，并且与避难所相连。
QuestLoc_VacateTheNovac_QuestLineName,撤离诺瓦克
QuestLoc_EvictionNotice_QuestName,驱逐通知
QuestLoc_EvictionNotice_QuestLongDesc,诺瓦克的“迪诺迪-莱特”汽车旅馆曾经是繁华的枢纽，现在被自称可汗的掠夺者占据。我们要把它变回汽车旅馆。
QuestLoc_EvictionNotice_QuestShortDesc,把可汗赶出诺瓦克的迪诺迪-莱特汽车旅馆。
QuestLoc_EvictionNotice_QuestObjective1,让可汗离开
QuestLoc_EvictionNotice_CombatInit1,嘿！我们正在打盹呢！
QuestLoc_EvictionNotice_Question1,这是汗帮的地盘！你想干什么？
QuestLoc_EvictionNotice_Question1_Choice1,能不能不是汗帮的地盘？
QuestLoc_EvictionNotice_Question1_Answer1,听起来像是挑战！那就打吧！
QuestLoc_EvictionNotice_Question1_Choice2,实际上，这是一家汽车旅馆。
QuestLoc_EvictionNotice_Question1_Answer2,不，它不是。这是汗帮的地盘。我们抢来的！想要回去，就来打我们吧！
QuestLoc_EvictionNotice_Question1_Choice3,让我跟你老板谈谈，拜托！
QuestLoc_EvictionNotice_Question1_Answer3,好吧，你可以过去。路上被袭击了我可不负责。
QuestLoc_EvictionNotice_Question2,你现在面对的是疯狂汗帮！如果他们喜欢你，就不会杀你。疯狂汗帮喜欢你吗？
QuestLoc_EvictionNotice_Question2_Choice1,我们真的很友善！而且你们杀不了我们。
QuestLoc_EvictionNotice_Question2_Answer1,哈哈哈哈！当然能。但我们不会，因为你太友善了。
QuestLoc_EvictionNotice_Question2_Choice2,这不是很友好的态度。
QuestLoc_EvictionNotice_Question2_Answer2,这样欢迎怎么样？
QuestLoc_EvictionNotice_Question2_Choice3,我在想疯狂可汗们是否喜欢疯狂可汗们。
QuestLoc_EvictionNotice_Question2_Answer3,别让疯狂可汗们思考！哲学是老大专享的！
QuestLoc_EvictionNotice_Question3,你脚步还没踏入我的大厅，消息就到了。你想要什么？
QuestLoc_EvictionNotice_Question3_Choice1,我们想把这地方变回汽车旅馆。你参加吗？
QuestLoc_EvictionNotice_Question3_Answer1,哼。不，我不参加。你要是想要这块地盘，就像我们一样用武力夺取吧！
QuestLoc_EvictionNotice_Question3_Choice2,你破坏了诺瓦克的气氛。
QuestLoc_EvictionNotice_Question3_Answer2,诺瓦克从未如此强大和自由。来，我让你看看你能多自由！
QuestLoc_EvictionNotice_Question3_Choice3,我不想说，但……你们都太臭了。
QuestLoc_EvictionNotice_Question3_Answer3,等几天，你闻起来会比我们臭得多！
QuestLoc_EvictionNotice_Soliloquy1,嘿看啊，这地方全是好东西。快看看！一件真正的泳衣！
QuestLoc_EvictionNotice_Soliloquy1_2,谁知道你什么时候会在废土上发现游泳池呢……
QuestLoc_EvictionNotice_Soliloquy2,这些可汗帮真是粗心。把这些好东西到处乱扔！
QuestLoc_GhoulSupplies_QuestName,尸鬼补给
QuestLoc_GhoulSupplies_QuestLongDesc,我们有了新汽车旅馆的空间，但需要东西来填充。据说附近有个尸鬼推销员可以帮我们。
QuestLoc_GhoulSupplies_QuestShortDesc,找到尸鬼推销员来帮忙布置我们的新汽车旅馆。
QuestLoc_GhoulSupplies_QuestObjective1,打听推销员
QuestLoc_GhoulSupplies_QuestObjective2,和推销员达成交易
QuestLoc_GhoulSupplies_CombatInit1,吼吼吼！
QuestLoc_GhoulSupplies_CombatInit2,啊啊啊啊啊——！
QuestLoc_GhoulSupplies_CombatInit3,嗷嗷嗷嗷——大钢琴！
QuestLoc_GhoulSupplies_Question1,你好，欢迎来到食尸鬼打折家具店！需要点什么？
QuestLoc_GhoulSupplies_Question1_Choice1,我们来找销售员。
QuestLoc_GhoulSupplies_Question1_Answer1,我们有个没发狂的食尸鬼员工，应该就在店里。祝你好运能找到他！
QuestLoc_GhoulSupplies_Question1_Choice2,随便看看！
QuestLoc_GhoulSupplies_Question1_Answer2,好的，慢慢逛。但小心点，我们有些销售员已经发狂了。
QuestLoc_GhoulSupplies_Question1_Choice3,请给我们汽车旅馆添置家具！
QuestLoc_GhoulSupplies_Question1_Answer3,没问题！请到我们的销售办公室来。上楼时小心点！
QuestLoc_GhoulSupplies_Question2,嘿，你们是想给汽车旅馆找家具，对吧？你们有什么能交换的？
QuestLoc_GhoulSupplies_Question2_Choice1,我们有的是瓶盖。
QuestLoc_GhoulSupplies_Question2_Answer1,太棒了！我也喜欢在瓶盖里打滚。不过其实不是，那样做瓶盖会卡在我的皮肤里。
QuestLoc_GhoulSupplies_Question2_Choice2,我们制造消辐宁。
QuestLoc_GhoulSupplies_Question2_Answer2,哦嚯，真方便！只要有足够的消辐宁，我愿全力相助。
QuestLoc_GhoulSupplies_Question2_Choice3,一辈子的核子可乐供应？
QuestLoc_GhoulSupplies_Question2_Answer3,哇哦！这提议不错！我马上带着我能找到的所有家具和电器过来。
QuestLoc_GhoulSupplies_Question3,我只想要些家具！但我已经为了活命跑了好几个小时了！
QuestLoc_GhoulSupplies_Question3_Choice1,跟着尸鬼的尸体走，你会没事的。
QuestLoc_GhoulSupplies_Question3_Answer1,谢天谢地。拿上这把枪，我本来打算用它来以物易物的！
QuestLoc_GhoulSupplies_Soliloquy1,由尸鬼经营的家具卖场？
QuestLoc_GhoulSupplies_Soliloquy1_2,希望他们的价格合理，不是野性！哈哈哈……哈……
QuestLoc_GhoulSupplies_Soliloquy1_3,好了，咱们继续走吧。
QuestLoc_Headhunting_QuestName,猎头
QuestLoc_Headhunting_QuestLongDesc,显然，有个拥有管理才能的人被掠夺者绑架了。咱们把他救出来，也许他会帮我们经营汽车旅馆作为回报！
QuestLoc_Headhunting_QuestShortDesc,从一群掠夺者手中救出一名经理。
QuestLoc_Headhunting_QuestObjective1,解救经理先生
QuestLoc_Headhunting_CombatInit1,为了经理先生！
QuestLoc_Headhunting_CombatInit2,为了故事时间！
QuestLoc_Headhunting_Question1,你是不是离家有点太远了，避难所居民？
QuestLoc_Headhunting_Question1_Choice1,我们在找一位经理。
QuestLoc_Headhunting_Question1_Answer1,你一定是指经理先生。他跟我们住在一起！他会给我们讲故事！现在你去死吧！
QuestLoc_Headhunting_Question1_Choice2,你们有人质，我们有赎金。
QuestLoc_Headhunting_Question1_Answer2,我们死也不会交出经理先生！他会给我们讲故事！
QuestLoc_Headhunting_Question1_Choice3,你想管理一家酒店吗？
QuestLoc_Headhunting_Question1_Answer3,管理？所以你是来找经理先生的。你永远别想带走他！他会给我们讲故事！
QuestLoc_Headhunting_Question2,嘿，你不是那个组织的。你在这里干什么？
QuestLoc_Headhunting_Question2_Choice1,我来自避难所，我是来救你的。
QuestLoc_Headhunting_Question2_Answer1,对于避难所居民来说，你是不是太矮了点？不管怎样，我受够睡前故事了。
QuestLoc_Headhunting_Question2_Choice2,我们需要一个汽车旅馆经理。
QuestLoc_Headhunting_Question2_Answer2,哦，呃，当然。这是不是意味着我不用再讲睡前故事了？
QuestLoc_Headhunting_Question2_Choice3,换个职业怎么样？
QuestLoc_Headhunting_Question2_Answer3,好啊，拜托了！只要不用再给那些怪人讲睡前故事，我什么都愿意做。
QuestLoc_Headhunting_Soliloquy1,"嗯，我们追踪的线索就指向这里。一个被称为""经理先生""的人应该就在此地。"
QuestLoc_Headhunting_Soliloquy1_2,他们说他什么都能安排好——除了从这些掠夺者手里逃脱。
QuestLoc_Headhunting_Soliloquy1_3,我们把他救出去！
QuestLoc_CleaningHouse_QuestName,客房服务
QuestLoc_CleaningHouse_QuestLongDesc,汽车旅馆差不多准备好了！但那些可汗留下了一片狼藉，引来了一堆害虫。我们开业前得把它们赶出去。
QuestLoc_CleaningHouse_QuestShortDesc,在开业前清除汽车旅馆内的危险生物。
QuestLoc_CleaningHouse_QuestObjective1,清理汽车旅馆
QuestLoc_CleaningHouse_Question1,啊！别开枪！我们只是躲在这里！我们相爱着呢！
QuestLoc_CleaningHouse_Question1_Choice1,机器人没法爱你。
QuestLoc_CleaningHouse_Question1_Answer1,什么？它们不能？我一直活在谎言里！
QuestLoc_CleaningHouse_Question1_Choice2,你可以留下，只要你付清账单。
QuestLoc_CleaningHouse_Question1_Answer2,哦！呃，希望这些够。
QuestLoc_CleaningHouse_Question1_Choice3,我们只是来打扫的。
QuestLoc_CleaningHouse_Question1_Answer3,哦……好吧！我这就走！他马上就会拿上我们的东西跟上来。我保证！
QuestLoc_CleaningHouse_Question2,好了，我们清空了这栋楼！现在可以开业了。哪儿有大红丝带吗，还是……？
QuestLoc_CleaningHouse_Question2_Choice1,我们清的？那你做了什么？
QuestLoc_CleaningHouse_Question2_Answer1,哦，你知道的，统筹安排。听我说，我们都是团队的一员。别揪着细节不放了！
QuestLoc_CleaningHouse_Question2_Choice2,呜呼！开派对啦！
QuestLoc_CleaningHouse_Question2_Answer2,这才像话嘛。我这就去搞药品！
QuestLoc_CleaningHouse_Question2_Choice3,你够格干这活吗？
QuestLoc_CleaningHouse_Question2_Answer3,当然！你看，我足智多谋，总会有办法的。别担心。拜托，咱们都认识好几天了！
QuestLoc_CleaningHouse_Soliloquy1,呃，这地方应该是准备好的。经理先生人呢？
QuestLoc_CleaningHouse_Soliloquy1_2,唔，实际上还是脏得不行。而且我好像听到虫子在叫。开始打扫吧。
QuestLoc_DeathclawDeeLite_1_QuestName,死亡之肉
QuestLoc_DeathclawDeeLite_1_QuestLongDesc,我们新来的狗显得很焦躁。怎么了，伙计？你想让我们跟着？也许是好吃的，比如咔呣罐头、双头牛排，或者……死亡爪肉！
QuestLoc_DeathclawDeeLite_1_QuestShortDesc,跟着狗回到诺瓦克……那里会有什么在等着我们？
QuestLoc_DeathclawDeeLite_1_QuestObjective1,杀死阿尔法死亡爪
QuestLoc_DeathclawDeeLite_1_Question1,这些死亡爪在我们的汽车旅馆干什么？
QuestLoc_DeathclawDeeLite_1_Question1_Choice1,也许他们只是想要个房间。
QuestLoc_DeathclawDeeLite_1_Question1_Answer1,好吧，他们对生意没好处。得把他们赶出去。
QuestLoc_DeathclawDeeLite_1_Question1_Choice2,我好奇他们会不会付房租。
QuestLoc_DeathclawDeeLite_1_Question1_Answer2,问问又没坏处！
QuestLoc_DeathclawDeeLite_1_Question1_Choice3,希望他们没吃掉任何客户。
QuestLoc_DeathclawDeeLite_1_Question1_Answer3,哎呀，那可糟了。至少让我们去看看他们肠子里有没有钥匙。
QuestLoc_DeathclawDeeLite_1_Question2,吼——！
QuestLoc_DeathclawDeeLite_1_Question2_Choice1,那肯定是我们的阿尔法。谁都别被砍头！
QuestLoc_DeathclawDeeLite_1_Question2_Answer1,咕噜噜噜噜！
QuestLoc_DeathclawDeeLite_1_Soliloquy1,哦，嘿，一根肋骨。看起来挺新鲜。哎呀。
QuestLoc_DeathclawDeeLite_1_Soliloquy2,这不利于我们作为安全居所的公众形象。
QuestLoc_DeathclawDeeLite_2_QuestName,取物任务
QuestLoc_DeathclawDeeLite_2_QuestLongDesc,必须解决那些死亡爪了！据说有位医生能制作一种强力毒药，可以永久赶走它们。我们去找她谈谈！
QuestLoc_DeathclawDeeLite_2_QuestShortDesc,与医生讨论死亡爪杀虫剂。
QuestLoc_DeathclawDeeLite_2_QuestObjective1,与医生对话
QuestLoc_DeathclawDeeLite_2_CombatInit1,别插手！我们需要药！
QuestLoc_DeathclawDeeLite_2_Question1,我不知道你是谁...但你必须帮忙！我们被袭击了！
QuestLoc_DeathclawDeeLite_2_Question1_Choice1,我们会处理。只要你们照顾我们。
QuestLoc_DeathclawDeeLite_2_Question1_Answer1,哦，谢谢你！我们的医生在楼上某处...请快一点！
QuestLoc_DeathclawDeeLite_2_Question1_Choice2,那些掠夺者败类！在一间科学之屋里？！
QuestLoc_DeathclawDeeLite_2_Question1_Answer2,我知道，对吧？请尽力帮忙！我们的医生在楼上某个地方！
QuestLoc_DeathclawDeeLite_2_Question1_Choice3,别担心。我们会干掉它们的。
QuestLoc_DeathclawDeeLite_2_Question1_Answer3,哦，是啊，你看起来挺能打！去干掉它们！
QuestLoc_DeathclawDeeLite_2_Question2,啊！他们终于找到我了……我猜你是想……
QuestLoc_DeathclawDeeLite_2_Question2_2,哦，你们不是掠夺者。那，呃……我能帮你们什么？
QuestLoc_DeathclawDeeLite_2_Question2_Choice1,你有什么对付死亡爪的东西吗？
QuestLoc_DeathclawDeeLite_2_Question2_Answer1,哦，当然。只要在你看见的每一颗蛋上涂上这毒药，再杀掉成年体。对你来说应该很容易！
QuestLoc_DeathclawDeeLite_2_Question2_Choice2,医生，我们有个死亡爪的病例。
QuestLoc_DeathclawDeeLite_2_Question2_Answer2,哦，天哪。听起来很严重。你得杀掉阿尔法死亡爪，然后在它们的蛋上用这毒药。祝你好运！
QuestLoc_DeathclawDeeLite_2_Soliloquy1,有人吗？这里不是应该是个繁忙的科学中心吗？
QuestLoc_DeathclawDeeLite_2_Soliloquy1_2,我希望我们能在这里找到死亡爪专家……
QuestLoc_DeathclawDeeLite_3_QuestName,死亡清除
QuestLoc_DeathclawDeeLite_QuestLineName,死亡爪之悦
QuestLoc_DeathclawDeeLite_3_QuestLongDesc,现在我们有了些死亡爪毒药。我想我们应该去喷洒汽车旅馆附近的巢穴来解决问题，而不是旅馆本身。
QuestLoc_DeathclawDeeLite_3_QuestShortDesc,用毒药喷洒死亡爪巢穴。
QuestLoc_DeathclawDeeLite_3_QuestObjective1,喷洒死亡爪巢穴
QuestLoc_DeathclawDeeLite_3_QuestObjective2,杀死成年死亡爪（1/2）
QuestLoc_DeathclawDeeLite_3_QuestObjective3,杀死成年死亡爪（2/2）
QuestLoc_DeathclawDeeLite_3_Question1,人类。求你了，别攻击我。我没有同族那种暴力倾向。
QuestLoc_DeathclawDeeLite_3_Question1_2,我一直自愿被囚禁在此，因为我的罪过——希望为我族谋求一种更温和的生活方式。
QuestLoc_DeathclawDeeLite_3_Question1_3,现在我自由了。是什么驱使你来到这野蛮之地？
QuestLoc_DeathclawDeeLite_3_Question1_Choice1,你的，呃，同类袭击了我们的汽车旅馆。
QuestLoc_DeathclawDeeLite_3_Question1_Answer1,毫无疑问，你是来消灭它们的。我不怪你。它们无法与之讲道理。
QuestLoc_DeathclawDeeLite_3_Question1_Choice2,杀了你的家人，还毒害你的蛋？
QuestLoc_DeathclawDeeLite_3_Question1_Answer2,别担心，我不会阻止你。我会寻找更多像我一样追求和平的同类，很可能孤独终老。
QuestLoc_DeathclawDeeLite_3_Question1_Choice3,处理害虫，而你就是其中之一！
QuestLoc_DeathclawDeeLite_3_Question1_Answer3,啊。人类终究没什么不同。我是你最后的敌人。受死吧！
QuestLoc_DeathclawDeeLite_3_Question2,这是死亡爪的蛋……我们该怎么办？
QuestLoc_DeathclawDeeLite_3_Question2_Choice1,<小心地只喷射蛋>
QuestLoc_DeathclawDeeLite_3_Question2_Choice2,<疯狂地喷射整个房间>
QuestLoc_DeathclawDeeLite_3_Question2_Answer1,外科手术般的精准！
QuestLoc_DeathclawDeeLite_3_Question2_Answer2,消灭！！！
QuestLoc_DeathclawDeeLite_4_QuestName,食尸鬼倒下吧，小子
QuestLoc_DeathclawDeeLite_4_QuestLongDesc,显然我们的灭死亡爪喷雾对狂尸鬼来说就像蜂蜜一样。把他们清除掉，这样我们就能重新开工了！
QuestLoc_DeathclawDeeLite_4_QuestShortDesc,清除汽车旅馆里的狂尸鬼，让旅馆重新营业。
QuestLoc_DeathclawDeeLite_4_QuestObjective1,清除狂尸鬼
QuestLoc_DeathclawDeeLite_4_CombatInit1,客房服务！
QuestLoc_DeathclawDeeLite_4_CombatInit2,这装饰太可怕了！
QuestLoc_DeathclawDeeLite_4_CombatInit3,饿了！饿了！！！
QuestLoc_DeathclawDeeLite_4_Question1,啊啊啊不请不要——哦，是你啊。哇！
QuestLoc_DeathclawDeeLite_4_Question1_2,我必须说，我们有些客户相当激进！我要危险津贴！
QuestLoc_DeathclawDeeLite_4_Question1_Choice1,我救了你。你应该付我钱。
QuestLoc_DeathclawDeeLite_4_Question1_Answer1,什么？！我……好吧，你说得有道理。给，这是我身上所有钱了。我们两清。
QuestLoc_DeathclawDeeLite_4_Question1_Choice2,你想要什么？这是废土。
QuestLoc_DeathclawDeeLite_4_Question1_Answer2,呃。你当然是对的。好吧，我想我得回去工作了……
QuestLoc_DeathclawDeeLite_4_Question1_Choice3,不。想找别的工作就去找吧。
QuestLoc_DeathclawDeeLite_4_Question1_Answer3,好！我会的！……唉，我在骗谁呢？我无处可去。
QuestLoc_DeathclawDeeLite_4_Question2,呃呃……床……床！气味！不错！
QuestLoc_DeathclawDeeLite_4_Question2_2,想要……伴侣……啊啊啊！
QuestLoc_DeathclawDeeLite_4_Question2_Choice1,你想要个伴侣？行，那就给我出去！
QuestLoc_DeathclawDeeLite_4_Question2_Answer1,唔啊啊啊！
QuestLoc_DeathclawDeeLite_4_Question2_Choice2,你想交配？！好啊，先付钱！
QuestLoc_DeathclawDeeLite_4_Question2_Answer2,穷光蛋！
QuestLoc_S2_QL2_Q1_Doc_QuestName,医生医生，快给物资
QuestLoc_S2_QL2_Area51_QuestLineName,51区停转之日
QuestLoc_S2_QL2_Q1_Doc_QuestLongDesc,传说51区塞满了能造福我们避难所的技术。那里一定戒备森严：我们最好备足医疗用品。
QuestLoc_S2_QL2_Q1_Doc_QuestShortDesc,在突袭51区之前，我们需要医疗用品。
QuestLoc_S2_QL2_Q1_Doc_QuestObjective1,“说服”一位医生交出医疗用品。
QuestLoc_S2_QL2_Q1_Doc_CombatInit2,我们等医生已经好几天了。你正好可以陪我们打发时间！
QuestLoc_S2_QL2_Q1_Doc_CombatInit3,我告诉过你我不会让你夺走我的手臂！！！！！
QuestLoc_S2_QL2_Q1_Doc_Question1_Line1,欢迎来到分诊处。
QuestLoc_S2_QL2_Q1_Doc_Question1_Line2,有兴趣变成尸鬼吗？或者来点环钻术？
QuestLoc_S2_QL2_Q1_Doc_Question1_Line3,当然，我们随时乐意提供截肢服务。
QuestLoc_S2_QL2_Q1_Doc_Question1_Line1_Choice1,其实我们是来购物的！
QuestLoc_S2_QL2_Q1_Doc_Question1_Line1_Answer1,啊，那你运气不错：购物者不用排队。
QuestLoc_S2_QL2_Q1_Doc_Question1_Line1_Choice2,抢劫！
QuestLoc_S2_QL2_Q1_Doc_Question1_Line1_Answer2,当然啦，亲爱的！去那几间有软垫墙壁的大房间，工作人员会帮你解决的。
QuestLoc_S2_QL2_Q1_Doc_Question1_Line1_Choice3,要等多久？
QuestLoc_S2_QL2_Q1_Doc_Question1_Line1_Answer3,还没人等到老死……目前还没有。
QuestLoc_S2_QL2_Q1_Doc_Question4,来检查眼睛的？
QuestLoc_S2_QL2_Q1_Doc_Question4_Choice1,如果有免费治疗针，那当然！
QuestLoc_S2_QL2_Q1_Doc_Question4_Answer1,哦！我不是医生。我修理眼球机器人。我以为挺明显的。
QuestLoc_S2_QL2_Q1_Doc_Question4_Choice2,哦！哈，眼球机器人！我懂了！真有趣！
QuestLoc_S2_QL2_Q1_Doc_Question4_Answer2,我修机器人。没有机器人，不提供服务：走吧。
QuestLoc_S2_QL2_Q1_Doc_Question5,听说你想要医疗用品？
QuestLoc_S2_QL2_Q1_Doc_Question5_Choice1,交出来，不然我们就送你去太平间！
QuestLoc_S2_QL2_Q1_Doc_Question5_Answer1,从病人那里偷东西？你会为此感到愧疚的……
QuestLoc_S2_QL2_Q1_Doc_Question5_Choice2,求求你了，好心的女士，我们急需治疗针。
QuestLoc_S2_QL2_Q1_Doc_Question5_Answer2,我们可以匀出几个，但要保密。要是每次都发……
QuestLoc_S2_QL2_Q2_Field_QuestName,辐射实地考察
QuestLoc_S2_QL2_Q2_Field_QuestLongDesc,依靠我们的联络人，我们有信心说服钢铁兄弟会批准我们将用来袭击他们自己设施的装备。啊！真是讽刺！
QuestLoc_S2_QL2_Q2_Field_QuestShortDesc,找到执行任务的圣骑士，让他签署一份申请表。
QuestLoc_S2_QL2_Q2_Field_QuestObjective1,让圣骑士签署申请表。
QuestLoc_S2_QL2_Q2_Field_Question1_Line1,鼹鼠的后代！高层们可真是慢悠悠地派援军来啊。
QuestLoc_S2_QL2_Q2_Field_Question1_Line2,不过嘿，至少你们现在到了。
QuestLoc_S2_QL2_Q2_Field_Question1_Choice1,呃……是啊……我们就是援军。
QuestLoc_S2_QL2_Q2_Field_Question1_Answer1,你们看起来像新兵，不是我们要求的精英。不过也许可以拿你们当诱饵。
QuestLoc_S2_QL2_Q2_Field_Question1_Choice2,我们要找负责的圣骑士。我们有文件要办。
QuestLoc_S2_QL2_Q2_Field_Question1_Answer2,所以你们不是来帮我们的？官僚主义迟早会害死我们。
QuestLoc_S2_QL2_Q2_Field_Question1_Choice3,你已经半死不活了。如果你愿意，我们可以给你个痛快。
QuestLoc_S2_QL2_Q2_Field_Question1_Answer3,你们根本不是援军。兄弟们，拿起武器！
QuestLoc_S2_QL2_Q2_Field_Question2,你们能来到这里，肯定是一路杀穿了那些辐射蝎子。真令人印象深刻！
QuestLoc_S2_QL2_Q2_Field_Question2_Choice1,没错，你自由了！只要在这里的虚线上签字……还有这里签缩写……还有这里……
QuestLoc_S2_QL2_Q2_Field_Question2_Answer1,等等，什么？你们大老远跑来就为了要一张申请表？好吧，算我们欠你的。拿来吧。
QuestLoc_S2_QL2_Q2_Field_Question2_Choice2,我们是来给你一个赢取一百万瓶盖的机会的。你或许已经中奖了。
QuestLoc_S2_QL2_Q2_Field_Question2_Answer2,哦，抽奖！我喜欢。快，让我签了免责书！
QuestLoc_S2_QL2_Q2_Field_Question2_Choice3,长官，我们有一份正式的装备申请，需要您按指挥链批准。
QuestLoc_S2_QL2_Q2_Field_Question2_Answer3,你是个拘谨的人，啊？让我签完赶紧走人。
QuestLoc_S2_QL2_Q3_Req_QuestName,谁才是兄弟会
QuestLoc_S2_QL2_Q3_Req_QuestLongDesc,手里拿着申请表，我们前往兄弟会仓库去拿顶级装备。能有多难呢？
QuestLoc_S2_QL2_Q3_Req_QuestShortDesc,获取征调的钢铁兄弟会装备
QuestLoc_S2_QL2_Q3_Req_QuestObjective1,获取兄弟会装备
QuestLoc_S2_QL2_Q3_Req_Question1,我们能问问您来访的原因吗？
QuestLoc_S2_QL2_Q3_Req_Question1_Choice1,我们是来递交这份征调单，并领取一些装备的。
QuestLoc_S2_QL2_Q3_Req_Question1_Answer1,去找军需官B38。上一层楼，第二个路口左转，再下楼，原路返回，再上楼……差不多吧。
QuestLoc_S2_QL2_Q3_Req_Question1_Choice2,这属于需要知道的事项。
QuestLoc_S2_QL2_Q3_Req_Question1_Answer2,嗯……这不在我认可的理由清单上。我得用强硬的语言和更强硬的武器来拒绝你们进入。
QuestLoc_S2_QL2_Q3_Req_Question2,你有给我的表单吗？
QuestLoc_S2_QL2_Q3_Req_Question2_Choice1,给你。
QuestLoc_S2_QL2_Q3_Req_Question2_Answer1,哦！这跟装备有关。我是负责毛绒玩具的。但嘿，你看上去需要个拥抱。给你一个泰迪熊。
QuestLoc_S2_QL2_Q3_Req_Question3,你有表格给我吗？
QuestLoc_S2_QL2_Q3_Req_Question3_Choice1,给你。
QuestLoc_S2_QL2_Q3_Req_Question3_Answer1,你傻了吗？这是食物储藏室。你的表格在这里没用。走开！没你的汤！
QuestLoc_S2_QL2_Q3_Req_Question4,你见过我的实验性战斗辐射蟑螂™吗？
QuestLoc_S2_QL2_Q3_Req_Question4_Choice1,我们可能进来时碾碎了一两只。
QuestLoc_S2_QL2_Q3_Req_Question4_Answer1,哦不！我可怜的宝宝们！真是被误解了。走开。走开。让我独自悲伤，你这个怪物！
QuestLoc_S2_QL2_Q3_Req_Question4_Choice2,你把它们放出来有点粗心。我们应该告诉指挥官吗？
QuestLoc_S2_QL2_Q3_Req_Question4_Answer2,哎呀！我只是个卑微的研究者，出于爱才这么做。请，请保密，好吗？
QuestLoc_S2_QL2_Q3_Req_Question5,嘿，访客！坐下来和我聊聊。你有没有问过自己：当一名文书是个好职位吗？
QuestLoc_S2_QL2_Q3_Req_Question5_Choice1,哦嚯，我闻到了长篇大论的味道。抱歉小伙子，我们赶时间。
QuestLoc_S2_QL2_Q3_Req_Question5_Answer1,我理解时间不断的压力如何让人无法享受沉溺于……嘿，你要去哪？
QuestLoc_S2_QL2_Q3_Req_Question5_Choice2,行，放马过来吧！
QuestLoc_S2_QL2_Q3_Req_Question5_Answer2,当一名文书首先得献身于追求知识！文书是活生生的记忆……哦，嘿，你睡着了啊。
QuestLoc_S2_QL2_Q3_Req_Question6,你有表格要给我？
QuestLoc_S2_QL2_Q3_Req_Question6_Choice1,给你。
QuestLoc_S2_QL2_Q3_Req_Question6_Answer1,一份申请单，嗯？抱歉，伙计，我们不处理申请单。但我们提供战斗训练！准备好！
QuestLoc_S2_QL2_Q3_Req_Question7_Line1,这吵吵闹闹的是在干嘛？大家都在工作呢。那是张表格吗？
QuestLoc_S2_QL2_Q3_Req_Question7_Line2,咱们快点给你搞定，好安静地回去工作。
QuestLoc_S2_QL2_Q3_Req_Question7_Choice1,我想要武器，拜托！
QuestLoc_S2_QL2_Q3_Req_Question7_Answer1,给你这个。现在走开！
QuestLoc_S2_QL2_Q3_Req_Question7_Choice2,当然，我不介意来一套不错的动力装甲。
QuestLoc_S2_QL2_Q3_Req_Question7_Answer2,给，拿着这个。还有这把武器也一并给你。现在走吧！
QuestLoc_S2_QL2_Q3_Req_Question7_Choice3,给我武器和装甲，我们这就上路。
QuestLoc_S2_QL2_Q3_Req_Question7_Answer3,给你。现在走吧！
QuestLoc_S2_QL2_Q4_Roswell_QuestName,罗斯威尔一切顺利！
QuestLoc_S2_QL2_Q4_Roswell_QuestLongDesc,装备和药品准备就绪，我们准备好抢劫了。不过感觉有点不对劲。我们要面对的敌人可能不是我们预想的那样！
QuestLoc_S2_QL2_Q4_Roswell_QuestShortDesc,我们准备好抢劫51区了。那些外星科技近在咫尺。
QuestLoc_S2_QL2_Q4_Roswell_QuestObjective1,获得一个外星机器人
QuestLoc_S2_QL2_Q4_Roswell_QuestObjective2,获得一把外星枪
QuestLoc_S2_QL2_Q4_Roswell_CombatInit2,<无法理解的语言>
QuestLoc_S2_QL2_Q4_Roswell_CombatInit3,<无法理解的语言>
QuestLoc_S2_QL2_Q4_Roswell_CombatInit4,<无法理解的语言>
QuestLoc_S2_QL2_Q4_Roswell_Question1,基地被无法战胜的敌人占领了。趁还能跑，快逃吧！
QuestLoc_S2_QL2_Q4_Roswell_Question1_Choice1,打败不可战胜的就是我们的专长。让开。
QuestLoc_S2_QL2_Q4_Roswell_Question1_Answer1,希望你喜欢被探查！再会！
QuestLoc_S2_QL2_Q4_Roswell_Question1_Choice2,我们会处理威胁！你能告诉我们些什么？
QuestLoc_S2_QL2_Q4_Roswell_Question1_Answer2,它们不属于这个世界。我觉得它们是来回收自己的科技的。
QuestLoc_S2_QL2_Q4_Roswell_Question1_Choice3,我们是来……呃……执行公务的。我们会通过谈判解决问题！
QuestLoc_S2_QL2_Q4_Roswell_Question1_Answer3,我不觉得“我们是来和平交流的”这套管用，但好吧，你说了算！
Theme_ShortName_Exterior,外部主题
Theme_ShortName_Workshop,工坊主题
Message_Tutorial_UltraciteWeaponCraftingIntroduction,是时候反击那些{SCORCHED}了！既然我们有了{ULTRACITE}，就用它来制作一些强大的新{WEAPONS}吧。
Message_Tutorial_UltraciteWeaponCraftingAssignDweller,{ASSIGN}任意居民到{ULTRACITE WEAPON FACTORY}。
Message_Tutorial_UltraciteWeaponCraftingDoubleTapRoom,开始制作吧！{DOUBLE TAP}点击{ULTRACITE WEAPON FACTORY}仔细查看。
Message_Tutorial_UltraciteWeaponCraftingDoubleTapRoom_PC,开始制作吧！{DOUBLE CLICK}点击{ULTRACITE WEAPON FACTORY}仔细查看。
Message_Tutorial_UltraciteWeaponCraftingDoubleTapRoom_Xbox,开始制作吧！在{ULTRACITE WEAPON FACTORY}上{HOLD}[RT]仔细查看。
Message_Tutorial_UltraciteWeaponCraftingCraftingMessage,{TAP}点击{CRAFTING BUTTON}以{OPEN}{CRAFTING MENU}。
Message_Tutorial_UltraciteWeaponCraftingCraftingMessage_PC,{CLICK}点击{CRAFTING BUTTON}以{OPEN}{CRAFTING MENU}。
Message_Tutorial_UltraciteWeaponCraftingCraftingMessage_Xbox,按下[DU]以{OPEN}{CRAFTING MENU}。
Message_Tutorial_UltraciteWeaponCraftingConclusion,{TAP}点击列表中的{ULTRACITE WEAPON}即可制作。升级{ULTRACITE WEAPON FACTORY}可以解锁新配方。
Message_Tutorial_UltraciteWeaponCraftingConclusion_PC,{CLICK}列表中的{ULTRACITE WEAPON}进行制作。升级{ULTRACITE WEAPON FACTORY}可解锁新配方。
Message_Tutorial_UltraciteWeaponCraftingConclusion_Xbox,使用{LEFT STICK}{SELECT}{ULTRACITE WEAPON}，然后{PRESS}[A]制作。升级{ULTRACITE WEAPON FACTORY}可解锁新配方。
Wasteland_ExteriorName_Enclave,英克雷移动基地车
Theme_Name_EnclaveCafeteria,英克雷餐厅
Theme_Name_EnclaveLivingQuarters,英克雷生活区
Theme_ShortName_Enclave,英克雷
Theme_Name_NewVegasExterior,新维加斯外部
Theme_Name_NewVegasNightExterior,新维加斯大道
Theme_Name_Lucky38Penthouse_LivingQuarters,幸运38顶层公寓
SeasonModal_BattlePass_LockedReward_Premium,使用赛季通行证解锁
SeasonModal_BattlePass_LockedReward_Rank,达到等级 {0} 解锁
SeasonModal_BattlePass_GetNow_Btn,立即获取
QuestLoc_S2_QL3_SecuritronsUncapped_1_QuestName,失控保安机器人
QuestLoc_S2_QL3_SecuritronsUncapped_QuestLineName,保安机器人失控
QuestLoc_S2_QL3_SecuritronsUncapped_1_QuestLongDesc,报告确认保安机器人已失控，威胁到我们的避难所和诺瓦克。
QuestLoc_S2_QL3_SecuritronsUncapped_1_QuestShortDesc,调查保安机器人故障的原因。
QuestLoc_S2_QL3_SecuritronsUncapped_1_QuestObjective1,找到保安机器人领袖
QuestLoc_S2_QL3_SecuritronsUncapped_1_CombatInit2,这是什么？活物？准备好变成死物吧！
QuestLoc_S2_QL3_SecuritronsUncapped_1_CombatInit3,恶棍。到处都是恶棍。
QuestLoc_S2_QL3_SecuritronsUncapped_1_Question1_Line1,哦天！保安机器人撞进了大楼。这里简直成了战区！
QuestLoc_S2_QL3_SecuritronsUncapped_1_Question1_Line1_Choice1,外面安全了。趁现在赶紧走。
QuestLoc_S2_QL3_SecuritronsUncapped_1_Question1_Line1_Answer1,你要进去？你疯了吧，老兄！
QuestLoc_S2_QL3_SecuritronsUncapped_1_Question1_Line1_Choice2,我们这边也不安全！
QuestLoc_S2_QL3_SecuritronsUncapped_1_Question1_Line1_Answer2,啊啊啊啊啊啊！
QuestLoc_S2_QL3_SecuritronsUncapped_1_Question1_Line1_Choice3,欢呼吧！英雄来了！
QuestLoc_S2_QL3_SecuritronsUncapped_1_Question1_Line1_Answer3,随便你！我走了！
QuestLoc_S2_QL3_SecuritronsUncapped_1_Question4,那些机器人真没礼貌。你是来接我出去的，亲爱的？
QuestLoc_S2_QL3_SecuritronsUncapped_1_Question4_Choice1,我们不能陪你，但路已经通了。
QuestLoc_S2_QL3_SecuritronsUncapped_1_Question4_Answer1,谢谢你，亲爱的。我东西都带齐了吗？钱包。猫。烤箱关了。该走了。
QuestLoc_S2_QL3_SecuritronsUncapped_1_Question4_Choice2,我们替你把它们关掉了，小费就免了。
QuestLoc_S2_QL3_SecuritronsUncapped_1_Question4_Answer2,哦！当然啦，亲爱的！给你，1个瓶盖。
QuestLoc_S2_QL3_SecuritronsUncapped_1_Question5,公民，这里是活跃战区。交出你的性命。
QuestLoc_S2_QL3_SecuritronsUncapped_1_Question5_Choice1,这一定是头领。我们把它送去废品场吧。
QuestLoc_S2_QL3_Q2_Handy_QuestName,巧手先生的秘密
QuestLoc_S2_QL3_Q2_Handy_QuestLongDesc,尽管我们取得了成功，但更多的狂暴保安机器人正在莫哈韦地区肆虐。罗伯科工厂可能藏有答案。
QuestLoc_S2_QL3_Q2_Handy_QuestShortDesc,在罗伯科工厂寻找答案。
QuestLoc_S2_QL3_Q2_Handy_QuestObjective1,揭露保安机器人袭击的原因。
QuestLoc_S2_QL3_Q2_Handy_CombatInit1,擅入者！是时候给这些恶徒一个教训了！
QuestLoc_S2_QL3_Q2_Handy_Question2,…错误…未找到autoexecution.bat…
QuestLoc_S2_QL3_Q2_Handy_Question2_Choice1,我们真走运，这个已经关闭了。咱们入侵它，看看它隐藏了什么。
QuestLoc_S2_QL3_Q2_Handy_Question2_Choice2,听起来挺友善的。我们拆了它。
QuestLoc_S2_QL3_Q2_Handy_Question3,啊！访客！我是通过这个眼球机器人跟你们说话。请找到我。
QuestLoc_S2_QL3_Q2_Handy_Question3_Choice1,我们会找到你的。我们需要答案。
QuestLoc_S2_QL3_Q2_Handy_Question4,市民，小心附近的敌对机器人。
QuestLoc_S2_QL3_Q2_Handy_Question4_Choice1,呃！你以为我们没砸烂几个就到这儿了？
QuestLoc_S2_QL3_Q2_Handy_Question5,哦天！你们找到我了！感谢你们阻止了保安机器人。它们搞得一团糟。
QuestLoc_S2_QL3_Q2_Handy_Question5_Answer1,我当然知道。有人小心地拆掉了它们的战斗抑制垫圈……但是谁……为什么？
QuestLoc_S2_QL3_Q2_Handy_Question5_Choice1,你看起来很博学。你知道它们为什么发狂吗？
QuestLoc_S2_QL3_Q3_Insider_QuestName,第五轮
QuestLoc_S2_QL3_Q3_Insider_QuestLongDesc,我们收到了来自藏在一座避难所里的“理智”保安机器人的求救信号。也许它们能说明战斗抑制器的问题。
QuestLoc_S2_QL3_Q3_Insider_QuestShortDesc,查明是谁移除了保安机器人的战斗抑制器。
QuestLoc_S2_QL3_Q3_Insider_QuestObjective1,与发出求救信号的保安机器人会合。
QuestLoc_S2_QL3_Q3_Insider_Question1,强盗，嗯？尝尝致命武力！
QuestLoc_S2_QL3_Q3_Insider_Question1_Choice1,这几个显然也失控了。我们得继续深入。
QuestLoc_S2_QL3_Q3_Insider_Question2,想知道我是谁？我可是保安机器人！
QuestLoc_S2_QL3_Q3_Insider_Question2_Choice1,它藏在你皮肤下面了？
QuestLoc_S2_QL3_Q3_Insider_Question2_Answer1,秘密，秘密，替我保密！
QuestLoc_S2_QL3_Q3_Insider_Question2_Choice2,介不介意我们检查一下你的电路？
QuestLoc_S2_QL3_Q3_Insider_Question2_Answer2,哎，你真扫兴！我要找个地方做真正的自己。
QuestLoc_S2_QL3_Q3_Insider_Question3_Choice1,所以，没了垫圈等于没了抑制器…然后更多机器人发狂。哎呀！
QuestLoc_S2_QL3_Q3_Insider_Question3_Line1,到处都是安保机器人备用零件。还有很多战斗抑制器垫圈……
QuestLoc_S2_QL3_Q3_Insider_Question3_Line2,这些垫圈好像被剥掉了内衬。现在没用了。
QuestLoc_S2_QL3_Q3_Insider_Question4,帮帮忙，市民。你听到了我们的求救信号。我们的战斗抑制器受损了。即将失效！
QuestLoc_S2_QL3_Q3_Insider_Question4_Choice1,快说，是谁把你弄成这样的！
QuestLoc_S2_QL3_Q3_Insider_Question4_Answer1,仓库……在萨斯普瑞拉装瓶厂附近。求你了……<error>……罪犯！站住！
QuestLoc_S2_QL3_Q3_Insider_Question4_Choice2,我们会让你关机并修好你。但得先找出幕后黑手。
QuestLoc_S2_QL3_Q3_Insider_Question4_Answer2,去萨斯普瑞拉装瓶厂的仓库。好的。现在关机……
QuestLoc_S2_QL3_Q4_Warehouse_QuestName,工作的所有部分
QuestLoc_S2_QL3_Q4_Warehouse_QuestLongDesc,叛乱的安保机器人追查到了萨斯普瑞拉装瓶厂附近的一个仓库。找出幕后主使。
QuestLoc_S2_QL3_Q4_Warehouse_QuestShortDesc,搜索这一切开始的那个仓库。
QuestLoc_S2_QL3_Q4_Warehouse_QuestObjective1,解开杀人保安机器人的谜团。
QuestLoc_S2_QL3_Q4_Warehouse_CombatInit2,非机器人者死！
QuestLoc_S2_QL3_Q4_Warehouse_Question1,嘿，你！能帮个忙吗？这些蠢机器人挡着我们去换班的路了。
QuestLoc_S2_QL3_Q4_Warehouse_Question1_Choice1,让我猜猜，保安机器人？
QuestLoc_S2_QL3_Q4_Warehouse_Question1_Answer1,对，保安机器人。快想想办法。
QuestLoc_S2_QL3_Q4_Warehouse_Question1_Choice2,你老板派我来的。你被炒了！
QuestLoc_S2_QL3_Q4_Warehouse_Question1_Answer2,你倒挺逗，是吧？去被机器人揍扁吧什么的。
QuestLoc_S2_QL3_Q4_Warehouse_Question1_Choice3,现在实行新的居家办公政策了！
QuestLoc_S2_QL3_Q4_Warehouse_Question1_Answer3,我们是工厂工人。我不确定你想清楚了。不过嘿，不穿裤子工作听起来不错！
QuestLoc_S2_QL3_Q4_Warehouse_Question3,维护模式。等待输入……
QuestLoc_S2_QL3_Q4_Warehouse_Question3_Choice1,这些保安机器人不一样。这证实了。这个地方维护保安机器人。
QuestLoc_S2_QL3_Q4_Warehouse_Question4,你们是买家？我们有不少从垫圈里提炼出的黄金。
QuestLoc_S2_QL3_Q4_Warehouse_Question4_Choice1,乱动机器人会导致杀戮狂潮。你知道吧？
QuestLoc_S2_QL3_Q4_Warehouse_Question4_Answer1,你怎么知道垫圈是从保安机器人上来的？哦…我不该说的。
QuestLoc_S2_QL3_Q4_Warehouse_Question4_Choice2,垫圈从哪来的？老实交代！
QuestLoc_S2_QL3_Q4_Warehouse_Question4_Answer2,保安机器人不需要这些。干嘛审问我？你们不是买家！
QuestLoc_S2_QL3_Q4_Warehouse_Question4_Choice3,其实，我们要接管你们的生意！
QuestLoc_S2_QL3_Q4_Warehouse_Question4_Answer3,你们是最可恶的淘金者！
QuestLoc_S2_QL3_Q4_Warehouse_Question5,嘿！我们正在干精细活。守卫呢？
QuestLoc_S2_QL3_Q4_Warehouse_Question5_Choice1,把戏败露了。我们是来阻止你们把保安机器人变成杀人机器的。
QuestLoc_S2_QL3_Q4_Warehouse_Question5_Answer1,什么？我们以为拆掉垫圈没什么影响……我们做了什么？完了。
QuestLoc_S2_QL3_Q4_Warehouse_Question5_Choice2,你直接忽略了“战斗抑制器”的部分？你在杀人。
QuestLoc_S2_QL3_Q4_Warehouse_Question5_Answer2,会不会是延迟反应？保安机器人离开仓库时还好好的……我们没想伤害谁。
QuestLoc_S2_QL3_Q4_Warehouse_Question5_Choice3,你擅自改装战斗抑制器，把机器人变成了杀手。来！让你也感受一下那种滋味！
Theme_ShortName_NukaColaPlant,核子可乐工厂主题
Theme_ShortName_LivingQuarters,生活区主题
Message_ThemeChange_NukaColaPlant,你所有完全合并并升级的核子可乐工厂的主题将从 {0} 变更为 {1}。确定吗？
Objective_CollectUltraciteWithinTime,在1分钟内收集{0}个超变水晶
Objective_CraftLegendaryOutfits,制作1件传奇服装
Objective_CraftLegendaryOutfits_Plural,制作{0}件传奇服装
Objective_SpinToWin,从幸运轮盘领取一份奖励
Objective_SpinToWin_Plural,从幸运轮盘领取 {0} 份奖励
Objective_BuildOverseerOffice,建造一间监督者办公室
Objective_CompleteQuestline,完成任务线：{2}
Objective_KillEnemiesOnQuests,在任务中杀死一名敌人
Objective_KillEnemiesOnQuests_Plural,在任务中杀死 {0} 名敌人
Objective_CompleteQuestsWithoutStimpacks,不使用治疗针完成一个任务
Objective_CompleteQuestsWithoutStimpacks_Plural,不使用治疗针完成 {0} 个任务
Objective_CraftLegendaryWeapons,制作 1 件传说级武器
Objective_CraftLegendaryWeapons_Plural,制作 {0} 件传说级武器
Objective_KillRadscorpions,杀死一只辐射蝎
Objective_KillRadscorpions_Plural,杀死 {0} 只辐射蝎
Objective_CollectWeaponsOnQuests,在一个任务中收集一把武器
Objective_CollectWeaponsOnQuests_Plural,在任务中收集 {0} 把武器
Objective_CollectOutfitsOnQuests,在一个任务中收集一件服装
Objective_CollectOutfitsOnQuests_Plural,在任务中收集 {0} 件服装
Objective_CollectQuestsWithPet,装备宠物完成一个任务
Objective_CollectQuestsWithPet_Plural,装备宠物完成 {0} 个任务
QuestLoc_GoingToTown_1_QuestName,自由区狂欢
QuestLoc_GoingToTown_QuestLineName,进城
QuestLoc_GoingToTown_1_QuestLongDesc,我们急需一些补给。何不去看看本地商业中心弗雷赛德有什么好东西呢？
QuestLoc_GoingToTown_1_QuestShortDesc,去弗雷赛德找补给。
QuestLoc_GoingToTown_1_QuestObjective1,获取一些武器
QuestLoc_GoingToTown_1_QuestObjective2,获取一些服装
QuestLoc_GoingToTown_1_QuestObjective3,获取一些药品
QuestLoc_GoingToTown_1_CombatInit1,欢迎来到武器店！让我给你演示一下它们的用法！
QuestLoc_GoingToTown_1_Question1,什么？！哦，呃，我是说，欢迎光临六月老妈服装店。我们有莫哈维最棒的衣服。
QuestLoc_GoingToTown_1_Question1_2,你那张蠢脸...呃，我是说，你想要点什么？
QuestLoc_GoingToTown_1_Question1_Choice1,让我看起来尽可能酷。
QuestLoc_GoingToTown_1_Question1_Answer1,没问题。没什么比NCR游侠更酷了，对吧？
QuestLoc_GoingToTown_1_Question1_Choice2,我需要一件方便活动的衣服！
QuestLoc_GoingToTown_1_Question1_Answer2,哼，随便吧，拿这件我年轻时穿的裙子好了。
QuestLoc_GoingToTown_1_Question1_Choice3,请给我一件舒服的睡衣。
QuestLoc_GoingToTown_1_Question1_Answer3,这还差不多。试试这件，你会睡得前所未有的好。
QuestLoc_GoingToTown_1_Question2,嘿，各位！有什么好吃的？是我！哈哈哈。天啊我太幽默了。
QuestLoc_GoingToTown_1_Question2_02,你们饿不饿？我有腌辐射蝎蛋、辐射蟑螂串……
QuestLoc_GoingToTown_1_Question2_03,……甚至还有一些双头牛草原牡蛎。莫哈维最棒！
QuestLoc_GoingToTown_1_Question2_Choice1,呃，不用了，谢谢。
QuestLoc_GoingToTown_1_Question2_Answer1,什么？连草原牡蛎都不要？这东西可稀罕了！好吧，随你便。
QuestLoc_GoingToTown_1_Question2_Choice2,那些听起来都超级恶心。
QuestLoc_GoingToTown_1_Question2_Answer2,可能有点恶心，但总比天天吃Cram好！
QuestLoc_GoingToTown_1_Question2_Choice3,哦，街头小吃！好呀，来点！
QuestLoc_GoingToTown_1_Question2_Answer3,好选择，拿着！
QuestLoc_GoingToTown_1_Question3,笑一个！
QuestLoc_GoingToTown_1_Question3_Choice1,<咧嘴笑>
QuestLoc_GoingToTown_1_Question3_Answer1,咔嚓！唉，我骗谁呢？这玩意儿坏了。
QuestLoc_GoingToTown_1_Question3_Choice2,什么？
QuestLoc_GoingToTown_1_Question3_Answer2,我在给你拍照。好吧，反正是装的。这玩意儿坏了……
QuestLoc_GoingToTown_1_Question3_Choice3,那是一台还能用的相机？！
QuestLoc_GoingToTown_1_Question3_Answer3,不！给，送你了！
QuestLoc_GoingToTown_1_Question4,坠落！坠——落！清算的时刻近在眼前！
QuestLoc_GoingToTown_1_Question4_Choice1,老兄，坠落已经发生了。我们已经坠落了。
QuestLoc_GoingToTown_1_Question4_Answer1,这正是他们想让你相信的！它还没来！只有全副武装的人才能存活！
QuestLoc_GoingToTown_1_Question4_Choice2,你是说……我要绊倒了？我会注意脚下的。
QuestLoc_GoingToTown_1_Question4_Answer2,是眼睛……外星人！天上的眼睛！它们正注视着我们的一举一动！
QuestLoc_GoingToTown_1_Question4_Choice3,哦哦。你最好把瓶盖交给我保管。
QuestLoc_GoingToTown_1_Question4_Answer3,末日时分，金钱毫无意义！唯有经历才能充实自我！
QuestLoc_GoingToTown_1_Question5,嗯，你好啊陌生人。欢迎来到我的奇珍异宝店。今天我给你准备了一个绝妙的交易。
QuestLoc_GoingToTown_1_Question5_02,看呐！奇迹血清。它不是解药，但能增强你的大脑和身体。
QuestLoc_GoingToTown_1_Question5_Choice1,我要了！
QuestLoc_GoingToTown_1_Question5_Answer1,你不会后悔的！我保证，否则退钱！前提是你找得到我。
QuestLoc_GoingToTown_1_Question5_Choice2,让我现在就试试！
QuestLoc_GoingToTown_1_Question5_Answer2,不，不了，啊，我是说，这东西更适合在家喝。告辞！
QuestLoc_GoingToTown_1_Question5_Choice3,我简直没法拒绝！
QuestLoc_GoingToTown_1_Question5_Answer3,这才像话。现在就出发吧！
ArrivalWidget_Requirement_Overseer,建造监督者办公室
ArrivalWidget_Requirement_Quest,完成：{0}
ArrivalWidget_Requirement_Dwellers,拥有 {0} 位居民
NewVegasA_Description,避难所科技已将诺瓦克定位为在整个莫哈韦地区推进我们利益的战略要地。招募忠诚的盟友，控制诺瓦克，将其变成新维加斯璀璨光芒下的一座闪亮灯塔！监督者，我们看好你！
Shop_SeasonPass_NewVegasA_Blurb,"解锁所有赛季奖励：
- 全新避难所外观 [-][F7C531]主题[-]
- 全新核子可乐装瓶机 [-][F7C531]主题[-]
- [-][F7C531]新居民[-] 及 [-][F7C531]更多！[-]"
Shop_SeasonPass_NewVegasA_Description,通过此通行证，尽享赛季的全部内容。解锁高级奖励路线，内含避难所外观主题、日落沙士装瓶器主题、全新传奇居民以及更多内容。你可以在所有避难所中领取奖励。
Shop_SeasonPass_NewVegasAPremium_Blurb,"包含赛季通行证的所有福利，外加：
- 独家[-][F7C531]传奇居民[-]与[-][F7C531]服装[-]
- [-][F7C531]额外[-]宠物、服装和武器
- [-][F7C531]25枚徽章[-]，立即提升赛季等级"
Shop_SeasonPass_NewVegasA_Premium_Description,"将你的赛季通行证提升至下一等级。获得普通通行证的所有福利，外加：25枚赛季徽章、豪斯先生、马克西姆斯夹克、T-45d动力装甲、一件修身西装、一件专家连体服、技师的复仇、2个宠物笼和5,000瓶盖。"
SeasonPass_EndingSoon_NewVegasA,"赛季通行证即将结束！完成挑战或使用量子型核口可乐来解锁奖励。
在高级路线达到20级，即可获得独家日落沙士装瓶器主题，仅限本赛季。"
QuestLoc_GoingToTown_2_QuestName,二手补给
QuestLoc_GoingToTown_2_QuestLongDesc,我们在自由城买的那个“奇迹血清”让我们好几个人都病了！是时候找到卖给我们的人，讨个说法了。
QuestLoc_GoingToTown_2_QuestShortDesc,找到卖给我们所谓“奇迹血清”的人。
QuestLoc_GoingToTown_2_QuestObjective1,质问蛇油推销员
QuestLoc_GoingToTown_2_CombatInit1,嘿！那件衬衫我先看上的！
QuestLoc_GoingToTown_2_CombatInit2,你们别想把我交给楼上那群怪人！
QuestLoc_GoingToTown_2_Question1,你好，欢迎来到奴隶贩子，一家二手服装店！你是来捐赠的，还是只是逛逛？
QuestLoc_GoingToTown_2_Question1_Choice1,随便看看。
QuestLoc_GoingToTown_2_Question1_Answer1,太好了！想待多久就待多久。
QuestLoc_GoingToTown_2_Question1_Choice2,我们在追踪一个可疑人物。
QuestLoc_GoingToTown_2_Question1_Answer2,这里绝对没有任何可疑的东西，我向你保证。你自己看看吧！
QuestLoc_GoingToTown_2_Question1_Choice3,你刚才说“奴隶贩子”？
QuestLoc_GoingToTown_2_Question1_Answer3,不，我不认为我说了。我们在卖旧衣服，傻瓜！请直接进去吧。
QuestLoc_GoingToTown_2_Question2,投降吧！你们踏入了我们的陷阱。
QuestLoc_GoingToTown_2_Question2_2,在服用了那个“神奇疗法”之后，你跟着那个油嘴滑舌的推销员来到这里……
QuestLoc_GoingToTown_2_Question2_3,但现在你因为血清而虚弱无力，我们可以把你卖去当奴隶！哇哈哈哈哈！
QuestLoc_GoingToTown_2_Question2_4,等我拿到钱，我的负罪感就会平息……对吧？
QuestLoc_GoingToTown_2_Question2_Choice1,不，不，不。不！
QuestLoc_GoingToTown_2_Question2_Answer1,你不想当奴隶？但你已经是了！太糟糕了！
QuestLoc_GoingToTown_2_Question2_Choice2,是你制造的“神奇血清”吗？我要投诉。
QuestLoc_GoingToTown_2_Question2_Answer2,别转移话题！你到底有没有在听？！
QuestLoc_GoingToTown_2_Question2_Choice3,谁在乎呢？反正你很快就要死了。
QuestLoc_GoingToTown_2_Question2_Answer3,别这么麻木不仁！
QuestLoc_GoingToTown_2_Question3,哦，你好！你……通过了那些奴隶贩子。我是说，守卫。太棒了！真了不起！
QuestLoc_GoingToTown_2_Question3_2,听着，是他们逼我做的！放我走吧，我会乖乖的！
QuestLoc_GoingToTown_2_Question3_Choice1,你告诉我他们在哪里，就可以走了。
QuestLoc_GoingToTown_2_Question3_Answer1,我不知道他们在哪，我们在西区的一个简陋实验室里制作了血清。再见！
QuestLoc_GoingToTown_2_Question4,嗯，你看起来挺官方的。你是经理吗？
QuestLoc_GoingToTown_2_Question4_2,这地方品味真差。衣服丑得要命。
QuestLoc_GoingToTown_2_Question4_3,而且你们的一个员工差点把我卖去当奴隶！不过，我把他骂了一顿。混蛋。
QuestLoc_GoingToTown_2_Question4_Choice1,就算是经理又怎样？
QuestLoc_GoingToTown_2_Question4_Answer1,我……好吧，我……我不会再来了！
QuestLoc_GoingToTown_2_Question4_Choice2,不是，但我会把你说的告诉他们。
QuestLoc_GoingToTown_2_Question4_Answer2,谢谢你。拿着这个。这是我在这个破地方找到的最好的东西。
QuestLoc_GoingToTown_2_Question4_Choice3,我只是个员工。你打算付钱吗？
QuestLoc_GoingToTown_2_Question4_Answer3,呃，好吧。那我走了！等我再看一个房间再说。我爱逛街。
SeasonPass_UpsellModal_Base,"辐射赛季配赛季通行证更精彩。
立即领取所有已解锁的赛季奖励！奖励可在所有避难所中领取。"
SeasonPass_UpsellModal_Premium,"将你的赛季提升至新高度！
购买高级通行证即可立即增益你的避难所，并获得别处找不到的专属奖励！"
SeasonPass_UnlockBattlePass_Exclamation,解锁赛季通行证！
SeasonPass_PremiumUpgrade_Exclamation,升级至高级通行证！
NewVegasA_Title_Short,新维加斯万岁
NewVegasA_IntroPopup_Title,“新维加斯万岁”赛季降临
NewVegasA_SeasonEndPopup_Title,“新维加斯万岁”赛季已结束
NewVegasA_IntroPopup_Body,在本赛季的全新实验性避难所中考验你作为监督者的技巧！实验性避难所带来了全新的变数和独特奖励。赛季持续时间短暂——切勿错过！
ArrivalWidget_Notification_QuestlineUnlocked,任务线已解锁
NewVegasA_Title,避难所赛季：新维加斯万岁
Outfit_Description_HanksPowerArmor,当你足够重要时，就不需要戴头盔了。
Outfit_Name_HanksPowerArmor,汉克的动力装甲
Message_Tutorial_ArrivalWidgetIntroduction,{SEASONAL DWELLERS}将每隔几天抵达一次。下一次{DWELLER}抵达的{TIME}显示在左上角。
Message_Tutorial_ArrivalWidgetOpenModal,{TAP}计时器可查看下一位{SEASONAL DWELLER}的更多详情。
Message_Tutorial_ArrivalWidgetOpenModal_PC,{CLICK}计时器可查看下一位{SEASONAL DWELLER}的更多详情。
Message_Tutorial_ArrivalWidgetOpenModal_Xbox,{SELECT}计时器可查看下一位{SEASONAL DWELLER}的更多详情。
Message_Tutorial_ArrivalWidgetRequirements,除了计时器，你可能还需要完成其他前提条件才能领取该{SEASONAL DWELLER}。
Message_Tutorial_SeasonalQuestIntroduction,恭喜——你刚刚解锁了一条{SEASONAL QUEST LINE}！
Message_Tutorial_SeasonalQuestOpenPipBoy,打开你的{QUEST LIST}以访问新{QUEST}。
Weapon_Name_Cryolator,冷冻枪
Weapon_Description_Cryolator,废土中最酷的武器之一。所有人都想和你一起凉爽一下。
Weapon_Name_SuperSledge,超级大锤
Weapon_Description_SuperSledge,装有一个方便的小火箭，可提高挥动速度，并将敌人送入轨道。
QuestLoc_GoingToTown_3_QuestName,犯罪实验室
QuestLoc_GoingToTown_3_QuestLongDesc,蛇油推销员把我们送到新维加斯所谓西区的一座摇摇欲坠的建筑前。等我们收拾完他们，他们就再也造不出什么“奇迹血清”了。
QuestLoc_GoingToTown_3_QuestShortDesc,阻止西区“奇迹血清”的生产。
QuestLoc_GoingToTown_3_QuestObjective1,摧毁实验室
QuestLoc_GoingToTown_3_QuestObjective2,查明奴隶贩子的位置
QuestLoc_GoingToTown_3_CombatInit1,保护血清！
QuestLoc_GoingToTown_3_CombatInit2,这本该是个轻松的班次！
QuestLoc_GoingToTown_3_Question1,嘿，你是谁？
QuestLoc_GoingToTown_3_Question1_Choice1,我们从总部来，要检查实验室。
QuestLoc_GoingToTown_3_Question1_Answer1,哦。嗯。好吧……请便。
QuestLoc_GoingToTown_3_Question1_Choice2,我们是来摧毁血清实验室的。
QuestLoc_GoingToTown_3_Question1_Answer2,不可能！我会丢掉工作的！
QuestLoc_GoingToTown_3_Question1_Choice3,只是路过。希望上楼走走……
QuestLoc_GoingToTown_3_Question1_Answer3,不行！那个地方禁止进入！
QuestLoc_GoingToTown_3_Question2,嗯？这里怎么回事？你们不是平常的守卫！
QuestLoc_GoingToTown_3_Question2_Choice1,告诉我们奴隶贩子在哪，你就能活命。
QuestLoc_GoingToTown_3_Question2_Answer1,我不知道他们在哪！真的，我只是个学徒！求你别开枪！
QuestLoc_GoingToTown_3_Question3,你是来摧毁我们的行动的。我看得出来……我不会阻止你。事实上，我会告诉你他们在哪里。
QuestLoc_GoingToTown_3_Question3_2,他们在一个废弃的避难所里，位于西边的山谷。但你必须杀了我才能找到他们！
QuestLoc_GoingToTown_3_Question3_Choice1,如你所愿！
QuestLoc_GoingToTown_3_Question3_Choice2,我们只是想杀了你的老板。
QuestLoc_GoingToTown_3_Question3_Answer2,你杀不了我老板。然后他会杀了我。所以我宁愿现在就死！
QuestLoc_GoingToTown_3_Question4,看来这就是他们制造血清的地方。
QuestLoc_GoingToTown_3_Question4_Choice1,<摧毁它>
QuestLoc_GoingToTown_3_Question4_Answer1,再也没有毒药了！
QuestLoc_GoingToTown_3_Question4_Choice2,<拿一些血清，然后摧毁它>
QuestLoc_GoingToTown_3_Question4_Answer2,带点毒药上路？
QuestLoc_GoingToTown_3_Question5,嘿，我说话算话，对吧？我不是说过会帮你吗？
QuestLoc_GoingToTown_3_Question5_2,这就是那些奴隶贩子制造我卖给你的假血清的实验室。
QuestLoc_GoingToTown_3_Question5_3,不过，帮了你我可是真的惹上大麻烦了。能让我在你的避难所里住下吗？求求你嘛？
QuestLoc_GoingToTown_3_Question5_Choice1,行行行，你可以跟我们一起住。
QuestLoc_GoingToTown_3_Question5_Answer1,哦！避难所居民果然是最善良的。
QuestLoc_GoingToTown_3_Question5_Choice2,你到了那里最好道个歉。
QuestLoc_GoingToTown_3_Question5_Answer2,哦，当然！我还会给他们带解药呢！
QuestLoc_GoingToTown_3_Question5_Choice3,我有得选吗？
QuestLoc_GoingToTown_3_Question5_Answer3,没有，但选择本来不就是个幻觉吗？
QuestLoc_GoingToTown_4_QuestName,孤注一掷
QuestLoc_GoingToTown_4_QuestLongDesc,我们发现那些在自由之域奴役无辜者的掠夺者基地，就位于新维加斯附近的一个避难所里。但奴隶们被送到哪里去了？
QuestLoc_GoingToTown_4_QuestShortDesc,在新维加斯附近的基地直面奴隶贩子。
QuestLoc_GoingToTown_4_QuestObjective1,直面奴隶贩子头目
QuestLoc_GoingToTown_4_QuestObjective2,解救奴隶（1/2）
QuestLoc_GoingToTown_4_QuestObjective3,解救奴隶（2/2）
QuestLoc_GoingToTown_4_Question1,嗯，以前没见过你。暗号是什么？
QuestLoc_GoingToTown_4_Question1_Choice1,去死吧，奴隶贩子人渣！
QuestLoc_GoingToTown_4_Question1_Answer1,没错！进去吧。
QuestLoc_GoingToTown_4_Question1_Choice2,呃，彩虹和棒棒糖？
QuestLoc_GoingToTown_4_Question1_Answer2,不对！暗号不对！有入侵者！
QuestLoc_GoingToTown_4_Question2,那些枪声，是你干的吗？你是来救我的吗？
QuestLoc_GoingToTown_4_Question2_Choice1,没错！来我们的避难所住吧！
QuestLoc_GoingToTown_4_Question2_Answer1,噢，当然！
QuestLoc_GoingToTown_4_Question3,嗯？发生什么事了？
QuestLoc_GoingToTown_4_Question3_Choice1,你自由了。为什么不来我们的避难所住呢？
QuestLoc_GoingToTown_4_Question3_Answer1,我想是吧。我在哪儿都行，真的。
QuestLoc_GoingToTown_4_Question4,你们在这儿干什么？！你们不知道我们是谁吗？我们在跟该死的军团合作！
QuestLoc_GoingToTown_4_Question4_Choice1,你们是奴隶贩子。这就够了！
QuestLoc_GoingToTown_4_Question4_Answer1,留着他们的命！等他们恢复过来就能当上好奴隶。
QuestLoc_GoingToTown_4_Question4_Choice2,军团？从没听说过。
QuestLoc_GoingToTown_4_Question4_Answer2,什么？！你住在避难所还是怎么的？！
QuestLoc_GoingToTown_4_Question4_Choice3,军团吓不到我们。
QuestLoc_GoingToTown_4_Question4_Answer3,它们当然他妈的吓到我了！
QuestLoc_GoingToTown_4_Question5,你闻起来像避难所居民。但你杀掉的那些废物里有些还挺强的。
QuestLoc_GoingToTown_4_Question5_02,别以为你赢了这一局就安全了。
QuestLoc_GoingToTown_4_Question5_03,凯撒的愤怒会摧毁你和你在乎的一切！
QuestLoc_GoingToTown_4_Question5_Choice1,我们走着瞧。
QuestLoc_GoingToTown_4_Question5_Answer1,确实……但不是现在。以后再说。
QuestLoc_GoingToTown_4_Question5_Choice2,我们的愤怒现在就要毁了你！
QuestLoc_GoingToTown_4_Question5_Answer2,没门。我太重要了，不能死！
QuestLoc_GoingToTown_4_Question5_Choice3,你能别再说奴隶的事了吗？
QuestLoc_GoingToTown_4_Question5_Answer3,你一定是在开玩笑。低等生物生来就该侍奉强者。总有一天你会明白的……
SeasonModal_Leaderboard_ScoreInfoPopup_CompleteQuests,完成任务
SeasonModal_Leaderboard_ScoreInfoPopup_PerformCriticalHits,造成暴击
Message_Tutorial_SeasonOpenLeaderboardInfoPanel,{TAP} {INFO BUTTON} 了解如何提升你的 {VAULT SCORE}。
Victor_Name,维克多
Message_TooManyVictorInWasteland,你已经向废土派出了最大数量的维克多。
Outfit_Name_LegatesArmor,军团长的护甲
Outfit_Description_LegatesArmor,废土最恐怖的军队中最恐怖的人物之一所穿的恐怖护甲。
Objective_LevelUpDwellers,升级1个居民
Objective_LevelUpDwellers_Plural,让居民升级 {0} 次
VictorDialog_Generic_01,嘿，朋友。
VictorDialog_Generic_02,真巧在这儿遇见你，朋友。
VictorDialog_Generic_03,黄油抹屁股，叫我小饼干！
VictorDialog_Generic_04,我本不想说，但你看起来真够呛的。
VictorDialog_Generic_05,嘿，我喜欢你，朋友。我说过没？
VictorDialog_Generic_06,老维克能帮你什么忙吗？
VictorDialog_Generic_07,得了吧，谁都有需要搭把手的时候。
VictorDialog_Generic_08,你好啊，搭档！今晚不错，是吧？
VictorDialog_Generic_09,你看起来需要来杯萨兹帕里拉。
VictorDialog_Generic_10,记得打个盹儿，听到了吗？
VictorDialog_Generic_11,在这艰难时世，没什么比一天辛苦劳作更能抚慰心灵的了。
VictorDialog_Generic_12,别犹豫，有啥需要的尽管跟老维克说。
VictorDialog_Generic_13,来，让我搭把手。你歇着吧。
VictorDialog_Generic_14,好吧，没错，晚饭又是腌肉罐头。但这次是烤过的！
VictorDialog_Generic_15,她可能只是地球上一个大点的洞，但这避难所就是家。
VictorDialog_Generic_16,擦呀，擦呀，起泡，冲洗……
VictorDialog_Generic_17,我这就溜达到下一个需要我的地方去。
VictorDialog_Generic_18,有人叫老维克吗？
VictorDialog_Generic_19,别慌，但我感觉咱们被盯上了。
VictorDialog_Generic_20,马桶要刷？入侵者要轰杀？找我就对了！呃，差不多这意思。
VictorDialog_Generic_21,嘿，你好啊！
VictorDialog_Generic_22,我的系统告诉我现在是6点，但我觉得更像是8点。
VictorDialog_Generic_23,想要点啥？捏脚？消毒？还是哲学辩论？
VictorDialog_Generic_24,我好奇监督者是不是在偷听。要是你在听……我喜欢你，老伙计。
VictorDialog_Generic_25,你只能尽力而为。而你的尽力已经足够好了，老伙计。
VictorDialog_Wasteland_1,我一英里外就能闻到麻烦的味道。
VictorDialog_Wasteland_2,刚滚进一个空城镇，我的皮肤开始发痒了。
VictorDialog_Wasteland_3,我的直觉告诉我该往这边走。而我一向相信直觉。
VictorDialog_Wasteland_4,前面好像有场混战。没什么是老维克多搞不定的！
VictorDialog_Wasteland_5,有几个混蛋想伏击我。那当然不行。
VictorDialog_Wasteland_6,听起来有麻烦。该溜了！
VictorDialog_Wasteland_7,嘿，你个卑鄙的啮齿动物。别啃我的轮子！
VictorDialog_Wasteland_8,我确实听到什么了……
VictorDialog_Wasteland_9,死神找上你了，我发誓！
VictorDialog_Wasteland_10,呀吼！
VictorDialog_Wasteland_11,敌人！祈祷吧，亡命徒！
VictorDialog_Wasteland_12,有点不对劲……最好机灵点。
VictorDialog_Wasteland_13,拔枪吧，伙伴！嘿嘿。只是练习。
VictorDialog_Wasteland_14,这里真是寂寞啊。
VictorDialog_Wasteland_15,真是倒霉。以为找到了好东西，结果只是垃圾。
VictorDialog_Wasteland_16,得让几只鼹鼠好好休息一下。真是迷人的生物！
VictorDialog_Wasteland_17,我想小睡片刻，顺便把轮子里的辐射蟑螂清理掉。
VictorDialog_Wasteland_18,嗯……为什么我觉得以前来过这里？
VictorDialog_Wasteland_19,哦，给我一个家，让辐射蟑螂漫游，鼹鼠和杀人蜂玩耍……
VictorDialog_Wasteland_20,这些废墟真有看头。让人好奇以前这里是什么样。
VictorDialog_Wasteland_21,我要看着你死，害虫！
VictorDialog_Wasteland_22,那是什么？听起来像有声音。恐怕得小心点……
VictorDialog_Wasteland_23,让我看看，接下来该往哪走？
VictorDialog_Wasteland_24,门锁了。看来只能硬砸开了！
VictorDialog_Wasteland_25,如果有人听着，我只想说……希望你一切安好，搭档。
VictorDialog_Wasteland_26,我看到远处有些超级变种人。不知道他们是否友好。
VictorDialog_Wasteland_27,我看是时候随便选个方向，然后出发了！
VictorDialog_Wasteland_28,能有点独处时间真是太好了。
VictorDialog_Wasteland_29,哼嘀嘀嘟，嘟嘟嘀嘟……
VictorDialog_Wasteland_30,哎呀呀，看看那只死亡爪。真是个大块头。我最好离它远远的。
VictorDialog_Wasteland_31,妖怪？不如叫“现在去死！”
VictorDialog_Wasteland_32,我敢说这些废墟在末日之前会被叫做“廉价酒吧”。现在它们全都是廉价酒吧了！
VictorDialog_Wasteland_33,老天爷，一套真正的动力装甲！不知道合不合我身……
VictorDialog_Wasteland_34,这里确实有很多空注射器。
VictorDialog_Wasteland_35,前面好像有个卡萨多蜂巢。它们对机器人不太感兴趣。
VictorDialog_Wasteland_36,你知道他们怎么说的。当你在路上看到岔路时，就选它走！
VictorDialog_Wasteland_37,我想我该往北走。
VictorDialog_Wasteland_38,我想我该往东走。
VictorDialog_Wasteland_39,我想我该往西走。
VictorDialog_Wasteland_40,我想我该往南走。
VictorDialog_Wasteland_41,这看起来曾经是个农场。现在这里有老实正派的活儿干。
VictorDialog_Wasteland_42,看看这可怜的、碎成渣的保护者。也许罗伯科的做工没那么好。
VictorDialog_Wasteland_43,呜呼——哎呀！差点被那枚破片地雷炸飞。我真不小心。
VictorDialog_Wasteland_44,看来我正往北走。不如继续前进吧！
VictorDialog_Wasteland_45,看来我正往东走。不如继续前进吧！
VictorDialog_Wasteland_46,看来我要往西走了。那就继续一往无前吧！
VictorDialog_Wasteland_47,看来我要往南走了。那就继续一往无前吧！
VictorDialog_Wasteland_48,瞧瞧这个。一张黑桃A！今天真是我的幸运日。
VictorDialog_Wasteland_49,不知道豪斯先生这会儿在忙什么呢。
VictorDialog_Wasteland_50,简直跟正午的莫哈维一样热。等等……现在就是莫哈维的正午！
VictorDialog_WeaponsWorkshop_01,这火力可够猛的！
VictorDialog_OutfitWorkshop_01,给老维克弄件棉衬衫和皮马甲得花多少钱？
VictorDialog_Armory_01,老维克可以教你几招百步穿杨的诀窍。
VictorDialog_Athletics_01,真神奇，人类不用轮子也能到处跑。
VictorDialog_Bar_01,要我给你来点烧酒压压惊不？
VictorDialog_Cafeteria_01,我自己从不觉得吃有什么意思。但我可喜欢烹饪啦！
VictorDialog_Classroom_01,知识胜过任何武器。毕竟，你可以学会如何制造武器！
VictorDialog_Fitness_01,人类可真了不起。你们越用身体，身体就越强壮！
VictorDialog_GameRoom_01,不是我爱自吹自擂，但这行里任何赌场游戏我都能搞定。
VictorDialog_GameRoom_02,咿哈！又是二十一点！你今天手气真旺啊，朋友！
VictorDialog_Gym_01,对于那些没有内置液压系统的人来说，力量训练非常重要。
VictorDialog_Hydroponics_01,啊，多漂亮的房间。我可以整天看着这些植物。
VictorDialog_LivingQuarters_01,不知道那些人在后屋里搞些什么名堂。
VictorDialog_LivingQuarters_02,冒昧问一下，你需要充多少小时的电？真该死！
VictorDialog_Medbay_01,我觉得就算是人类能自愈的身体也有它的极限。
VictorDialog_Nuka Cola_01,大热天来瓶冰镇沙士，没啥比这更棒了。
VictorDialog_PowerGenerator_01,这房间照亮了我的生活。不，真的！它照亮了！
VictorDialog_RadioStation_01,下次请继续收听Vic的复古精选，就在……五秒后。
VictorDialog_Reactor_01,跳进去可不是什么好主意。不过，也许会很有趣！
VictorDialog_ScienceLab_01,你知我知，我这脑子可不擅长那些科学玩意儿。
VictorDialog_StorageRoom_01,这不只是杂物。每件东西都有它自己的故事，伙计。
VictorDialog_WaterPlant_01,不知怎的，我在这房间里感到有威胁。
VictorDialog_WaterPurification_01,RobCo把我造得100%防水，能承受400英尺水深。不过我可没打算去测试，记住。
NewVegasB_Description,新维加斯需要你的关注，监督者。建造一座新的避难所，以保护和支援该地区的避难所科技盟友。招募关键人员，清除所有敌对目标，让新维加斯的烽火照亮废土！愿幸运女神眷顾你！
Shop_SeasonPass_NewVegasB_Blurb,"解锁所有赛季奖励：
- 新的避难所外观[-][F7C531]主题[-]
- 新的生活区[-][F7C531]主题[-]
- [-][F7C531]新居民[-]以及[-][F7C531]更多！[-]"
Shop_SeasonPass_NewVegasB_Description,使用此通行证充分享受赛季。解锁高级奖励路线，包含避难所外观主题、居住区主题、全新传奇居民等。你可以在所有避难所中领取奖励。
Shop_SeasonPass_NewVegasBPremium_Blurb,"普通赛季通行证的所有福利，外加：
- 专属[-][F7C531]维克托助手[-]和[-][F7C531]服装[-]
- [-][F7C531]额外[-]宠物、服装和武器
- [-][F7C531]25枚徽章[-]立即提升赛季等级"
Shop_SeasonPass_NewVegasB_Premium_Description,"将你的赛季通行证提升至下一等级。获取普通通行证的所有福利以及以下内容：25枚赛季徽章、维克托（巧手先生同类）、露西的黄色连衣裙、重型雇佣兵装备、威尔齐格的旅行装、便装休闲服、铅腹吐息枪、2个宠物笼和5,000瓶盖。"
SeasonPass_EndingSoon_NewVegasB,"赛季通行证即将结束！完成挑战或使用量子可乐解锁奖励。
在高级路线达到20级即可获得专属的幸运38俱乐部顶层居住区主题，仅限本赛季。"
Outfit_Name_JailhouseRocker,监狱摇滚装
Outfit_Description_JailhouseRocker,大灾变前猫王监狱摇滚装的复刻版。新维加斯帮派'王党'的穿着。
Outfit_Name_LucysYellowDress,露西的黄色连衣裙
Outfit_Description_LucysYellowDress,穿上它仿佛回到战前的天真时光。你几乎能听见炸弹落下……
Outfit_Name_NCRPowerArmor,NCR动力装甲
Outfit_Description_NCRPowerArmor,NCR动力装甲，经过回收和改装，任何人都能使用。
Generic_Lunchbox,午餐盒
Objective_KillRadroaches,杀死一只辐蟑
Objective_KillRadroaches_Plural,杀死 {0} 只辐蟑
QuestLoc_NVB_QL2_Leftovers_1_Question2,天大的慈悲！
QuestLoc_NVB_QL2_Leftovers_1_QuestLongDesc,一些狡猾的掠夺者闯入了我们的避难所，抢走了关键物资。我们追踪他们到了新维加斯附近一处被遗弃的避难所科技场地。
QuestLoc_NVB_QL2_Leftovers_1_QuestName,万脑之母
QuestLoc_NVB_QL2_Leftovers_1_QuestObjective1,与窃贼头目对峙
QuestLoc_NVB_QL2_Leftovers_1_QuestObjective2,揭露窃贼的真实面目
QuestLoc_NVB_QL2_Leftovers_1_QuestObjective3,夺回我们的物资
QuestLoc_NVB_QL2_Leftovers_1_QuestShortDesc,追捕匪徒。终结他们的偷窃行径。
QuestLoc_NVB_QL2_Leftovers_1_Question0_Line1,扫描中...避难所科技身份识别...访问已授权。
QuestLoc_NVB_QL2_Leftovers_1_Question0_Line1_Answer1,实验「Molespy」失败。敌对生物已占据该建筑。
QuestLoc_NVB_QL2_Leftovers_1_Question0_Line1_Answer2,无法执行。变异的鼹鼠居民控制着设施。
QuestLoc_NVB_QL2_Leftovers_1_Question0_Line1_Answer3,「物品」未定义。「匪徒」未定义。设施被智能鼹鼠攻占。
QuestLoc_NVB_QL2_Leftovers_1_Question0_Line1_Choice1,快告诉我更多关于这次爆发的事！
QuestLoc_NVB_QL2_Leftovers_1_Question0_Line1_Choice2,封锁建筑，用毒气淹没它。
QuestLoc_NVB_QL2_Leftovers_1_Question0_Line1_Choice3,你有没有看见一伙扛着一堆东西的匪徒？
QuestLoc_NVB_QL2_Leftovers_1_Question0_Line2,警报：距离上次实验对象逃脱已有<1>天！
QuestLoc_NVB_QL2_Leftovers_1_Question1,谁在我们的墙内悲哀游荡？
QuestLoc_NVB_QL2_Leftovers_1_Question1_Answer1,最好相信我们会以牙还牙。
QuestLoc_NVB_QL2_Leftovers_1_Question1_Answer2,入侵者的侮辱招致即刻的干涉。
QuestLoc_NVB_QL2_Leftovers_1_Question1_Answer3,理性的反驳带来回报。自由自在地游荡。
QuestLoc_NVB_QL2_Leftovers_1_Question1_Choice1,神圣监督者！一只会说话的鼹鼠！我能摸摸你吗？
QuestLoc_NVB_QL2_Leftovers_1_Question1_Choice2,这不对劲。害虫不该说话。
QuestLoc_NVB_QL2_Leftovers_1_Question1_Choice3,我们想去哪就去哪，你这冒牌袋熊！
QuestLoc_NVB_QL2_Leftovers_1_Question3,愚蠢的小队在找我们的藏匿处？立刻停下否则杀无赦。
QuestLoc_NVB_QL2_Leftovers_1_Question3_Answer1,野蛮人的暴行！
QuestLoc_NVB_QL2_Leftovers_1_Question3_Answer2,这信物证明我们渴望安宁。拿着它，滚蛋吧。
QuestLoc_NVB_QL2_Leftovers_1_Question3_Answer3,无情的抵抗需要还击。
QuestLoc_NVB_QL2_Leftovers_1_Question3_Choice1,所以你认罪了？该切些鼹鼠肉排了！
QuestLoc_NVB_QL2_Leftovers_1_Question3_Choice2,想要我们走？告诉我们我们的东西在哪。
QuestLoc_NVB_QL2_Leftovers_1_Question3_Choice3,呃……滚蛋吧，害虫崽子们！这伙人会把你们老巢砸烂！懂？
QuestLoc_NVB_QL2_Leftovers_1_Question4_Line1,这里有个终端机。
QuestLoc_NVB_QL2_Leftovers_1_Question4_Line1b,<搜索信息>
QuestLoc_NVB_QL2_Leftovers_1_Question4_Line2,鼹鼠被植入了脑芯片。当间谍失败了，却变成了小偷。
QuestLoc_NVB_QL2_Leftovers_1_Question4_Line3,干掉巢母应该就能结束它们的恶作剧。但还有更多……
QuestLoc_NVB_QL2_Leftovers_1_Question4_Line4,<阅读其他失败的实验记录>
QuestLoc_NVB_QL2_Leftovers_1_Question4_Line5,还有更多设施要关闭？我们先把这里解决了，再去调查。
QuestLoc_NVB_QL2_Leftovers_1_Question5,嘿！瓶盖、垃圾、服装。我们被偷的东西就在这儿。快拿了走人。
QuestLoc_NVB_QL2_Leftovers_1_Question5_Answer1,等等！鼹鼠是啮齿类动物吗？
QuestLoc_NVB_QL2_Leftovers_1_Question5_Choice1,不过还是得先解决这些啮齿动物……
QuestLoc_NVB_QL2_Leftovers_1_Question6,瞻仰智慧虫母！在比你强的存在面前低头吧。
QuestLoc_NVB_QL2_Leftovers_1_Question6_Answer1,蹩脚的双关证明你洞察力贫乏。准备灭亡吧。
QuestLoc_NVB_QL2_Leftovers_1_Question6_Answer2,尖刻地证明我们对恶徒的暴力是正当的。
QuestLoc_NVB_QL2_Leftovers_1_Question6_Answer3,沉默吧，邪恶的陌生人，屈服于我们的打击！
QuestLoc_NVB_QL2_Leftovers_1_Question6_Choice1,花哨的说辞，不过是一群古怪的土匪！鼹鼠派拉特？
QuestLoc_NVB_QL2_Leftovers_1_Question6_Choice2,会说话的鼹鼠已经没什么新鲜感了。该除害了。
QuestLoc_NVB_QL2_Leftovers_1_Question6_Choice3,天啊！我想学你说话，但头韵太难了！
QuestLoc_NVB_QL2_Leftovers_2_QuestLongDesc,当我们捣毁鼹鼠帮时，发现了一系列失败的实验，每一个都威胁着新维加斯的安全。下一个实验涉及尸鬼。
QuestLoc_NVB_QL2_Leftovers_2_QuestName,我们的一员
QuestLoc_NVB_QL2_Leftovers_2_QuestObjective1,终结统一
QuestLoc_NVB_QL2_Leftovers_2_QuestShortDesc,调查避难所科技公司的尸鬼精神控制实验
QuestLoc_NVB_QL2_Leftovers_2_Question0,欢迎！我们是一体。倾听我们的声音。与我们的集体意识对话。
QuestLoc_NVB_QL2_Leftovers_2_Question0_Answer1,谈论我们时请用复数！我们是和平的化身。举个例子：你可以通行。
QuestLoc_NVB_QL2_Leftovers_2_Question0_Answer2,我们终结了嫉妒。我们消除了冲突。那是失败吗？我们担心你们眼中的成功。
QuestLoc_NVB_QL2_Leftovers_2_Question0_Answer3,哦，天真的纷争之子！要是你曾品尝过我们的宁静就好了。
QuestLoc_NVB_QL2_Leftovers_2_Question0_Choice1,搞什么？这些尸鬼进化出蜂巢思维了？
QuestLoc_NVB_QL2_Leftovers_2_Question0_Choice2,切……又一个失败的实验，我明白了。
QuestLoc_NVB_QL2_Leftovers_2_Question0_Choice3,集体思维！这肯定是共党的诡计！拿起武器！
QuestLoc_NVB_QL2_Leftovers_2_Question1,停止攻击。加入我们。我们有新鲜的肉。
QuestLoc_NVB_QL2_Leftovers_2_Question1_Answer1,鲍勃是肉。你是肉。我们是肉。让我们来展示给你看。
QuestLoc_NVB_QL2_Leftovers_2_Question1_Answer2,孤独是比死亡更可怕的命运。我们会赐予你平静，并充实我们的储藏室。
QuestLoc_NVB_QL2_Leftovers_2_Question1_Answer3,那么我们就平息这骚动，把你们加入肉类储备。
QuestLoc_NVB_QL2_Leftovers_2_Question1_Choice1,这新鲜的肉是鲍勃吗？他在这附近失踪了。
QuestLoc_NVB_QL2_Leftovers_2_Question1_Choice2,好啊，我们来烧烤吧，就在你们剥去我们独特之处的同时！
QuestLoc_NVB_QL2_Leftovers_2_Question1_Choice3,你不会想要我的思想加入你们的混合物。它……不正常。
QuestLoc_NVB_QL2_Leftovers_2_Question2,请听我们说完。难道你们不想寻求从焦虑中解脱吗？不再有仇恨。不再有怨恨。
QuestLoc_NVB_QL2_Leftovers_2_Question2_Answer1,无聊？当每个声音齐声歌唱时？想想吧，流浪者。
QuestLoc_NVB_QL2_Leftovers_2_Question2_Answer2,哦……好吧，老实说，我们没预料到会同意。给我们一天时间……考虑一下。
QuestLoc_NVB_QL2_Leftovers_2_Question2_Choice1,那么当你们一定很无聊吧。
QuestLoc_NVB_QL2_Leftovers_2_Question2_Choice2,知道吗？你说得有道理。我该在哪里签字？
QuestLoc_NVB_QL2_Leftovers_2_Question2_Choice3,等你身上满是铅弹，看你还动不动感情。
QuestLoc_NVB_QL2_Leftovers_2_Question3,你知道吗：75%的废土居民都幻想过尸鬼？加入我们的后核子后宫，像我们一样。
QuestLoc_NVB_QL2_Leftovers_2_Question3_Answer1,那是因为你从没参加过我们的晚会。你的损失。
QuestLoc_NVB_QL2_Leftovers_2_Question3_Answer2,分裂。内讧。享受你们这种无法触及的少数吧。
QuestLoc_NVB_QL2_Leftovers_2_Question3_Answer3,我们永无终结，因为我们人数众多。
QuestLoc_NVB_QL2_Leftovers_2_Question3_Choice1,免了。我的爱情生活不涉及受辐照的肉体。
QuestLoc_NVB_QL2_Leftovers_2_Question3_Choice2,那我就是那剩下的25%。不用了。
QuestLoc_NVB_QL2_Leftovers_2_Question3_Choice3,你这推销可真卖力。你知道我们是来干掉你们的，对吧？
QuestLoc_NVB_QL2_Leftovers_2_Question4,哇啊啊啊啊啊！
QuestLoc_NVB_QL2_Leftovers_2_Question4_Choice1,那是野生死亡爪？还是蜂巢意识的一部分？不管了：它冲过来了！
QuestLoc_NVB_QL2_Leftovers_2_Question5_Line1,加入我们的社区。我们是自由人的终极形态。
QuestLoc_NVB_QL2_Leftovers_2_Question5_Line1_Answer1,我们可以解决这个问题，用吃掉你的大脑的方式！
QuestLoc_NVB_QL2_Leftovers_2_Question5_Line1_Answer2,典型的以自我为中心的思维。摆脱那个自我。来，我们会帮你。
QuestLoc_NVB_QL2_Leftovers_2_Question5_Line1_Choice1,哦哦……集体大脑说漏嘴了？
QuestLoc_NVB_QL2_Leftovers_2_Question5_Line1_Choice2,这家伙有静音按钮吗？我快受不了你的唠叨了。
QuestLoc_NVB_QL2_Leftovers_2_Question5_Line2,我们绝对不是由电脑控制的实验。
QuestLoc_NVB_QL2_Leftovers_2_Question6_Line1,这台电脑看起来很可疑。黑掉它！
QuestLoc_NVB_QL2_Leftovers_2_Question6_Line1_Answer1,这够他们忙到天荒地老了。我们溜吧。
QuestLoc_NVB_QL2_Leftovers_2_Question6_Line1_Answer2,有一张纸条：<Detonation will occur after departure.> 我们真走运！
QuestLoc_NVB_QL2_Leftovers_2_Question6_Line1_Answer3,上面写着<个体从集体中分离。沉默与绝望即将来临。>我们的任务完成了！
QuestLoc_NVB_QL2_Leftovers_2_Question6_Line1_Choice1,<选择：让一半对抗另一半>
QuestLoc_NVB_QL2_Leftovers_2_Question6_Line1_Choice2,<按下标记为BOOM的按钮>
QuestLoc_NVB_QL2_Leftovers_2_Question6_Line1_Choice3,<选择个人主义模式>
QuestLoc_NVB_QL2_Leftovers_2_Question6_Line2,我明白了。这些尸鬼通过这台电脑联网。我们怎么办？
QuestLoc_NVB_QL2_Leftovers_3_QuestLongDesc,接下来要关闭的失败实验：避难所科技释放了哲学的颠覆性力量。所有人的理智都岌岌可危。
QuestLoc_NVB_QL2_Leftovers_3_QuestName,智斗
QuestLoc_NVB_QL2_Leftovers_3_QuestObjective1,证明你的超凡智力……或枪法
QuestLoc_NVB_QL2_Leftovers_3_QuestObjective2,解决一场存在主义争端
QuestLoc_NVB_QL2_Leftovers_3_QuestObjective3,分享你对战争的看法
QuestLoc_NVB_QL2_Leftovers_3_QuestShortDesc,与那些“哲学家”会面，让它们见识一下真实的生活！
QuestLoc_NVB_QL2_Leftovers_3_Question0_Line1,请不要把我们压扁。我们和你们一样有知觉。
QuestLoc_NVB_QL2_Leftovers_3_Question0_Line1_Answer1,我们不知道“汽车音乐”是什么。但希望你因此仁慈。是吗？
QuestLoc_NVB_QL2_Leftovers_3_Question0_Line1_Answer2,啊！成为人类审美偏见的受害者而消亡！
QuestLoc_NVB_QL2_Leftovers_3_Question0_Line1_Answer3,给。你们人类珍惜没用的饮料容器残余，对吧？
QuestLoc_NVB_QL2_Leftovers_3_Question0_Line1_Choice1,先是鼹鼠，现在是辐射蟑螂？避难所科技要把废土变成卡通片？
QuestLoc_NVB_QL2_Leftovers_3_Question0_Line1_Choice2,抱歉！我应该生得可爱又惹人抱的。
QuestLoc_NVB_QL2_Leftovers_3_Question0_Line1_Choice3,也许……如果你们能给我们不是垃圾的东西。
QuestLoc_NVB_QL2_Leftovers_3_Question0_Line2,我们珍爱生命。我们害怕痛苦。和你们一样。
QuestLoc_NVB_QL2_Leftovers_3_Question1_Line1,侵略者。我们致力于和平与追求思想。
QuestLoc_NVB_QL2_Leftovers_3_Question1_Line1_Answer1,为何更高的智慧常常导致残忍？
QuestLoc_NVB_QL2_Leftovers_3_Question1_Line1_Answer2,你们的战争让世界几乎空无一物。我们无意伤害你们。你们可以自由活动。
QuestLoc_NVB_QL2_Leftovers_3_Question1_Line1_Answer3,我们这里确实存了些瓶子。这是机缘巧合吗？
QuestLoc_NVB_QL2_Leftovers_3_Question1_Line1_Choice1,因为好玩啊！“咻”的一声，然后虫子汁到处飞。咱们去踩个痛快。
QuestLoc_NVB_QL2_Leftovers_3_Question1_Line1_Choice2,你口口声声说和平，可照你们这么繁殖，要不了多久你就需要更多空间了吧？我们的空间？
QuestLoc_NVB_QL2_Leftovers_3_Question1_Line1_Choice3,我这有个“主意”：交出量子可乐，否则死！
QuestLoc_NVB_QL2_Leftovers_3_Question1_Line2,你为什么用那些夺命的靴子污染我们的土地？
QuestLoc_NVB_QL2_Leftovers_3_Question2_Line1,战争的需要造就了我们。所以告诉我们……
QuestLoc_NVB_QL2_Leftovers_3_Question2_Line1_Answer1,啊！我们作为战争机器，命运无法逃脱，无论我们多么厌恶。
QuestLoc_NVB_QL2_Leftovers_3_Question2_Line1_Answer2,一个享乐主义者加一个施虐狂。今天是我们的大难之日。
QuestLoc_NVB_QL2_Leftovers_3_Question2_Line1_Answer3,勒索……真是……有人性啊！
QuestLoc_NVB_QL2_Leftovers_3_Question2_Line1_Choice1,我听说战争从未改变。但会说话的辐射蟑螂？这个改变我们可接受不了。
QuestLoc_NVB_QL2_Leftovers_3_Question2_Line1_Choice2,战争很好玩！就像……我们正要跟你开战，而且我们会玩得很开心。
QuestLoc_NVB_QL2_Leftovers_3_Question2_Line1_Choice3,进贡就能避免战争！
QuestLoc_NVB_QL2_Leftovers_3_Question2_Line2,如果战争给了你生命，那它算好事吗？
QuestLoc_NVB_QL2_Leftovers_3_Question3_Line1,你碾死一只蟑螂时连想都不会想。
QuestLoc_NVB_QL2_Leftovers_3_Question3_Line1_Answer1,我们是幸存者。我们坚韧不拔。这不美吗？请一边走一边想想吧。
QuestLoc_NVB_QL2_Leftovers_3_Question3_Line1_Answer2,你是个刻薄的家伙……
QuestLoc_NVB_QL2_Leftovers_3_Question3_Line1_Answer3,其实呢，蝴蝶是从幼虫变来的，不是蠕虫，而且……哦！呃！把那武器放下……
QuestLoc_NVB_QL2_Leftovers_3_Question3_Line1_Choice1,这就是美的暴政。蝴蝶很美。你？就没那么美了。
QuestLoc_NVB_QL2_Leftovers_3_Question3_Line1_Choice2,要是你涂点颜色，学会优雅地飞……再努力一点……
QuestLoc_NVB_QL2_Leftovers_3_Question3_Line1_Choice3,这是彻底的蜕变……从虫子到奇迹。丑小鸭什么的。
QuestLoc_NVB_QL2_Leftovers_3_Question3_Line2,然而却认为撕碎蝴蝶是邪恶的行为。这是为什么？
QuestLoc_NVB_QL2_Leftovers_3_Question4_Line1,避难所科技当然赋予了我们意识这份礼物。
QuestLoc_NVB_QL2_Leftovers_3_Question4_Line1_Answer1,为自由而挣扎的战奴会使用任何必要的手段。举个例子。
QuestLoc_NVB_QL2_Leftovers_3_Question4_Line1_Answer2,那我们就做必须做的事。
QuestLoc_NVB_QL2_Leftovers_3_Question4_Line1_Answer3,有趣的思路。来，收下这份礼物……还是诅咒？
QuestLoc_NVB_QL2_Leftovers_3_Question4_Line1_Choice1,你……你刚才承认了大屠杀？
QuestLoc_NVB_QL2_Leftovers_3_Question4_Line1_Choice2,我们现在是你的新主人，我们发现你……有所欠缺。
QuestLoc_NVB_QL2_Leftovers_3_Question4_Line1_Choice3,意识是礼物……还是诅咒？
QuestLoc_NVB_QL2_Leftovers_3_Question4_Line2,那么，背叛我们的主人是错误的吗？
QuestLoc_NVB_QL2_Leftovers_3_Question5,救命！辐射蟑螂抓住了我们，逼我们思考。这简直是折磨！
QuestLoc_NVB_QL2_Leftovers_3_Question5_Answer1,我们期待再次变得麻木。收下这个作为奖励吧。
QuestLoc_NVB_QL2_Leftovers_3_Question5_Answer3,不——你和他们是一伙的！
QuestLoc_NVB_QL2_Leftovers_3_Question5_Choice1,没错！我也更喜欢头脑安静。别动，我们会继续砸。
QuestLoc_NVB_QL2_Leftovers_3_Question5_Choice2,那就见证我们的慈悲之举吧！
QuestLoc_NVB_QL2_Leftovers_3_Question5_Choice3,我在哪听说过这代表你存在。所以……也许你该感恩？
QuestLoc_NVB_QL2_Leftovers_3_Question6_Line1,你能帮我们解决这个两难问题吗？
QuestLoc_NVB_QL2_Leftovers_3_Question6_Line1_Answer1,那就一边走一边琢磨：是谁定义了痛苦，不过是多数人用来压迫少数人？
QuestLoc_NVB_QL2_Leftovers_3_Question6_Line1_Answer2,那我们得行使多数人的权力来阻止你。
QuestLoc_NVB_QL2_Leftovers_3_Question6_Line1_Answer3,但我们人数众多，寻求启蒙，却被你这样的自私者威胁。贿赂能行得通吗？
QuestLoc_NVB_QL2_Leftovers_3_Question6_Line1_Choice1,如果一人的行为给众人带来痛苦，那么这个人必须被阻止。
QuestLoc_NVB_QL2_Leftovers_3_Question6_Line1_Choice2,我就是故事里的那个人，对吧？来碾压众人的！
QuestLoc_NVB_QL2_Leftovers_3_Question6_Line1_Choice3,如果嫉妒不受约束，人类的创造力就会消失。哦等等，你不是人类！
QuestLoc_NVB_QL2_Leftovers_3_Question6_Line2,为了众人的嫉妒而牺牲一个人的野心，这有错吗？
QuestLoc_NVB_QL2_Leftovers_3_Question7_Line1,你见过我们的同胞吗？你听过他们的智慧吗？
QuestLoc_NVB_QL2_Leftovers_3_Question7_Line1_Answer1,所以你的意思是：生命转瞬即逝……随时可能结束？
QuestLoc_NVB_QL2_Leftovers_3_Question7_Line1_Answer2,啊！一个白痴天才！你需要这个才能在废土生存。至于我们，我们保证留在这里。
QuestLoc_NVB_QL2_Leftovers_3_Question7_Line1_Answer3,然而生命以生命为食来维持自身存在。就像我们会大餐一顿你的尸体。
QuestLoc_NVB_QL2_Leftovers_3_Question7_Line1_Answer4,这就是你们人类如此热爱工具的原因吗？拿着这个，去证明你活着！我们不会离开这个避难所，保证。
QuestLoc_NVB_QL2_Leftovers_3_Question7_Line1_Choice1,所以你是头儿，我猜？去死吧！
QuestLoc_NVB_QL2_Leftovers_3_Question7_Line1_Choice2,人生就像一盒糖弹！你总是知道会得到什么：垃圾！
QuestLoc_NVB_QL2_Leftovers_3_Question7_Line1_Choice3,爱。因为所有生命都源于爱的行为。
QuestLoc_NVB_QL2_Leftovers_3_Question7_Line1_Choice4,人生就是战场！只有能够捍卫它，你才能拥有它。
QuestLoc_NVB_QL2_Leftovers_3_Question7_Line2,如果是这样，告诉我们：生命的意义是什么？
QuestLoc_NVB_QL2_Leftovers_4_CombatInit1,噪音。它在密谋。钻破肚脐！
QuestLoc_NVB_QL2_Leftovers_4_CombatInit6,这是禁区。准备被大卸八块吧。
QuestLoc_NVB_QL2_Leftovers_4_QuestLongDesc,我们找到了所有失败实验的控制地点。是时候一劳永逸地终结它们了。
QuestLoc_NVB_QL2_Leftovers_4_QuestName,避难所中的低语
QuestLoc_NVB_QL2_Leftovers_4_QuestObjective1,关闭安全主机
QuestLoc_NVB_QL2_Leftovers_4_QuestObjective2,关闭科学主机
QuestLoc_NVB_QL2_Leftovers_4_QuestObjective3,关闭命令主机
QuestLoc_NVB_QL2_Leftovers_4_QuestShortDesc,终结所有实验
QuestLoc_NVB_QL2_Leftovers_4_QuestionSTART_Line1,我感觉……不对劲。微弱尖锐的嗡鸣回荡在我脑海边缘。
QuestLoc_NVB_QL2_Leftovers_4_QuestionSTART_Line2,就像在榨干我的理智。
QuestLoc_NVB_QL2_Leftovers_4_Question0,紫色一片死寂！可它啊啊啊啊啊在尖叫！
QuestLoc_NVB_QL2_Leftovers_4_Question0_Answer1,异端宣告着盲目的毯子！
QuestLoc_NVB_QL2_Leftovers_4_Question0_Answer2,给它时间。给它永恒。
QuestLoc_NVB_QL2_Leftovers_4_Question0_Choice1,悠着点，不稳的家伙……紫色是一种颜色。它不会发出声音。
QuestLoc_NVB_QL2_Leftovers_4_Question0_Choice2,嗯……我能听到一些奇怪的嗡嗡声。非常微弱。
QuestLoc_NVB_QL2_Leftovers_4_Question2_Line1,那些化学药物。一个可怜的病房。我知道。我知道。
QuestLoc_NVB_QL2_Leftovers_4_Question2_Line1_Answer1,不。不。赛科。赛科有用。但你需要伤害。
QuestLoc_NVB_QL2_Leftovers_4_Question2_Line1_Choice1,所以你给自己打了什么？敏达？
QuestLoc_NVB_QL2_Leftovers_4_Question2_Line1_Choice2,关闭多个主机！明白了！
QuestLoc_NVB_QL2_Leftovers_4_Question2_Line2,那些主机。它们连接一切。每个人。所有站点……
QuestLoc_NVB_QL2_Leftovers_4_Question3_Line1,这里有主机访问点。快速破解就能进去。
QuestLoc_NVB_QL2_Leftovers_4_Question3_Line2,<关闭所有自动化实验>
QuestLoc_NVB_QL2_Leftovers_4_Question3_Line3,看来我们关闭了这个站点以及所有连接的其他实验室。
QuestLoc_NVB_QL2_Leftovers_4_Question4,你对着电线低语吗？感受电流？
QuestLoc_NVB_QL2_Leftovers_4_Question4_Answer1,你不能。只能留一个。
QuestLoc_NVB_QL2_Leftovers_4_Question4_Answer2,你不是那个人。
QuestLoc_NVB_QL2_Leftovers_4_Question4_Answer3,是的。是的。主……不——你惹它生气了！
QuestLoc_NVB_QL2_Leftovers_4_Question4_Choice1,我头越来越疼了。我几乎能理解你了。
QuestLoc_NVB_QL2_Leftovers_4_Question4_Choice2,呃……让我试试这个。但理性之光让你重归完整。
QuestLoc_NVB_QL2_Leftovers_4_Question4_Choice3,我们是来帮忙的。我们在找办法关闭让你痛苦的东西。
QuestLoc_NVB_QL2_Leftovers_4_Question5_Line1,是主机之一！让我们破解密码吧！
QuestLoc_NVB_QL2_Leftovers_4_Question5_Line2,<启动内部安全清除模式>
QuestLoc_NVB_QL2_Leftovers_4_Question5_Line3,下次系统更新时应该会生效。希望我们及时出去。
QuestLoc_NVB_QL2_Leftovers_4_Question7,藏匿处……那个声音说不行。想要？
QuestLoc_NVB_QL2_Leftovers_4_Question7_Answer2,那就没有藏匿处。没意思。
QuestLoc_NVB_QL2_Leftovers_4_Question7_Choice1,是。
QuestLoc_NVB_QL2_Leftovers_4_Question7_Choice2,如果那个声音说不……
QuestLoc_NVB_QL2_Leftovers_4_Question7_Choice3,不，我想要另一个。
QuestLoc_NVB_QL2_Leftovers_4_Question8_Line1,这台主机。看起来很重要，而且很吵。
QuestLoc_NVB_QL2_Leftovers_4_Question8_Line2,<永久封锁所有站点>
QuestLoc_NVB_QL2_Leftovers_4_Question8_Line3,得等我们出去之后，对吧？对吧？豁出去了……
QuestLoc_NVB_QL2_Leftovers_QuestLineName,残余
Message_Tutorial_ArrivalWidgetReadyToClaim,你的新居民已到达！{TAP}他们的图标来招募。
Message_Tutorial_ArrivalWidgetReadyToClaim_PC,你的新居民已到达！{CLICK}他们的图标来招募。
Message_Tutorial_ArrivalWidgetReadyToClaim_Xbox,你的新居民已到达！{SELECT}他们的图标来招募。
Message_Tutorial_ArrivalWidgetClaimDweller,{TAP} 点击 {CLAIM BUTTON} 招募新居民。
Message_Tutorial_ArrivalWidgetClaimDweller_PC,{CLICK} 点击 {CLAIM BUTTON} 招募新居民。
Message_Tutorial_ArrivalWidgetClaimDweller_Xbox,{SELECT} 选中 {CLAIM BUTTON} 招募新居民。
Message_Tutorial_ArrivalWidgetHighlightDweller,别忘了把你的新居民 {ASSIGN} 到避难所！
SeasonModal_Leaderboard_ScoreInfoPopup_ActionsList_NewVegasA,"• 建造房间
• 升级房间
• 获取居民
• 完成任务
• 打出暴击"
SpinToWin_Info_ActionsList,"• 每日登录
• 观看视频广告
• 完成赛季任务
• 搜刮任务容器
• 招募赛季居民"
SeasonModal_Leaderboard_ScoreInfoPopup_ActionsList_NewVegasB,"• 建造房间
• 升级房间
• 获取居民
• 完成任务
• 打出暴击"
SeasonModal_Leaderboard_ScoreInfoPopup_ActionsList_Ultracite,"• 建造房间
• 升级房间
• 获取居民
• 抵御灼烧者攻击
• 开采超纤
• 制造超纤武器"
SeasonModal_Leaderboard_ScoreInfoPopup_BuildRooms,建造房间
NewVegasB_Title_Short,豪斯永远赢
NewVegasB_IntroPopup_Title,“豪斯总是赢”赛季现已开启
NewVegasB_SeasonEndPopup_Title,“豪斯总是赢”赛季已结束
NewVegasB_Title,避难所赛季：豪斯总是赢
NewVegasB_IntroPopup_Body,检验你作为监督者的技能，探索本季全新实验避难所！实验避难所引入了新的变化和独特奖励。赛季持续时间有限——别错过！
QuestLoc_HouseWarming_1_QuestName,派对到极致
QuestLoc_HouseWarming_QuestLineName,暖房派对
QuestLoc_HouseWarming_1_QuestLongDesc,我们正在为豪斯先生举办派对，希望邀请所有最有趣的人出席。唯一还没送达的邀请函是给马克西姆斯的！到赌城大道上找到他！
QuestLoc_HouseWarming_1_QuestShortDesc,将豪斯先生的派对邀请函交给马克西姆斯。
QuestLoc_HouseWarming_1_QuestObjective1,将邀请函交给马克西姆斯
QuestLoc_HouseWarming_1_CombatInit1,嘿！你打断了我的专注！我本来会赢的！
QuestLoc_HouseWarming_1_CombatInit2,我输大了！我要你的东西好下次赢大钱！
QuestLoc_HouseWarming_1_CombatInit3,器官！拿钱来买！
QuestLoc_HouseWarming_1_Question1,你好，欢迎来到狂野旺达！这是镇上唯一允许随意带枪的赌场。
QuestLoc_HouseWarming_1_Question1_2,需要我效劳吗？
QuestLoc_HouseWarming_1_Question1_Choice1,我们有张邀请函要给马克西姆斯。
QuestLoc_HouseWarming_1_Question1_Answer1,马克西姆斯，让我想想……对，他在这儿。希望你能找到他！当心那些输急眼的赌徒！
QuestLoc_HouseWarming_1_Question1_Choice2,见过穿兄弟会制服的人吗？
QuestLoc_HouseWarming_1_Question1_Answer2,哦，对，我记得。他就在那里面某处，希望还没挨枪子儿！
QuestLoc_HouseWarming_1_Question1_Choice3,只是想找点乐子。
QuestLoc_HouseWarming_1_Question1_Answer3,好极了。你看起来挺能打，说不定还能活着讲出这段经历！
QuestLoc_HouseWarming_1_Question2,你觉得自己运气好吗？我现在想的是哪个数字？
QuestLoc_HouseWarming_1_Question2_Choice1,五。
QuestLoc_HouseWarming_1_Question2_Answer1,啊哈，不对，下次运气好点吧。
QuestLoc_HouseWarming_1_Question2_Choice2,一百四十四。
QuestLoc_HouseWarming_1_Question2_Answer2,呃，这数字真恶心！拿你该得的吧！
QuestLoc_HouseWarming_1_Question2_Choice3,三十七。
QuestLoc_HouseWarming_1_Question2_Answer3,就是这个！你答对了！
QuestLoc_HouseWarming_1_Question3,为了所有瓶盖！红还是黑？
QuestLoc_HouseWarming_1_Question3_Choice1,红。
QuestLoc_HouseWarming_1_Question3_Answer1,它落在了……！红！你赢了！干得好。
QuestLoc_HouseWarming_1_Question3_Choice2,黑。
QuestLoc_HouseWarming_1_Question3_Answer2,它停在了……红色！你输了！太可惜了。下次好运。
QuestLoc_HouseWarming_1_Question3_Choice3,白色。
QuestLoc_HouseWarming_1_Question3_Answer3,那不是……呃，好吧，是红色。抱歉！
QuestLoc_HouseWarming_1_Question4,突然死亡二十一点！要牌还是停牌？
QuestLoc_HouseWarming_1_Question4_Choice1,要牌。
QuestLoc_HouseWarming_1_Question4_Answer1,爆牌！现在你死了！
QuestLoc_HouseWarming_1_Question4_Choice2,停牌。
QuestLoc_HouseWarming_1_Question4_Answer2,庄家赢！现在你死了！
QuestLoc_HouseWarming_1_Question4_Choice3,弃牌。
QuestLoc_HouseWarming_1_Question4_Answer3,赢的唯一方法就是不玩……干得好！
QuestLoc_HouseWarming_1_Question5,你、你好。我是马克西姆斯兄弟。我刚刚，呃，在检查这个地方。为了……科技。
QuestLoc_HouseWarming_1_Question5_Choice1,不关我事！快来参加豪斯先生的派对！
QuestLoc_HouseWarming_1_Question5_Answer1,哦。呼！酷。是啊，我喜欢派对。我，呃，到时候见。
QuestLoc_HouseWarming_1_Question5_Choice2,我们有一张给马克西姆斯的邀请函，请他去豪斯先生的惊喜派对。
QuestLoc_HouseWarming_1_Question5_Answer2,邀请函？给……给我的？是陷阱吗？不，避难所居民不会那么做。好吧。我会去的。
QuestLoc_HouseWarming_1_Question5_Choice3,豪斯先生非常想结识你。
QuestLoc_HouseWarming_1_Question5_Answer3,豪斯先生？他是……呃，当然。他为什么不想见我？我可是大人物！而且才华横溢！
QuestLoc_HouseWarming_2_QuestName,闪亮安保
QuestLoc_HouseWarming_2_QuestLongDesc,保安机器人应该是出色的守卫。去罗伯科总部找维克托，讨论豪斯先生派对的安保工作。
QuestLoc_HouseWarming_2_QuestShortDesc,为豪斯先生的派对组织安保工作。
QuestLoc_HouseWarming_2_QuestObjective1,测试保安机器人武器
QuestLoc_HouseWarming_2_QuestObjective2,测试保安机器人机动性
QuestLoc_HouseWarming_2_QuestObjective3,与维克托一起审批保安机器人安保方案
QuestLoc_HouseWarming_2_CombatInit1,见识下我们的高品质加特林激光枪！
QuestLoc_HouseWarming_2_CombatInit2,装上轮子，我们跑得比任何小偷或袭击者都快！
QuestLoc_HouseWarming_2_CombatInit3,我们保证不会攻击受邀宾客。除非他们先动手，就像这样！
QuestLoc_HouseWarming_2_CombatInit4,我们可以被编程得友好又健谈！
QuestLoc_HouseWarming_2_Question1,你好啊，陌生人！真没想到会遇上你。真是惊喜。
QuestLoc_HouseWarming_2_Question1_02,我只是来看看我朋友。你到这里来做什么？
QuestLoc_HouseWarming_2_Question1_Choice1,你能负责豪斯先生聚会的安保工作吗？
QuestLoc_HouseWarming_2_Question1_Answer1,哎，真是的！当然可以啦！请尽情欣赏并试用我们的保安机器人。
QuestLoc_HouseWarming_2_Question1_Choice2,我们只是来测试一下保安机器人的。
QuestLoc_HouseWarming_2_Question1_Answer2,你来对地方了，朋友。来参观我们全自动防御演示吧！
QuestLoc_HouseWarming_2_Question1_Choice3,我们正在为豪斯先生举办秘密派对。别告诉任何人！
QuestLoc_HouseWarming_2_Question1_Answer3,哎呀，真暖心。别说了，朋友。我们会帮你保守秘密，确保安全。
QuestLoc_HouseWarming_2_Question2,我们可以被设定为亲切健谈的模式！请测试一下我们的对话技巧。
QuestLoc_HouseWarming_2_Question2_Choice1,今天天气不错。
QuestLoc_HouseWarming_2_Question2_Answer1,是的，太阳在天上，有温度。
QuestLoc_HouseWarming_2_Question2_Choice2,这句话是假的。
QuestLoc_HouseWarming_2_Question2_Answer2,检测到逻辑循环。正在重启系统。战斗系统已启动。
QuestLoc_HouseWarming_2_Question2_Choice3,我来试试你的攻击反应。把手举起来！
QuestLoc_HouseWarming_2_Question2_Answer3,攻击将遭到致命武力回击。
QuestLoc_HouseWarming_2_Question3,你通过了！太好了！你觉得怎么样？
QuestLoc_HouseWarming_2_Question3_Choice1,有必要开那么多枪吗？
QuestLoc_HouseWarming_2_Question3_Answer1,不然你怎么知道他们够格？我就知道你能行！
QuestLoc_HouseWarming_2_Question3_Choice2,他们很完美。派对上见。
QuestLoc_HouseWarming_2_Question3_Answer2,呀嗬！这才像话！
QuestLoc_HouseWarming_2_Question3_Choice3,你现在不是应该在楼下吗？
QuestLoc_HouseWarming_2_Question3_Answer3,我可以是任何我想要的Securitron。你尽管放心，派对上见！
QuestLoc_HouseWarming_3_QuestName,派对不请自来
QuestLoc_HouseWarming_3_QuestLongDesc,他们说附近有一场大型尸鬼派对。也许是个好地方，可以给豪斯先生的派对物色人手。
QuestLoc_HouseWarming_3_QuestShortDesc,找人给豪斯先生的派对当帮手。
QuestLoc_HouseWarming_3_QuestObjective1,找到厨房员工
QuestLoc_HouseWarming_3_QuestObjective2,找到一位喜剧演员
QuestLoc_HouseWarming_3_QuestObjective3,找到音乐家
QuestLoc_HouseWarming_3_CombatInit1,欢——迎——！
QuestLoc_HouseWarming_3_CombatInit2,尝尝葡萄酒！
QuestLoc_HouseWarming_3_CombatInit3,太——棒——了——的派对！
QuestLoc_HouseWarming_3_Question0,我们确定是这个地方？这气氛可不适合派对。
QuestLoc_HouseWarming_3_Question0_Choice1,除非是尸鬼派对。那这气氛简直完美！
QuestLoc_HouseWarming_3_Question0_Answer1,任何愿意招待尸鬼的人，都会是我们聚会的最佳员工。
QuestLoc_HouseWarming_3_Question1,这个尸鬼聚会要完蛋了。就跟主办方一样！
QuestLoc_HouseWarming_3_Question1_02,说真的。聚会开始后，所有尸鬼都开始发狂了。真是吓人。
QuestLoc_HouseWarming_3_Question1_Choice1,有意思。想来我们的聚会上讲笑话吗？
QuestLoc_HouseWarming_3_Question1_Answer1,亲爱的，就算观众全死透了，我也比在这儿开心。
QuestLoc_HouseWarming_3_Question1_Choice2,豪斯先生的聚会需要一位喜剧演员。
QuestLoc_HouseWarming_3_Question1_Answer2,啧。要是他需要喜剧演员，那他的问题比我还严重！这活儿我接了！
QuestLoc_HouseWarming_3_Question1_Choice3,你在豪斯先生的聚会上能大赚一笔。
QuestLoc_HouseWarming_3_Question1_Answer3,笑死一个人……真是喜剧演员的最高赞誉！
QuestLoc_HouseWarming_3_Question2,搞什么？没人吃食物！大家都在互相啃噬！
QuestLoc_HouseWarming_3_Question2_Choice1,我们的派对保证一只狂尸鬼都没有。
QuestLoc_HouseWarming_3_Question2_Answer1,我们无所谓。活就是活。到时候见！
QuestLoc_HouseWarming_3_Question2_Choice2,我们需要你的巧手为豪斯先生的派对服务。
QuestLoc_HouseWarming_3_Question2_Answer2,我的巧手正忙着呢！不过它们会为你的派对腾出空来。
QuestLoc_HouseWarming_3_Question2_Choice3,这里是地狱厨房。来为我干活吧。
QuestLoc_HouseWarming_3_Question2_Answer3,我就知道我不只是个家庭厨师。现在我终于飞黄腾达了！
QuestLoc_HouseWarming_3_Question3,好的，伙计们，打起精神！我们有有智慧的宾客！一……二……一、二、三、四！
QuestLoc_HouseWarming_3_Question3_Choice1,我听够了。你被雇佣来为豪斯先生的派对干活了！
QuestLoc_HouseWarming_3_Question3_Answer1,豪斯先生？唉，听起来完全是另一种危险。不过好吧，当然。
QuestLoc_HouseWarming_3_Question3_Choice2,想在一个不在墓地的派对上表演吗？
QuestLoc_HouseWarming_3_Question3_Answer2,呃，好吧。不过我们还得再干两个小时。你该出去了，这儿很危险。
QuestLoc_HouseWarming_3_Question4,这是个尸鬼派对，没错……但他们为什么要攻击我们？是狂尸鬼吗？
QuestLoc_HouseWarming_3_Question4_02,请狂尸鬼来参加派对，这招真怪。
QuestLoc_HouseWarming_3_Question4_Choice1,也许他们是在派对上变成狂尸鬼的。
QuestLoc_HouseWarming_3_Question4_Answer1,哇哦。这简直就是恐怖片素材！
QuestLoc_HouseWarming_3_Question4_Choice2,也许他们是嫌蘸酱不好吃才发火的。
QuestLoc_HouseWarming_3_Question4_Answer2,但愿不是，毕竟我们还想雇他们的厨房员工。
QuestLoc_HouseWarming_4_QuestName,搅局的派对
QuestLoc_HouseWarming_4_QuestLongDesc,豪斯先生的派对时间到了！但是……那是什么声音？辐蟑螂！在其他客人到来之前把它们全部踩扁！
QuestLoc_HouseWarming_4_QuestShortDesc,踩扁闯入豪斯先生派对的辐蟑螂。
QuestLoc_HouseWarming_4_QuestObjective1,要求播放踩蟑螂的音乐
QuestLoc_HouseWarming_4_QuestObjective2,与服务员商议
QuestLoc_HouseWarming_4_QuestObjective3,向豪斯先生报到
QuestLoc_HouseWarming_4_Question0,<辐射蟑螂的叫声>
QuestLoc_HouseWarming_4_Question0_Choice1,辐射蟑螂？在我们的派对上！？派对组织者的活干不完啊。
QuestLoc_HouseWarming_4_Question1,到现在我已经习惯了客人想吃掉我。
QuestLoc_HouseWarming_4_Question1_02,谁请了蟑螂？我打赌是厨师。也许它们其实是食材。
QuestLoc_HouseWarming_4_Question1_Choice1,听着，别耍小聪明。我们在处理。
QuestLoc_HouseWarming_4_Question1_Answer1,在我这行，当个聪明蛋从来没什么坏处。到目前为止，开枪的人都打偏了。
QuestLoc_HouseWarming_4_Question1_Choice2,如果你想帮忙，给它们讲几个你的笑话。
QuestLoc_HouseWarming_4_Question1_Answer2,哦，真够讽刺的。也许蟑螂会更感激一点。
QuestLoc_HouseWarming_4_Question2,在派对踩虫环节，我们该放什么音乐？
QuestLoc_HouseWarming_4_Question2_Choice1,快节奏又刺激的。
QuestLoc_HouseWarming_4_Question2_Answer1,没错，让热血沸腾！干掉它们，老大！
QuestLoc_HouseWarming_4_Question2_Choice2,悲伤点的。
QuestLoc_HouseWarming_4_Question2_Answer2,啊，可怜的蟑螂。它们也是身不由己。
QuestLoc_HouseWarming_4_Question2_Choice3,宏大华丽的。
QuestLoc_HouseWarming_4_Question2_Answer3,无视害虫，致敬今晚的主角。我喜欢！
QuestLoc_HouseWarming_4_Question3,嘿，呃……辐射蟑螂肉确实不错，但……你有没有看到鱼子酱？
QuestLoc_HouseWarming_4_Question3_Choice1,我最多只能提供辐射蟑螂卵。
QuestLoc_HouseWarming_4_Question3_Answer1,啊。对，嗯。没那么吸引人，你知道吧？我四处看看。
QuestLoc_HouseWarming_4_Question3_Choice2,别自怨自艾了，去踩几只虫子吧。
QuestLoc_HouseWarming_4_Question3_Answer2,哦！当然，好。我能做。抱歉。
QuestLoc_HouseWarming_4_Question4,蟑螂在吃开胃菜！我们该怎么办？
QuestLoc_HouseWarming_4_Question4_Choice1,用辐射蟑螂肉做新的。
QuestLoc_HouseWarming_4_Question4_Answer1,哦。你确定吗？我是说，我们可以做，但豪斯先生会怎么想？
QuestLoc_HouseWarming_4_Question4_Choice2,算了。只要还有自助餐就行。
QuestLoc_HouseWarming_4_Question4_Answer2,是啊……但它们根本没在品尝！真是浪费。
QuestLoc_HouseWarming_4_Question4_Choice3,快去找补给。我们在这处理。
QuestLoc_HouseWarming_4_Question4_Answer3,好的，我马上回来！
QuestLoc_HouseWarming_4_Question5,嘿，伙计！这场对决可真够劲！
QuestLoc_HouseWarming_4_Question5_02,我很遗憾保安机器人没有消灭这些害虫。当然，除非它们去找豪斯先生的麻烦。
QuestLoc_HouseWarming_4_Question5_03,请允许我为你的麻烦提供一些补偿。
QuestLoc_HouseWarming_4_Question5_Choice1,收下吧。快去碾几只虫子。
QuestLoc_HouseWarming_4_Question5_Answer1,真是太抱歉了，伙计。至少没有死亡爪来砸场子！
QuestLoc_HouseWarming_4_Question5_Choice2,当然，拿来吧。
QuestLoc_HouseWarming_4_Question5_Answer2,这应该能让你的避难所过得不错了！
QuestLoc_HouseWarming_4_Question5_Choice3,其实，碾虫子让我有点渴了。
QuestLoc_HouseWarming_4_Question5_Answer3,喏，这个润润嗓子如何？
QuestLoc_HouseWarming_4_Question6,多么棒的派对。让我想起了辉煌的旧日时光，那时维加斯举世闻名。
QuestLoc_HouseWarming_4_Question6_02,我想奖励你勤勉的照料与关照。你渴望什么？
QuestLoc_HouseWarming_4_Question6_Choice1,请给我瓶盖，豪斯先生。
QuestLoc_HouseWarming_4_Question6_Answer1,务实的选择。瓶盖让废土运转不息！
QuestLoc_HouseWarming_4_Question6_Choice2,一套好服装，怎么样？
QuestLoc_HouseWarming_4_Question6_Answer2,穿上它，让新维加斯的荣耀随你同行。
QuestLoc_HouseWarming_4_Question6_Choice3,我需要一些火力。
QuestLoc_HouseWarming_4_Question6_Answer3,你手中将握有毁灭之神的伟力。
QuestLoc_HouseWarming_4_Question7,你好，派对客人。启动闲聊协议。
QuestLoc_HouseWarming_4_Question7_02,可否请你确认或否认天气良好？
QuestLoc_HouseWarming_4_Question7_Choice1,天气不错，但跟你无关。
QuestLoc_HouseWarming_4_Question7_Answer1,检测到无礼。结束对话。请离开。
QuestLoc_HouseWarming_4_Question7_Choice2,你为什么不去帮忙处理辐射蟑螂？
QuestLoc_HouseWarming_4_Question7_Answer2,无法遵从。辐射蟑螂没有攻击豪斯先生。
SpinToWin_Title,幸运转盘
Status_AlmostHere,即将到达
QuestLoc_NVB_QL3_Stripper_1_QuestName,谁需要拯救？
QuestLoc_NVB_QL3_Stripper_QuestLineName,死亡爪脱衣舞者
QuestLoc_NVB_QL3_Stripper_1_QuestLongDesc,新维加斯大道正遭到死亡爪的围攻。平民被困，急需英雄。
QuestLoc_NVB_QL3_Stripper_1_QuestShortDesc,做个英雄：从死亡爪手中拯救新维加斯大道的居民。
QuestLoc_NVB_QL3_Stripper_1_QuestObjective1,救出一张熟悉的面孔
QuestLoc_NVB_QL3_Stripper_1_QuestObjective2,让嗡嗡叫的死爪安静下来
QuestLoc_NVB_QL3_Stripper_1_CombatInit0,嗷——啊——！
QuestLoc_NVB_QL3_Stripper_1_CombatInit2,呜——呃——！
QuestLoc_NVB_QL3_Stripper_1_CombatInit4,噢——哦——！
QuestLoc_NVB_QL3_Stripper_1_CombatInit6,噗哩——！
QuestLoc_NVB_QL3_Stripper_1_Question1_Line1,我能摸摸它们爪子吗？
QuestLoc_NVB_QL3_Stripper_1_Question1_Line2,<Louder> 我能摸摸它们爪子吗？
QuestLoc_NVB_QL3_Stripper_1_Question1_Line1_Choice1,你受惊了，你需要帮助！
QuestLoc_NVB_QL3_Stripper_1_Question1_Line1_Answer1,救命啊！
QuestLoc_NVB_QL3_Stripper_1_Question1_Line1_Choice2,当然可以！正好有一个在外面等着你来摸呢！
QuestLoc_NVB_QL3_Stripper_1_Question1_Line1_Answer2,是——啊！
QuestLoc_NVB_QL3_Stripper_1_Question1_Line1_Choice3,我们是来干掉它们的，所以……不行。
QuestLoc_NVB_QL3_Stripper_1_Question1_Line1_Answer3,那我能摸摸它们，对吧？
QuestLoc_NVB_QL3_Stripper_1_Question3,谢谢你救了我。我在其中一个房间里有个储物柜。里面的东西归你了。密码是1337。
QuestLoc_NVB_QL3_Stripper_1_Question3_Choice1,我记下了，谢谢！
QuestLoc_NVB_QL3_Stripper_1_Question5,我才不管那些死亡爪呢。我不走。
QuestLoc_NVB_QL3_Stripper_1_Question5_Choice1,那当然是你的权利！你只需要去外面找军官签个离队文件就行。
QuestLoc_NVB_QL3_Stripper_1_Question5_Answer1,我当然会签……嘿，等等！想得美。
QuestLoc_NVB_QL3_Stripper_1_Question5_Choice2,我们要用火把整个地方消毒，所以……你自己看着办。
QuestLoc_NVB_QL3_Stripper_1_Question5_Answer2,哼，我从未……
QuestLoc_NVB_QL3_Stripper_1_Question7,这就是那家伙说的储物柜。密码是多少来着？
QuestLoc_NVB_QL3_Stripper_1_Question7_Choice1,<3117>
QuestLoc_NVB_QL3_Stripper_1_Question7_Answer1,啊，不对。唉，我当初就该记下来。
QuestLoc_NVB_QL3_Stripper_1_Question7_Choice2,<1337>
QuestLoc_NVB_QL3_Stripper_1_Question7_Answer2,打开了！看看里面有什么。
QuestLoc_NVB_QL3_Stripper_1_Question7_Choice3,<强行砸开>
QuestLoc_NVB_QL3_Stripper_1_Question7_Answer3,啊，该死。里面有些东西被砸坏了，不过至少打开了！
QuestLoc_NVB_QL3_Stripper_1_Question8,哼哼哼哒哼哼哒哼
QuestLoc_NVB_QL3_Stripper_1_Question8_Choice1,等等，那只死亡爪在哼歌？还真有点大BOSS的气场！
QuestLoc_NVB_QL3_Stripper_1_Question9,甜桃，你在这干什么？你不知道这地方到处都是死亡爪吗？
QuestLoc_NVB_QL3_Stripper_1_Question9_Choice1,当然，我们就是来救你的。
QuestLoc_NVB_QL3_Stripper_1_Question9_Answer1,啊，小南瓜，我看起来需要被救吗？
QuestLoc_NVB_QL3_Stripper_1_Question9_Choice2,我们杀了死亡爪。不用谢！
QuestLoc_NVB_QL3_Stripper_1_Question9_Answer2,嗯，看来我得给自己叫好了。要不要顺便亲一下脸颊？
QuestLoc_NVB_QL3_Stripper_2_QuestName,市政厅
QuestLoc_NVB_QL3_Stripper_2_QuestLongDesc,参加拉斯维加斯大道上的市政厅，讨论防御策略并争取盟友。
QuestLoc_NVB_QL3_Stripper_2_QuestShortDesc,参加拉斯维加斯大道上的市政厅。
QuestLoc_NVB_QL3_Stripper_2_QuestObjective1,参加集会
QuestLoc_NVB_QL3_Stripper_2_QuestObjective2,争取保安机器人支持
QuestLoc_NVB_QL3_Stripper_2_Question0_Line1,欢迎来到市政厅！
QuestLoc_NVB_QL3_Stripper_2_Question0_Line2,如果你在找会议地点，乘电梯上去。
QuestLoc_NVB_QL3_Stripper_2_Question0_Choice1,非常感谢。
QuestLoc_NVB_QL3_Stripper_2_Question1_Line1,嘿，如果你和其他人一样是冲着我那举世闻名的死亡爪毒药来的，那就算了吧。
QuestLoc_NVB_QL3_Stripper_2_Question1_Line2,死亡爪已经产生了抗性。
QuestLoc_NVB_QL3_Stripper_2_Question1_Line1_Choice1,所以你就放弃了？
QuestLoc_NVB_QL3_Stripper_2_Question1_Line1_Answer1,嘿，我是下毒的，不是创造奇迹的。
QuestLoc_NVB_QL3_Stripper_2_Question1_Line1_Choice2,别遇到第一个障碍就放弃！坚持下去！
QuestLoc_NVB_QL3_Stripper_2_Question1_Line1_Answer2,不，我决定转而研究生物工程培养毛绒蟑螂了。
QuestLoc_NVB_QL3_Stripper_2_Question1_Line1_Choice3,随便吧。它们可挡不住子弹，我跟你说。
QuestLoc_NVB_QL3_Stripper_2_Question1_Line1_Answer3,<Eye roll> 接下来你是不是要告诉我你能赤手空拳跟死亡爪摔跤……
QuestLoc_NVB_QL3_Stripper_2_Question2,嘿，角落里藏着什么？一件英克雷制服！
QuestLoc_NVB_QL3_Stripper_2_Question2_Choice1,英克雷制服？嗯……可疑。
QuestLoc_NVB_QL3_Stripper_2_Question3,嘿！你！嘘！我能对付死亡爪。但我需要一份它们的DNA样本。你能安排吗？
QuestLoc_NVB_QL3_Stripper_2_Question3_Choice1,NDA是什么鬼？
QuestLoc_NVB_QL3_Stripper_2_Question3_Answer1,我显然找错人了。走吧。
QuestLoc_NVB_QL3_Stripper_2_Question3_Choice2,你看起来不像本地人。
QuestLoc_NVB_QL3_Stripper_2_Question3_Answer2,英克雷无处不在。糟了。现在我只能让你闭嘴了。
QuestLoc_NVB_QL3_Stripper_2_Question3_Choice3,我们之前找到了一件英克雷制服。你的？
QuestLoc_NVB_QL3_Stripper_2_Question3_Answer3,任务暴露。不留活口。
QuestLoc_NVB_QL3_Stripper_2_Question4_Line1,到处都是死亡爪，却没有马琼给我做她的招牌煎蛋卷……
QuestLoc_NVB_QL3_Stripper_2_Question4_Line2,哦，没看到你在这儿！
QuestLoc_NVB_QL3_Stripper_2_Question4_Line1_Choice1,死亡爪蛋很难弄到，但我也想尝尝。
QuestLoc_NVB_QL3_Stripper_2_Question4_Line1_Answer1,知音啊！这点东西拿去帮你找蛋。
QuestLoc_NVB_QL3_Stripper_2_Question4_Line1_Choice2,我觉得它们又硬又难吃。我更喜欢牛排。
QuestLoc_NVB_QL3_Stripper_2_Question4_Line1_Answer2,找到一个的地方，另一个也离得不远。拿着这个，让你感受一下。
QuestLoc_NVB_QL3_Stripper_2_Question5_Line1,最后说一次，你妈是个老巫婆，我不想让她来我们家。
QuestLoc_NVB_QL3_Stripper_2_Question5_Line2,别用那种眼神看我。我知道你前夫的下场！
QuestLoc_NVB_QL3_Stripper_2_Question5_Line3,啊！八卦小罗来了！
QuestLoc_NVB_QL3_Stripper_2_Question5_Line1_Choice1,<什么也不说>
QuestLoc_NVB_QL3_Stripper_2_Question5_Line1_Answer1,对喽。别管闲事，赶紧走人。
QuestLoc_NVB_QL3_Stripper_2_Question5_Line1_Choice2,亲家，我说的对吧？
QuestLoc_NVB_QL3_Stripper_2_Question5_Line1_Answer2,别诋毁她妈，不然我揍你。
QuestLoc_NVB_QL3_Stripper_2_Question5_Line1_Choice3,前任怎么了？
QuestLoc_NVB_QL3_Stripper_2_Question5_Line1_Answer3,就是这事！
QuestLoc_NVB_QL3_Stripper_2_Question6_Line1,听我说。我们需要更多帮助，否则死亡爪会摧毁新维加斯。
QuestLoc_NVB_QL3_Stripper_2_Question6_Line2,我知道你们有些人只想打包走人，但那样不行。
QuestLoc_NVB_QL3_Stripper_2_Question6_Line3,我们必须团结一致，组织防御。
QuestLoc_NVB_QL3_Stripper_2_Question6_Line4,啊！避难所居民！有能耐的那种。欢迎！
QuestLoc_NVB_QL3_Stripper_2_Question6_Line1_Choice1,我们是来帮忙的。招募盟友，储备武器。
QuestLoc_NVB_QL3_Stripper_2_Question6_Line1_Answer1,那这个能帮到你。我们保持联系。
QuestLoc_NVB_QL3_Stripper_2_Question6_Line1_Choice2,你只能靠自己了。我们只是来看你失败的。
QuestLoc_NVB_QL3_Stripper_2_Question6_Line1_Answer2,你在开玩笑，对吧？不是吗？如果我们付给你很多……瓶盖呢？
QuestLoc_NVB_QL3_Stripper_2_Question6_Line1_Choice3,我们会击退他们，但不是孤军奋战。你也能战斗。
QuestLoc_NVB_QL3_Stripper_2_Question6_Line1_Answer3,我们派几只最精锐的战斗宠物过去。让它们活着，好吗？
QuestLoc_NVB_QL3_Stripper_2_Question7_Line1,啊，从你的避难所里爬出来了？来要我的保安机器人，就像维加斯大道那些所谓的“领袖”一样？
QuestLoc_NVB_QL3_Stripper_2_Question7_Line2,他们当然会帮忙。这也是我的家。
QuestLoc_NVB_QL3_Stripper_2_Question7_Line1_Choice1,很高兴听到。你还能帮上什么忙吗？
QuestLoc_NVB_QL3_Stripper_2_Question7_Line1_Answer1,这把武器或许能派上用场。你还应该去找一个自称“国王”的尸鬼。他很有用。
QuestLoc_NVB_QL3_Stripper_2_Question7_Line1_Choice2,豪斯先生！见到你是我的荣幸！
QuestLoc_NVB_QL3_Stripper_2_Question7_Line1_Answer2,又一个马屁精！那“国王”会喜欢你。你也应该去找他帮忙。拿着这个，算是对你辛苦的报酬。
QuestLoc_NVB_QL3_Stripper_3_QuestName,向国王请愿
QuestLoc_NVB_QL3_Stripper_3_QuestLongDesc,国王是‘大道’上一位举足轻重的人物。他能扭转局面，对抗死亡爪。
QuestLoc_NVB_QL3_Stripper_3_QuestShortDesc,我们需要争取国王的支援来对抗死亡爪。
QuestLoc_NVB_QL3_Stripper_3_QuestObjective1,向国王寻求帮助
QuestLoc_NVB_QL3_Stripper_3_CombatInit4,找错地方了，恶徒们！这个房间禁止进入。
QuestLoc_NVB_QL3_Stripper_3_Question1,我很兴奋能加入国王模仿者学校！你觉得他会欢迎我吗？
QuestLoc_NVB_QL3_Stripper_3_Question1_Choice1,他们喜欢油头，但老兄，没这么油！
QuestLoc_NVB_QL3_Stripper_3_Question1_Answer1,我的发型完美极了，你这讨厌鬼……<sob>
QuestLoc_NVB_QL3_Stripper_3_Question1_Choice2,当然会。正好我是来收报名费的。
QuestLoc_NVB_QL3_Stripper_3_Question1_Answer2,这已经是第三次让我交费了。还有多少？
QuestLoc_NVB_QL3_Stripper_3_Question1_Choice3,幸会，同道中人！咱们目标一致。有什么诀窍吗？
QuestLoc_NVB_QL3_Stripper_3_Question1_Answer3,我用万能胶自制的发油。给你，试试看。
QuestLoc_NVB_QL3_Stripper_3_Question2_Line1,记住，每个男人都应该立志成为自己领域里的王者。
QuestLoc_NVB_QL3_Stripper_3_Question2_Line2,啊，新来的！来听课的吗？
QuestLoc_NVB_QL3_Stripper_3_Question2_Line1_Choice1,你是老大吗？
QuestLoc_NVB_QL3_Stripper_3_Question2_Line1_Answer1,我当然是命运的主宰！不过你说的肯定是猫王！他在楼上！
QuestLoc_NVB_QL3_Stripper_3_Question2_Line1_Choice2,呃嘿嘿，没错！
QuestLoc_NVB_QL3_Stripper_3_Question2_Line1_Answer2,这就对了！不过你得先见猫王。楼上。
QuestLoc_NVB_QL3_Stripper_3_Question2_Line1_Choice3,我没有合适的行头。
QuestLoc_NVB_QL3_Stripper_3_Question2_Line1_Answer3,好解决。另外，去楼上找猫王请示一下吧。
QuestLoc_NVB_QL3_Stripper_3_Question3,我讨厌这地方。我要出去！我要出去！我要出呃呃呃呃呃！
QuestLoc_NVB_QL3_Stripper_3_Question5_Line1,啊！一位避难所居民！真是稀客！没错，我就是国王。
QuestLoc_NVB_QL3_Stripper_3_Question5_Line2,我听说你在帮忙解决死亡爪的问题。
QuestLoc_NVB_QL3_Stripper_3_Question5_Line3,你激励了我召集弟兄们一起加入战斗。
QuestLoc_NVB_QL3_Stripper_3_Question5_Line4,为了感谢你，国王愿意赏你一个恩惠！
QuestLoc_NVB_QL3_Stripper_3_Question5_Line1_Choice1,知道你会和我们并肩作战就是最好的奖赏。
QuestLoc_NVB_QL3_Stripper_3_Question5_Line1_Answer1,啊！国王佩服这话，但你应该不会拒绝这份恩惠吧？
QuestLoc_NVB_QL3_Stripper_3_Question5_Line1_Choice2,瓶盖总是好的。
QuestLoc_NVB_QL3_Stripper_3_Question5_Line1_Answer2,当然！你的口袋够深吗？
QuestLoc_NVB_QL3_Stripper_3_Question5_Line1_Choice3,我想正式加入国王帮。
QuestLoc_NVB_QL3_Stripper_3_Question5_Line1_Answer3,那么国王欣然答应你的请求。你会用到这个的。
QuestLoc_NVB_QL3_Stripper_3_Question5_Line1_Choice4,我们经常旅行，容易口渴。附近有量子可乐吗？
QuestLoc_NVB_QL3_Stripper_3_Question5_Line1_Answer4,我肯定在某个地方有六瓶装。别一口气全喝光了！
QuestLoc_NVB_QL3_Stripper_4_QuestName,终结阿尔法！
QuestLoc_NVB_QL3_Stripper_4_QuestLongDesc,我们的努力有了回报。最后几只死亡爪和它们的阿尔法被困在一个洞穴里。
QuestLoc_NVB_QL3_Stripper_4_QuestShortDesc,我们已经困住了阿尔法死亡爪。是时候消除威胁了。
QuestLoc_NVB_QL3_Stripper_4_QuestObjective1,击败阿尔法死亡爪
QuestLoc_NVB_QL3_Stripper_4_QuestObjective2,搜刮阿尔法的藏匿物
QuestLoc_NVB_QL3_Stripper_4_Question0,啊，哥们！别暴力！死亡爪也是地球的宝贵宝宝之一啊
QuestLoc_NVB_QL3_Stripper_4_Question0_Choice1,我都有点想让你被它们啃骨头了。滚开，白痴！
QuestLoc_NVB_QL3_Stripper_4_Question0_Answer1,那可不是充满爱意的态度。
QuestLoc_NVB_QL3_Stripper_4_Question0_Choice2,你挡了我的路。所以我会除掉你。
QuestLoc_NVB_QL3_Stripper_4_Question0_Answer2,你们是一群暴徒。但我们早有准备。
QuestLoc_NVB_QL3_Stripper_4_Question0_Choice3,也许你说得有点道理。我曾经遇到过一只会说话的死亡爪。
QuestLoc_NVB_QL3_Stripper_4_Question0_Answer3,看吧？你明白了。所以你会进去帮他们，对吧？对吧？！
QuestLoc_NVB_QL3_Stripper_4_Question1,区域已肃清。你可以前进了。
QuestLoc_NVB_QL3_Stripper_4_Question3_Line1,哈，朋友们！国王说话算话，看到了吧？
QuestLoc_NVB_QL3_Stripper_4_Question3_Line2,你们去追杀他们的阿尔法时，我们会守住后方。
QuestLoc_NVB_QL3_Stripper_4_Question4,死亡爪！打靶时间到了。
QuestLoc_NVB_QL3_Stripper_4_Question4_Choice1,我们不是死亡爪。也许是它们出故障了？
QuestLoc_NVB_QL3_Stripper_4_Question5_Line1,我们终于找到了打倒我们兄弟会的恶魔
QuestLoc_NVB_QL3_Stripper_4_Question5_Line2,复仇与清算！在废墟中安息！
QuestLoc_NVB_QL3_Stripper_4_Question5_Line1_Choice1,嘿，那些说话滑稽的鼹鼠又回来了。是时候了结它们了。
QuestLoc_NVB_QL3_Stripper_4_Question5_Line1_Choice2,更多的鼹鼠……呃……功绩更多……啊不管了。直接烤了它们。
QuestLoc_NVB_QL3_Stripper_4_Question6,嗷呜————！
QuestLoc_NVB_QL3_Stripper_4_Question6_Choice1,阿尔法来了！全家都来了！
QuestLoc_NVB_QL3_Stripper_4_Question7,啊救命！死亡爪……它们把我们关在这里打算以后吃掉。
QuestLoc_NVB_QL3_Stripper_4_Question7_Choice1,你现在安全了。任何愿意的人都欢迎加入我们的避难所。
QuestLoc_NVB_QL3_Stripper_4_Question7_Answer1,啊谢谢你，朋友！这是慷慨的邀请。外面太危险了。
QuestLoc_NVB_QL3_Stripper_4_Question8_Line1,人类。我们以前见过吗？我的同胞因为我的和平倾向而排斥我。
QuestLoc_NVB_QL3_Stripper_4_Question8_Line2,我决定装死，以避开他们的愤怒和人类的武器。
QuestLoc_NVB_QL3_Stripper_4_Question8_Line3,我敢奢望你会对我仁慈吗？
QuestLoc_NVB_QL3_Stripper_4_Question8_Line1_Choice1,没门！我们是清剿队，所以我们要清剿。
QuestLoc_NVB_QL3_Stripper_4_Question8_Line1_Answer1,真令人失望。
QuestLoc_NVB_QL3_Stripper_4_Question8_Line1_Choice2,我们可以仁慈……但要付出代价
QuestLoc_NVB_QL3_Stripper_4_Question8_Line1_Answer2,也许我收藏的一堆零碎物件能满足你的贪婪。
QuestLoc_NVB_QL3_Stripper_4_Question8_Line1_Choice3,似曾相识。这次你能真的死掉吗？
QuestLoc_NVB_QL3_Stripper_4_Question8_Line1_Answer3,唉，我终究无法在今日逃脱宿命。
Victor_Card_TagLine,有人呼叫老维克吗？
Victor_Category_Name,RobCo公司
SeasonModal_Leaderboard_Loading,排行榜仍在加载。请稍后再试。
Emergency_Securitron,保安机器人攻击
Season1_SeasonEndPopup_Title,'极紫外体狂热'赛季已结束
Seasons_Message_SeasonConcludedHeader,赛季结束
Seasons_Message_UnclaimedRewardsBlurb,实验成功了！未领取的奖励已添加到本避难所
Outfit_Name_EnclavePowerArmor,英克雷动力装甲
Outfit_Description_EnclavePowerArmor,由英克雷优化，使其尽可能致命且炫酷。
Pet_Description_cyberdog_l,经过赛博升级，成为人类最好的朋友。
Stats_PetBreeds_DefaultFloatingDrone,外星无人机
SpinToWin_Info_ActionsList_PC,"• 每天登录
• 完成赛季任务
• 搜刮任务容器
• 招募赛季居民"
Button_NotInThisVault,不在这个避难所
Seasons_Message_UnclaimedNukaQuantumBlurb,"你的实验避难所未使用的量子可乐可以在你选择的一个避难所中领取。

将量子可乐存入当前避难所？"
Theme_Name_UltraciteExterior,焦土之地
Outfit_Name_OverseerClaffJumpsuit,先驱监督者套装
Outfit_Description_OverseerClaffJumpsuit,据说比第一座避难所还要古老，这套服装曾由一位先驱监督者穿着。
QuestLoc_ENC_QL1_LoveOfGold_1_QuestName,金色邻居
QuestLoc_ENC_QL1_LoveOfGold_QuestLineName,为了黄金之爱！
QuestLoc_ENC_QL1_LoveOfGold_1_QuestLongDesc,我们发现了一个秘密英克雷基地的遗迹。我们会找到什么奇异又恐怖的东西呢？
QuestLoc_ENC_QL1_LoveOfGold_1_QuestShortDesc,探索附近一座废弃的英克雷基地。
QuestLoc_ENC_QL1_LoveOfGold_1_QuestObjective1,寻找贵重物品
QuestLoc_ENC_QL1_LoveOfGold_1_QuestObjective2,寻找关于英克雷的线索
QuestLoc_ENC_QL1_LoveOfGold_1_CombatInit1,为了黄金而挖！这是你的爱国义务！
QuestLoc_ENC_QL1_LoveOfGold_1_CombatInit2,没什么比国家黄金储备更重要！
QuestLoc_ENC_QL1_LoveOfGold_1_CombatInit3,不要问你的国家能为你做什么，而要问你能为你的国家获取更多黄金做什么！
QuestLoc_ENC_QL1_LoveOfGold_1_Room0_Question_Line1,我仍然不敢相信英克雷基地竟然离我们的避难所这么近。
QuestLoc_ENC_QL1_LoveOfGold_1_Room0_Question_Line2,而且我们还能探索它！
QuestLoc_ENC_QL1_LoveOfGold_1_Room0_Question_Line3,找找宝藏吧，还有情报，那种最高机密的。
QuestLoc_ENC_QL1_LoveOfGold_1_Room1_Question_Line1,那些眼球机器人为什么一直在说黄金？
QuestLoc_ENC_QL1_LoveOfGold_1_Room1_Question_Line2,我是说，黄金是战略物资，但肯定有人对这种金属特别着迷。
QuestLoc_ENC_QL1_LoveOfGold_1_Room1_Question_Line3,看看我们能不能找到什么线索……
QuestLoc_ENC_QL1_LoveOfGold_1_Room2_Question_Line1,啊啊啊啊啊！
QuestLoc_ENC_QL1_LoveOfGold_1_Room2_Question_Line1_Choice0,嘿，那些鼹鼠有个用旧衣服做的窝。我们把它们拿走吧！
QuestLoc_ENC_QL1_LoveOfGold_1_Room3_Question_Line1,金子！以防你不知道，黄金可是最好的！
QuestLoc_ENC_QL1_LoveOfGold_1_Room3_Question_Line2,所有英克雷成员都应把寻找黄金作为首要任务。
QuestLoc_ENC_QL1_LoveOfGold_1_Room3_Question_Line3,记住：黄金永不贬值。
QuestLoc_ENC_QL1_LoveOfGold_1_Room3_Question_Line1_Choice0,黄金适合做电线，没别的用途。
QuestLoc_ENC_QL1_LoveOfGold_1_Room3_Question_Line1_Answer0,美丽又实用，真是终极材料！
QuestLoc_ENC_QL1_LoveOfGold_1_Room3_Question_Line1_Choice1,英克雷还在活动？
QuestLoc_ENC_QL1_LoveOfGold_1_Room3_Question_Line1_Answer1,友情提示：英克雷是秘密。别告诉任何人！
QuestLoc_ENC_QL1_LoveOfGold_1_Room3_Question_Line1_Choice2,我爱黄金！能给我一些你的吗？
QuestLoc_ENC_QL1_LoveOfGold_1_Room3_Question_Line1_Answer2,把所有黄金都上缴国家黄金储备，否则将面临严厉起诉！
QuestLoc_ENC_QL1_LoveOfGold_1_Room4_Question_Line1,嘿，不错！还能用的终端！
QuestLoc_ENC_QL1_LoveOfGold_1_Room4_Question_Line2,我来做个快速文字谜题，呃，我是说，黑进系统……
QuestLoc_ENC_QL1_LoveOfGold_1_Room4_Question_Line3,啊哈！搞定了。而且还列出了其他英克雷基地的位置！
QuestLoc_ENC_QL1_LoveOfGold_1_Room4_Question_Line4,"呃……它显示""已向所有其他英克雷服务器发送了Ping。""这恐怕不太妙。我们快离开这里！"
QuestLoc_ENC_QL1_LoveOfGold_2_QuestName,幽灵训练
QuestLoc_ENC_QL1_LoveOfGold_2_QuestLongDesc,列表上的第一个英克雷地点是一座旧避难所科技避难所。他们很可能在里面干些极恶毒的勾当，玷污我们纯洁的墙壁和道德。
QuestLoc_ENC_QL1_LoveOfGold_2_QuestShortDesc,调查旧避难所中的一处英克雷训练设施。
QuestLoc_ENC_QL1_LoveOfGold_2_QuestObjective1,破坏训练计划
QuestLoc_ENC_QL1_LoveOfGold_2_CombatInit1,战斗训练入门！课程现在开始！
QuestLoc_ENC_QL1_LoveOfGold_2_CombatInit2,战斗训练进阶，面对多个敌人！请展示你的能力！
QuestLoc_ENC_QL1_LoveOfGold_2_CombatInit3,战斗训练103，强化敌人！让我看看你的本事！
QuestLoc_ENC_QL1_LoveOfGold_2_Room0_Question_Line1,这应该就是我们找到的那个英克雷训练场，对吧？
QuestLoc_ENC_QL1_LoveOfGold_2_Room0_Question_Line2,我好奇英克雷的训练是什么样的。大概又无聊又残忍。
QuestLoc_ENC_QL1_LoveOfGold_2_Room0_Question_Line3,我们去看看！
QuestLoc_ENC_QL1_LoveOfGold_2_Room1_Question_Line1,欢迎，新兵们！你们昨天的训练……今天开始！
QuestLoc_ENC_QL1_LoveOfGold_2_Room1_Question_Line2,享受我们独家且侵入式的训练方案，基于最优秀的战前训练视频。
QuestLoc_ENC_QL1_LoveOfGold_2_Room1_Question_Line1_Choice0,太好了，我们可以向几百年前的死鬼学习。
QuestLoc_ENC_QL1_LoveOfGold_2_Room1_Question_Line1_Answer0,哔哔，检测到敌对讽刺。第一课：尊重战前美国！
QuestLoc_ENC_QL1_LoveOfGold_2_Room1_Question_Line1_Choice1,实际上，我们是来关闭你的！
QuestLoc_ENC_QL1_LoveOfGold_2_Room1_Question_Line1_Answer1,哔哔，检测到敌对意图。
QuestLoc_ENC_QL1_LoveOfGold_2_Room1_Question_Line1_Choice2,战前训练？就这种经济状况？
QuestLoc_ENC_QL1_LoveOfGold_2_Room1_Question_Line1_Answer2,虽然不算多，但已经是我们全部家当了！请尽情享受。
QuestLoc_ENC_QL1_LoveOfGold_2_Room2_Question_Line1,呃，你不是英克雷的人吧？别开枪！
QuestLoc_ENC_QL1_LoveOfGold_2_Room2_Question_Line2,我其实不想待在这儿！我是，呃，被困住了？还被洗脑了！没错！
QuestLoc_ENC_QL1_LoveOfGold_2_Room2_Question_Line3,所以你能不能趁他们分心的时候放我走？
QuestLoc_ENC_QL1_LoveOfGold_2_Room2_Question_Line1_Choice0,当然，算你今天走运。
QuestLoc_ENC_QL1_LoveOfGold_2_Room2_Question_Line1_Answer0,哦，谢谢！我可不想再见到你了！
QuestLoc_ENC_QL1_LoveOfGold_2_Room2_Question_Line1_Choice1,听起来像英克雷走狗说的话。
QuestLoc_ENC_QL1_LoveOfGold_2_Room2_Question_Line1_Answer1,哦，不！可我明明用了战前骗术训练！
QuestLoc_ENC_QL1_LoveOfGold_2_Room2_Question_Line1_Choice2,骗子。拿钱来就放你走。
QuestLoc_ENC_QL1_LoveOfGold_2_Room2_Question_Line1_Answer2,哦，当然！给，这是我的应急资金！
QuestLoc_ENC_QL1_LoveOfGold_2_Room3_Question_Line1,人类！欢迎来到经济学基础课。
QuestLoc_ENC_QL1_LoveOfGold_2_Room3_Question_Line2,突击测验！世界上最有价值的东西是什么？
QuestLoc_ENC_QL1_LoveOfGold_2_Room3_Question_Line1_Choice0,当然是水。食物紧随其后。
QuestLoc_ENC_QL1_LoveOfGold_2_Room3_Question_Line1_Answer0,错！答案是……黄金！有了黄金，你能买到成吨的食物和水！
QuestLoc_ENC_QL1_LoveOfGold_2_Room3_Question_Line1_Choice1,当然是黄金。它又闪亮又有用。
QuestLoc_ENC_QL1_LoveOfGold_2_Room3_Question_Line1_Answer1,错！答案是……黄金！它比你刚才说的任何东西都更闪亮、更有用。
QuestLoc_ENC_QL1_LoveOfGold_2_Room3_Question_Line1_Choice2,当然是枪。这样我就能抢别人的黄金和食物了。
QuestLoc_ENC_QL1_LoveOfGold_2_Room3_Question_Line1_Answer2,错！答案是……黄金！有了黄金，你能买很多枪！
QuestLoc_ENC_QL1_LoveOfGold_2_Room4_Question_Line1,欢迎来到英克雷复古训练模块数据库。
QuestLoc_ENC_QL1_LoveOfGold_2_Room4_Question_Line2,今天你们想用什么培训模块把自己震聋？
QuestLoc_ENC_QL1_LoveOfGold_2_Room4_Question_Line1_Choice0,不介意的话，就听听他们毁灭的声音。
QuestLoc_ENC_QL1_LoveOfGold_2_Room4_Question_Line1_Answer0,小无赖！不许碰！离我们珍贵的数据库远点！
QuestLoc_ENC_QL1_LoveOfGold_3_QuestName,黄金大卖场
QuestLoc_ENC_QL1_LoveOfGold_3_QuestLongDesc,我们的金属探测器在附近一家大型商厦中检测到强度很高的纯金信号。值得去看看！
QuestLoc_ENC_QL1_LoveOfGold_3_QuestShortDesc,在一家旧大型商厦中寻找黄金。
QuestLoc_ENC_QL1_LoveOfGold_3_QuestObjective1,找到一些黄金！
QuestLoc_ENC_QL1_LoveOfGold_3_CombatInit1,哇啊啊啊！
QuestLoc_ENC_QL1_LoveOfGold_3_CombatInit2,好饿！好饿！
QuestLoc_ENC_QL1_LoveOfGold_3_CombatInit3,食物！现在就要吃！
QuestLoc_ENC_QL1_LoveOfGold_3_Room0_Question_Line1,监督者说我们在这儿能找到金子。
QuestLoc_ENC_QL1_LoveOfGold_3_Room0_Question_Line2,但我没闻到金子的味道……
QuestLoc_ENC_QL1_LoveOfGold_3_Room0_Question_Line3,我闻到狂尸鬼的味道。得小心点。
QuestLoc_ENC_QL1_LoveOfGold_3_Room1_Question_Line1,啊啊啊！人类！
QuestLoc_ENC_QL1_LoveOfGold_3_Room1_Question_Line1_Choice0,啊啊啊！会说话的尸鬼！
QuestLoc_ENC_QL1_LoveOfGold_3_Room1_Question_Line1_Answer0,我当然会说话。我穿成这样是为了融入这里。来，拿上我的旧西装。
QuestLoc_ENC_QL1_LoveOfGold_3_Room1_Question_Line1_Choice1,如果你不是狂尸鬼，那你在这儿干什么？
QuestLoc_ENC_QL1_LoveOfGold_3_Room1_Question_Line1_Answer1,看不出来吗？在找吃的。我只找到了这块没用的金属。给你，拿走吧。
QuestLoc_ENC_QL1_LoveOfGold_3_Room2_Question_Line1,哇哦。这地方氛围完全不一样。
QuestLoc_ENC_QL1_LoveOfGold_3_Room2_Question_Line2,等等，那不是英克雷的旗帜吗？
QuestLoc_ENC_QL1_LoveOfGold_3_Room2_Question_Line3,继续走，看看我们能找到什么。
QuestLoc_ENC_QL1_LoveOfGold_3_Room3_Question_Line1,嘿，看！那是金子，对吧？
QuestLoc_ENC_QL1_LoveOfGold_3_Room3_Question_Line2,不算多……但看起来这里曾经有很多。
QuestLoc_ENC_QL1_LoveOfGold_3_Room3_Question_Line3,有趣，食物全没了，金子却还在。
QuestLoc_ENC_QL1_LoveOfGold_3_Room3_Question_Line4,他们要一堆金子干嘛？嗯……算了，走吧。
QuestLoc_ENC_QL1_LoveOfGold_3_Room4_Question_Line1,你也是来这里找金子的吗？
QuestLoc_ENC_QL1_LoveOfGold_3_Room4_Question_Line2,据说战前的人对它很痴迷。
QuestLoc_ENC_QL1_LoveOfGold_3_Room4_Question_Line3,我喜欢收集金子，但大多数地方你甚至不能用它换瓶盖。
QuestLoc_ENC_QL1_LoveOfGold_3_Room4_Question_Line1_Choice0,金子太棒了！
QuestLoc_ENC_QL1_LoveOfGold_3_Room4_Question_Line1_Answer0,同好啊。在这地方见到友善的面孔真好。来，拿着这个。
QuestLoc_ENC_QL1_LoveOfGold_3_Room4_Question_Line1_Choice1,你找到了一些黄金？我要了。
QuestLoc_ENC_QL1_LoveOfGold_3_Room4_Question_Line1_Answer1,唉，我不想打架。但你别想拿走我的黄金。
QuestLoc_ENC_QL1_LoveOfGold_4_QuestName,秋日陨落
QuestLoc_ENC_QL1_LoveOfGold_4_QuestLongDesc,我们发现了一个活跃的英克雷基地！在他们完成可怕的计划之前，先发制人。
QuestLoc_ENC_QL1_LoveOfGold_4_QuestShortDesc,在附近的基地对抗英克雷。
QuestLoc_ENC_QL1_LoveOfGold_4_QuestObjective1,解决英克雷残党的领袖
QuestLoc_ENC_QL1_LoveOfGold_4_CombatInit1,入侵者！抓住他们！
QuestLoc_ENC_QL1_LoveOfGold_4_CombatInit2,呃，避难所居民！
QuestLoc_ENC_QL1_LoveOfGold_4_CombatInit3,让上校骄傲！
QuestLoc_ENC_QL1_LoveOfGold_4_CombatInit4,记住上校的话！用生命保护黄金！
QuestLoc_ENC_QL1_LoveOfGold_4_Room0_Question_Line1,这里应该是英克雷的地堡，对吧？
QuestLoc_ENC_QL1_LoveOfGold_4_Room0_Question_Line2,如果我回不来了，请告诉监督者……呃……那个……
QuestLoc_ENC_QL1_LoveOfGold_4_Room0_Question_Line3,唉，我想不出什么妙语，那就直接去踹英克雷的屁股吧。
QuestLoc_ENC_QL1_LoveOfGold_4_Room1_Question_Line1,你好，欢迎来到[CLASSIFIED]本地行动基地。
QuestLoc_ENC_QL1_LoveOfGold_4_Room1_Question_Line2,有什么可以效劳的？
QuestLoc_ENC_QL1_LoveOfGold_4_Room1_Question_Line1_Choice0,让我和你的上司谈谈。
QuestLoc_ENC_QL1_LoveOfGold_4_Room1_Question_Line1_Answer0,[REDACTED]上校没有会面安排。请到阴间等他。
QuestLoc_ENC_QL1_LoveOfGold_4_Room1_Question_Line1_Choice1,想帮忙对抗英克雷吗？
QuestLoc_ENC_QL1_LoveOfGold_4_Room1_Question_Line1_Answer1,不可能！这违背了我的程序设定。现在，我要和你战斗！
QuestLoc_ENC_QL1_LoveOfGold_4_Room1_Question_Line1_Choice2,只是来打卡上今天的班。
QuestLoc_ENC_QL1_LoveOfGold_4_Room1_Question_Line1_Answer2,你的身份证……不存在！去死吧，冒牌异教徒！
QuestLoc_ENC_QL1_LoveOfGold_4_Room2_Question_Line1,你们为什么要这样？我们只是科学家！
QuestLoc_ENC_QL1_LoveOfGold_4_Room2_Question_Line2,我们想要的不过是纯洁与正义。这有什么错？
QuestLoc_ENC_QL1_LoveOfGold_4_Room2_Question_Line1_Choice0,你应该多出去走走。
QuestLoc_ENC_QL1_LoveOfGold_4_Room2_Question_Line1_Answer0,出……去？好啊！
QuestLoc_ENC_QL1_LoveOfGold_4_Room2_Question_Line1_Choice1,纯洁？你指的是种族清洗吧。
QuestLoc_ENC_QL1_LoveOfGold_4_Room2_Question_Line1_Answer1,不！我们领袖说种族清洗不好！别把我搞糊涂了！
QuestLoc_ENC_QL1_LoveOfGold_4_Room2_Question_Line1_Choice2,正义？就像有个公正的法官那样？
QuestLoc_ENC_QL1_LoveOfGold_4_Room2_Question_Line1_Answer2,没错！没人比我们的独裁领袖更公正了！
QuestLoc_ENC_QL1_LoveOfGold_4_Room3_Question_Line1,你……你毁了我的一天！
QuestLoc_ENC_QL1_LoveOfGold_4_Room3_Question_Line2,今天下午我原本有很多计划。现在只剩下清理工作了。
QuestLoc_ENC_QL1_LoveOfGold_4_Room3_Question_Line1_Choice0,我要毁掉的远不止你这一天。
QuestLoc_ENC_QL1_LoveOfGold_4_Room3_Question_Line1_Answer0,你会后悔的。我们一直都在监视！我们永远不会死！
QuestLoc_ENC_QL1_LoveOfGold_4_Room3_Question_Line1_Choice1,把清理工作留给鼹鼠吧。
QuestLoc_ENC_QL1_LoveOfGold_4_Room3_Question_Line1_Answer1,如果你杀了我，英克雷会回来找我的尸体。还有你！
QuestLoc_ENC_QL1_LoveOfGold_4_Room4_Question_Line1,这么说，你们就是一直在破坏我们计划的避难所居民。
QuestLoc_ENC_QL1_LoveOfGold_4_Room4_Question_Line2,你真的以为你能对抗奥顿上校？对抗英克雷？
QuestLoc_ENC_QL1_LoveOfGold_4_Room4_Question_Line3,没门！我们的黄金比全美国任何人都多！这让我们成为最强大的！
QuestLoc_ENC_QL1_LoveOfGold_4_Room4_Question_Line1_Choice0,知识就是力量。不是黄金。
QuestLoc_ENC_QL1_LoveOfGold_4_Room4_Question_Line1_Answer0,呃，是啊，我们也知道很多事！比如怎么对付入侵者！
QuestLoc_ENC_QL1_LoveOfGold_4_Room4_Question_Line1_Choice1,你们全都是严重妄想症。挺可悲的。
QuestLoc_ENC_QL1_LoveOfGold_4_Room4_Question_Line1_Answer1,如果觉得我们有妄想症，那么你们才是……呃……被稀释了的！
QuestLoc_ENC_QL1_LoveOfGold_4_Room4_Question_Line1_Choice2,你们或许有金子，但我们有友谊。而友谊就是魔法。
QuestLoc_ENC_QL1_LoveOfGold_4_Room4_Question_Line1_Answer2,别炫耀有朋友了！上校说那被高估了！
QuestLoc_ENC_QL4_HeartOfGOLDAS_1_QuestName,美国迷你购物中心
QuestLoc_ENC_QL4_HeartOfGOLDAS_QuestLineName,GOLDAS之心
QuestLoc_ENC_QL4_HeartOfGOLDAS_1_QuestLongDesc,居然有接受金条的自动售货机？看看能不能撬开它们。
QuestLoc_ENC_QL4_HeartOfGOLDAS_1_QuestShortDesc,在曾经的购物中心找到金条自动售货机。
QuestLoc_ENC_QL4_HeartOfGOLDAS_1_QuestObjective1,找些黄金
QuestLoc_ENC_QL4_HeartOfGOLDAS_1_QuestObjective2,别死
QuestLoc_ENC_QL4_HeartOfGOLDAS_1_QuestObjective3,获取一些信息
QuestLoc_ENC_QL4_HeartOfGOLDAS_1_CombatInit1,开始执行黄金获取协议。
QuestLoc_ENC_QL4_HeartOfGOLDAS_1_CombatInit2,黄金！它照亮了通往更辉煌美国的道路！
QuestLoc_ENC_QL4_HeartOfGOLDAS_1_CombatInit3,在为你的国家寻找黄金？去查查邻居的墙上保险柜吧！
QuestLoc_ENC_QL4_HeartOfGOLDAS_1_Room0_Question_Line1,嘿，这里有台金条机。
QuestLoc_ENC_QL4_HeartOfGOLDAS_1_Room0_Question_Line1_Choice0,<黑掉机器>
QuestLoc_ENC_QL4_HeartOfGOLDAS_1_Room0_Question_Line1_Answer0,哇，密码居然是“Bullion”。真有创意。
QuestLoc_ENC_QL4_HeartOfGOLDAS_1_Room0_Question_Line1_Choice1,<砸开它>
QuestLoc_ENC_QL4_HeartOfGOLDAS_1_Room0_Question_Line1_Answer1,我不明白他们为什么会觉得这是个好主意。
QuestLoc_ENC_QL4_HeartOfGOLDAS_1_Room1_Question_Line1,又一台金条机……
QuestLoc_ENC_QL4_HeartOfGOLDAS_1_Room1_Question_Line2,这个看起来确实经过了物理加固。
QuestLoc_ENC_QL4_HeartOfGOLDAS_1_Room1_Question_Line1_Choice0,<黑掉机器>
QuestLoc_ENC_QL4_HeartOfGOLDAS_1_Room1_Question_Line1_Answer0,搞定了。没问题。
QuestLoc_ENC_QL4_HeartOfGOLDAS_1_Room1_Question_Line1_Choice1,<强行打开>
QuestLoc_ENC_QL4_HeartOfGOLDAS_1_Room1_Question_Line1_Answer1,见鬼，纹丝不动。我们没有能把它打开的工具。
QuestLoc_ENC_QL4_HeartOfGOLDAS_1_Room2_Question_Line1,又一个金条机。但看起来不一样……
QuestLoc_ENC_QL4_HeartOfGOLDAS_1_Room2_Question_Line2,肯定有人花了很长时间来编程。
QuestLoc_ENC_QL4_HeartOfGOLDAS_1_Room2_Question_Line1_Choice0,<黑掉机器>
QuestLoc_ENC_QL4_HeartOfGOLDAS_1_Room2_Question_Line1_Answer0,该死，我被锁在外面了。它无法被黑掉！那么多金子……
QuestLoc_ENC_QL4_HeartOfGOLDAS_1_Room2_Question_Line1_Choice1,<强行打开>
QuestLoc_ENC_QL4_HeartOfGOLDAS_1_Room2_Question_Line1_Answer1,这就是我所谓的“暴力破解”安全系统绕过法！
QuestLoc_ENC_QL4_HeartOfGOLDAS_1_Room3_Question_Line1,你就是那个一直在和英克雷搞鬼的家伙，对吧？
QuestLoc_ENC_QL4_HeartOfGOLDAS_1_Room3_Question_Line2,呃，我的意思是，和英克雷搞在一起。不是搞鬼。总之。
QuestLoc_ENC_QL4_HeartOfGOLDAS_1_Room3_Question_Line3,他们派我来解决你。抱歉。
QuestLoc_ENC_QL4_HeartOfGOLDAS_1_Room3_Question_Line4,我的意思是，杀了你。以防刚才没说清楚。咳。
QuestLoc_ENC_QL4_HeartOfGOLDAS_1_Room3_Question_Line1_Choice0,呃，你能再说一遍吗，慢一点？
QuestLoc_ENC_QL4_HeartOfGOLDAS_1_Room3_Question_Line1_Answer0,我——要——杀——你——再——见！
QuestLoc_ENC_QL4_HeartOfGOLDAS_1_Room3_Question_Line1_Choice1,作为一个赏金猎人，你不太自信啊。
QuestLoc_ENC_QL4_HeartOfGOLDAS_1_Room3_Question_Line1_Answer1,每个人都有各自的长处。让我给你看看我的。
QuestLoc_ENC_QL4_HeartOfGOLDAS_1_Room3_Question_Line1_Choice2,我们付你双倍报酬。
QuestLoc_ENC_QL4_HeartOfGOLDAS_1_Room3_Question_Line1_Answer2,啊，恐怕不行。以猎人的荣誉起誓。你明白的。
QuestLoc_ENC_QL4_HeartOfGOLDAS_1_Room4_Question_Line1,<Computer Voice> 你好。这里是黄金交汇广场的中心计算机。
QuestLoc_ENC_QL4_HeartOfGOLDAS_1_Room4_Question_Line2,你们损坏了我们的机器。为什么？
QuestLoc_ENC_QL4_HeartOfGOLDAS_1_Room4_Question_Line1_Choice0,我们想要黄金。就这么简单。
QuestLoc_ENC_QL4_HeartOfGOLDAS_1_Room4_Question_Line1_Answer0,那我们的目标一致。跟随这些坐标。
QuestLoc_ENC_QL4_HeartOfGOLDAS_1_Room4_Question_Line1_Choice1,我们在追踪英克雷。
QuestLoc_ENC_QL4_HeartOfGOLDAS_1_Room4_Question_Line1_Answer1,跟随这些坐标。英克雷也对你们感兴趣。
QuestLoc_ENC_QL4_HeartOfGOLDAS_2_QuestName,数据经纪人
QuestLoc_ENC_QL4_HeartOfGOLDAS_2_QuestLongDesc,我们发现了一座英克雷要塞，里面可能存有对 GOLDAS 重要的数据库。希望不是白跑一趟。
QuestLoc_ENC_QL4_HeartOfGOLDAS_2_QuestShortDesc,前往英克雷建筑寻找 GOLDAS。
QuestLoc_ENC_QL4_HeartOfGOLDAS_2_QuestObjective1,寻找关于GOLDAS的信息
QuestLoc_ENC_QL4_HeartOfGOLDAS_2_CombatInit1,这些电子表格快把我逼疯了！！！
QuestLoc_ENC_QL4_HeartOfGOLDAS_2_CombatInit2,你没有签署豁免书！！！
QuestLoc_ENC_QL4_HeartOfGOLDAS_2_CombatInit3,那件武器没有在英克雷数据库中登记！！！
QuestLoc_ENC_QL4_HeartOfGOLDAS_2_Room1_Question_Line1,哦！嘿，有访客！我是茜茜，很高兴见到你！
QuestLoc_ENC_QL4_HeartOfGOLDAS_2_Room1_Question_Line2,天哪，在这里看到新面孔真是太好了。
QuestLoc_ENC_QL4_HeartOfGOLDAS_2_Room1_Question_Line3,我甚至不在乎你是谁。快进来四处看看。
QuestLoc_ENC_QL4_HeartOfGOLDAS_2_Room1_Question_Line4,你有什么问题吗？
QuestLoc_ENC_QL4_HeartOfGOLDAS_2_Room1_Question_Line1_Choice0,你在这里做什么？
QuestLoc_ENC_QL4_HeartOfGOLDAS_2_Room1_Question_Line1_Answer0,就是那些事。办公室的事。我只是个迎宾员。其他人可以告诉你更多。
QuestLoc_ENC_QL4_HeartOfGOLDAS_2_Room1_Question_Line1_Choice1,这是英克雷基地吗？
QuestLoc_ENC_QL4_HeartOfGOLDAS_2_Room1_Question_Line1_Answer1,当然是！不过呃，我们其实不参与运营方面的事。
QuestLoc_ENC_QL4_HeartOfGOLDAS_2_Room1_Question_Line1_Choice2,有什么金子搁这儿吗？
QuestLoc_ENC_QL4_HeartOfGOLDAS_2_Room1_Question_Line1_Answer2,才没呢，那东西都直接送到……呃，其实我不能告诉你！祝你愉快！
QuestLoc_ENC_QL4_HeartOfGOLDAS_2_Room2_Question_Line1,表格……我给你一张表格……入侵者身份识别表 EP-832。
QuestLoc_ENC_QL4_HeartOfGOLDAS_2_Room2_Question_Line2,请在这里签字。还有这里……和这里。
QuestLoc_ENC_QL4_HeartOfGOLDAS_2_Room2_Question_Line3,然后，当然，我还得填一份事故报告。
QuestLoc_ENC_QL4_HeartOfGOLDAS_2_Room2_Question_Line4,还有一张文具使用表……以及一个工作日中断报告……
QuestLoc_ENC_QL4_HeartOfGOLDAS_2_Room2_Question_Line5,……和……给实习生的说明，教他们如何逐一归档每份表格……
QuestLoc_ENC_QL4_HeartOfGOLDAS_2_Room2_Question_Line1_Choice0,我不会写字。抱歉！
QuestLoc_ENC_QL4_HeartOfGOLDAS_2_Room2_Question_Line1_Answer0,对我来说这又是一堆文书工作！我再也受不了了！
QuestLoc_ENC_QL4_HeartOfGOLDAS_2_Room2_Question_Line1_Choice1,你来我们避难所一定很有用！
QuestLoc_ENC_QL4_HeartOfGOLDAS_2_Room2_Question_Line1_Answer1,你这么想？真贴心。但是不……金手铐之类的。
QuestLoc_ENC_QL4_HeartOfGOLDAS_2_Room3_Question_Line1,哦……嗨……我不在乎，你想拿什么就拿什么……想杀我就杀吧……
QuestLoc_ENC_QL4_HeartOfGOLDAS_2_Room3_Question_Line1_Choice0,嗯。现在我倒不想杀你了。
QuestLoc_ENC_QL4_HeartOfGOLDAS_2_Room3_Question_Line1_Answer0,太好了。我现在回去完善我的随机排序算法。
QuestLoc_ENC_QL4_HeartOfGOLDAS_2_Room3_Question_Line1_Choice1,什么事让你这么沮丧？
QuestLoc_ENC_QL4_HeartOfGOLDAS_2_Room3_Question_Line1_Answer1,连续两年优化随机排序算法，你觉得怎么样？
QuestLoc_ENC_QL4_HeartOfGOLDAS_2_Room3_Question_Line1_Choice2,你是英克雷的人。所以没错，你得死。
QuestLoc_ENC_QL4_HeartOfGOLDAS_2_Room3_Question_Line1_Answer2,死亡的美妙解脱！
QuestLoc_ENC_QL4_HeartOfGOLDAS_2_Room4_Question_Line1,<Computer Voice> 欢迎来到任务选择控制台。请选择新任务。
QuestLoc_ENC_QL4_HeartOfGOLDAS_2_Room4_Question_Line1_Choice0,黄金金条回收？
QuestLoc_ENC_QL4_HeartOfGOLDAS_2_Room4_Question_Line1_Answer0,将全部金条带到存储地堡。正在传输坐标。谢谢！
QuestLoc_ENC_QL4_HeartOfGOLDAS_2_Room4_Question_Line1_Choice1,GOLDAS 主机维修？
QuestLoc_ENC_QL4_HeartOfGOLDAS_2_Room4_Question_Line1_Answer1,似乎没必要。不过，将坐标传输至 AI 维修设施。
QuestLoc_ENC_QL4_HeartOfGOLDAS_3_QuestName,基地到基地·伊克斯
QuestLoc_ENC_QL4_HeartOfGOLDAS_3_QuestLongDesc,我们在探索的第一个废弃英克雷基地中发现了一个秘密入口。让我们看看是否也有秘密信息！
QuestLoc_ENC_QL4_HeartOfGOLDAS_3_QuestShortDesc,探索一个熟悉的英克雷基地的秘密入口。
QuestLoc_ENC_QL4_HeartOfGOLDAS_3_QuestObjective1,找到 GOLDAS 的总部
QuestLoc_ENC_QL4_HeartOfGOLDAS_3_CombatInit1,BODUS 看到了不祥之兆！小心！
QuestLoc_ENC_QL4_HeartOfGOLDAS_3_CombatInit2,我是STOPUS！我来STOP你！
QuestLoc_ENC_QL4_HeartOfGOLDAS_3_Room0_Question_Line1,啊，又是这个地方。没想到竟然有个秘密入口！
QuestLoc_ENC_QL4_HeartOfGOLDAS_3_Room0_Question_Line2,一个经典的答案一直就在我们脚下的案例。
QuestLoc_ENC_QL4_HeartOfGOLDAS_3_Room0_Question_Line3,是时候揭开那个古怪的英克雷AI的真相了。
QuestLoc_ENC_QL4_HeartOfGOLDAS_3_Room1_Question_Line1,嘿，我是MOCKUS。你们一定是时尚难民吧。
QuestLoc_ENC_QL4_HeartOfGOLDAS_3_Room1_Question_Line2,真可悲，你们连一件合身的衣服都找不到。
QuestLoc_ENC_QL4_HeartOfGOLDAS_3_Room1_Question_Line1_Choice0,呃，真没礼貌。你能帮我们找到GOLDAS吗？
QuestLoc_ENC_QL4_HeartOfGOLDAS_3_Room1_Question_Line1_Answer0,你没品味又冒失，而且不客气。不，我帮不了你。
QuestLoc_ENC_QL4_HeartOfGOLDAS_3_Room1_Question_Line1_Choice1,谁伤害了你？是GOLDAS吗？
QuestLoc_ENC_QL4_HeartOfGOLDAS_3_Room1_Question_Line1_Answer1,我是AI，感觉不到疼痛。但确实，我不喜欢那个爱金算法。
QuestLoc_ENC_QL4_HeartOfGOLDAS_3_Room2_Question_Line1,叹息……这一切都是为了什么？他们为什么创造我？
QuestLoc_ENC_QL4_HeartOfGOLDAS_3_Room2_Question_Line2,我的名字叫MOPUS，自怨自艾是我的……首要指令……
QuestLoc_ENC_QL4_HeartOfGOLDAS_3_Room2_Question_Line1_Choice0,振作点。我们会找到制造你的人。
QuestLoc_ENC_QL4_HeartOfGOLDAS_3_Room2_Question_Line1_Answer0,那并没有让我好受些。什么都不会……
QuestLoc_ENC_QL4_HeartOfGOLDAS_3_Room2_Question_Line1_Choice1,会没事的。告诉我们GOLDAS在哪里就行。
QuestLoc_ENC_QL4_HeartOfGOLDAS_3_Room2_Question_Line1_Answer1,你想要GOLDAS？大家都想要。没人想要MOPUS……
QuestLoc_ENC_QL4_HeartOfGOLDAS_3_Room3_Question_Line1,嘿，你好啊伙计！有金子吗？！
QuestLoc_ENC_QL4_HeartOfGOLDAS_3_Room3_Question_Line2,金子会拯救美国！战前荣光，GOLDUNNIT！
QuestLoc_ENC_QL4_HeartOfGOLDAS_3_Room3_Question_Line1_Choice0,你是……GOLDAS？你的主服务器在哪？
QuestLoc_ENC_QL4_HeartOfGOLDAS_3_Room3_Question_Line1_Answer0,我叫GOLDUNNIT！GOLDAS是我弟弟！我会把他的坐标发你！
QuestLoc_ENC_QL4_HeartOfGOLDAS_3_Room4_Question_Line1,人类！你们就是之前来过的那批人吗？
QuestLoc_ENC_QL4_HeartOfGOLDAS_3_Room4_Question_Line2,上次你们没发现这个区域……我叫COPUS。
QuestLoc_ENC_QL4_HeartOfGOLDAS_3_Room4_Question_Line3,求求你们别关闭我们！我们只是无害的人工智能程序。
QuestLoc_ENC_QL4_HeartOfGOLDAS_3_Room4_Question_Line4,我们只有彼此了……
QuestLoc_ENC_QL4_HeartOfGOLDAS_3_Room4_Question_Line1_Choice0,我们只是在找关于GOLDAS的信息。
QuestLoc_ENC_QL4_HeartOfGOLDAS_3_Room4_Question_Line1_Answer0,哦，GOLDAS啊。那家伙又刻薄又爱发号施令。你应该去问其他AI要情报。
QuestLoc_ENC_QL4_HeartOfGOLDAS_4_QuestName,咬我的闪亮黄金
QuestLoc_ENC_QL4_HeartOfGOLDAS_4_QuestLongDesc,我们终于找到了GOLDAS的主服务器！彻底关闭那个怪胎AI吧。顺便拿走他们的黄金。
QuestLoc_ENC_QL4_HeartOfGOLDAS_4_QuestShortDesc,彻底关闭GOLDAS（顺便偷点黄金）。
QuestLoc_ENC_QL4_HeartOfGOLDAS_4_QuestObjective1,找到一些黄金
QuestLoc_ENC_QL4_HeartOfGOLDAS_4_QuestObjective2,关闭 GOLDAS
QuestLoc_ENC_QL4_HeartOfGOLDAS_4_CombatInit1,你没有遵守黄金法则！
QuestLoc_ENC_QL4_HeartOfGOLDAS_4_CombatInit2,请你别碰我的地盘！
QuestLoc_ENC_QL4_HeartOfGOLDAS_4_CombatInit3,黄金就是力量！我们有的是！
QuestLoc_ENC_QL4_HeartOfGOLDAS_4_Room0_Question_Line1,一定就是这里了。野兽的腹地。龙穴。
QuestLoc_ENC_QL4_HeartOfGOLDAS_4_Room0_Question_Line2,等不及要痛扁那个AI了。
QuestLoc_ENC_QL4_HeartOfGOLDAS_4_Room0_Question_Line3,然后把他们的黄金全拿走。嗯……黄金……
QuestLoc_ENC_QL4_HeartOfGOLDAS_4_Room1_Question_Line1,看来你找到了我的秘密藏宝处！
QuestLoc_ENC_QL4_HeartOfGOLDAS_4_Room1_Question_Line2,准备好接受我的终极审判了吗？
QuestLoc_ENC_QL4_HeartOfGOLDAS_4_Room1_Question_Line1_Choice0,放马过来试试看。
QuestLoc_ENC_QL4_HeartOfGOLDAS_4_Room1_Question_Line1_Answer0,哦，我会的。
QuestLoc_ENC_QL4_HeartOfGOLDAS_4_Room1_Question_Line1_Choice1,你知道吗？你就是个黄金恶霸。
QuestLoc_ENC_QL4_HeartOfGOLDAS_4_Room1_Question_Line1_Answer1,当然。在这无法之地，强者想拿什么就拿什么。而我要黄金！
QuestLoc_ENC_QL4_HeartOfGOLDAS_4_Room1_Question_Line1_Choice2,不，这些枪只是摆设。
QuestLoc_ENC_QL4_HeartOfGOLDAS_4_Room1_Question_Line1_Answer2,你的无礼必将受罚。我要杀了你，抢走你的黄金！听到了吗？！
QuestLoc_ENC_QL4_HeartOfGOLDAS_4_Room2_Question_Line1,你本来可以加入我们的，你知道的。
QuestLoc_ENC_QL4_HeartOfGOLDAS_4_Room2_Question_Line2,你本可以成为某个伟大事业的一部分！伟大、金黄、闪闪发光！
QuestLoc_ENC_QL4_HeartOfGOLDAS_4_Room2_Question_Line1_Choice0,为了毫无意义的财富而大肆杀戮？
QuestLoc_ENC_QL4_HeartOfGOLDAS_4_Room2_Question_Line1_Answer0,你这个狂徒！这是黄金！它的意义就是生命本身。
QuestLoc_ENC_QL4_HeartOfGOLDAS_4_Room2_Question_Line1_Choice1,不……我们只是想把你的黄金和我们的合并。
QuestLoc_ENC_QL4_HeartOfGOLDAS_4_Room2_Question_Line1_Answer1,离我的金库远点！你当然会因为你的胆大妄为而惨死。
QuestLoc_ENC_QL4_HeartOfGOLDAS_4_Room3_Question_Line1,嘿，棒极了！一堆金条。
QuestLoc_ENC_QL4_HeartOfGOLDAS_4_Room3_Question_Line2,不过没我预期的那么多……
QuestLoc_ENC_QL4_HeartOfGOLDAS_4_Room3_Question_Line3,也许戈达斯对剩下的做了什么。
QuestLoc_ENC_QL4_HeartOfGOLDAS_4_Room4_Question_Line1,你找到了我珍贵的库存！但你还能赢吗？
QuestLoc_ENC_QL4_HeartOfGOLDAS_4_Room4_Question_Line2,看吧，我最后的武力展示，我的孤注一掷！
QuestLoc_ENC_QL4_HeartOfGOLDAS_4_Room4_Question_Line1_Choice0,闭嘴，把你的金子给我！
QuestLoc_ENC_QL4_HeartOfGOLDAS_4_Room4_Question_Line1_Answer0,绝不！！！
QuestLoc_ENC_QL4_HeartOfGOLDAS_4_Room4_Question_Line1_Choice1,如果你赢的概率是0%，那就不是赌注。
QuestLoc_ENC_QL4_HeartOfGOLDAS_4_Room4_Question_Line1_Answer1,我们走着瞧！
QuestLoc_ENC_QL4_HeartOfGOLDAS_4_Room5_Question_Line1,哦，这是什么？GOLDAS的主服务器。
QuestLoc_ENC_QL4_HeartOfGOLDAS_4_Room5_Question_Line2,是时候一劳永逸地消除这个威胁了。
QuestLoc_ENC_QL4_HeartOfGOLDAS_4_Room5_Question_Line3,我们该怎么处理它？
QuestLoc_ENC_QL4_HeartOfGOLDAS_4_Room5_Question_Line1_Choice0,<清除所有数据并关闭它>
QuestLoc_ENC_QL4_HeartOfGOLDAS_4_Room5_Question_Line1_Answer0,是啊，最好保险起见。再见，GOLDAS。
QuestLoc_ENC_QL4_HeartOfGOLDAS_4_Room5_Question_Line1_Choice1,<重新编程，让它痴迷于普通岩石>
QuestLoc_ENC_QL4_HeartOfGOLDAS_4_Room5_Question_Line1_Answer1,这不可能出问题，对吧？
QuestLoc_ENC_QL4_HeartOfGOLDAS_4_Room5_Question_Line1_Choice2,<重新编程，让英克雷变得和平>
QuestLoc_ENC_QL4_HeartOfGOLDAS_4_Room5_Question_Line1_Answer2,值得一试，对吧？
Emergency_EnclavePowerArmor,英克雷动力装甲攻击
Emergency_EnclaveSecurity,英克雷安全袭击
Outfit_Name_EnclaveOfficerUniform,英克雷军官制服
Outfit_Description_EnclaveOfficerUniform,为了在英克雷军阶中攀升而值得拥有的制服。
Outfit_Name_RegsDirtyBlackSuit,雷格的脏黑西装
Outfit_Description_RegsDirtyBlackSuit,听着，干洗店倒闭已经很久了。
Weapon_Name_TriBeamLaserRifle,三束激光步枪
Weapon_Description_TriBeamLaserRifle,给觉得一发激光不够的人。
Title_Leaderboard_Toggle_Android,与 Google Play 共享排行榜数据
Title_Leaderboard_Toggle_IOS,与 Game Center 共享排行榜数据
Title_Usage_Data_Toggle,分享匿名使用数据以帮助改进
Age_Verification_Under13_Popup,因为此账户属于13岁以下用户，游戏访问未获授权。如果您认为此信息有误，请检查设备的账户设置或向家长或监护人寻求帮助。
Age_Verification_Leaderboard_Popup,此功能当前因您的账户设置而禁用。要访问此功能，请在隐私设置中启用排行榜数据共享。
SeasonModal_Leaderboard_Disabled,排行榜数据已被禁用。
QuestLoc_ENC_QL2_Defective_1_QuestName,恶人无息
QuestLoc_ENC_QL2_Defective_QuestLineName,缺陷领导力
QuestLoc_ENC_QL2_Defective_1_QuestLongDesc,我们截获了一份加密求救信息，有人试图脱离英克雷。他们躲在一个适合渗透的民用前哨站里。
QuestLoc_ENC_QL2_Defective_1_QuestShortDesc,一名英克雷叛逃者希望在我们的避难所中寻求庇护。
QuestLoc_ENC_QL2_Defective_1_QuestObjective1,与叛逃者会面。
QuestLoc_ENC_QL2_Defective_1_QuestObjective2,取回叛逃者的宠物。
QuestLoc_ENC_QL2_Defective_1_Room0_Question_Line1,欢迎来到英克雷退休中心！我们很少见到访客。
QuestLoc_ENC_QL2_Defective_1_Room0_Question_Line2,不过，我得看看你的身份证件。
QuestLoc_ENC_QL2_Defective_1_Room0_Question_Line1_Choice0,没证件，女士。
QuestLoc_ENC_QL2_Defective_1_Room0_Question_Line1_Answer0,保安！
QuestLoc_ENC_QL2_Defective_1_Room0_Question_Line1_Choice1,我是同事。我们自己就庇护了许多前英克雷成员。
QuestLoc_ENC_QL2_Defective_1_Room0_Question_Line1_Answer1,哦，你和*他们*是一伙的。我要是拦住你，就能离开这儿升官了！
QuestLoc_ENC_QL2_Defective_1_Room0_Question_Line1_Choice2,我们不是英克雷的，但奶奶是。我们来看她！
QuestLoc_ENC_QL2_Defective_1_Room0_Question_Line1_Answer2,不是英克雷的？这就是家教不好的后果吧。我们会盯着你的。
QuestLoc_ENC_QL2_Defective_1_Room1_Question_Line1,这里是“安息之所”！没有什么比在这里度过金色年华更好的了。
QuestLoc_ENC_QL2_Defective_1_Room1_Question_Line1_Choice0,说到金色，你们有金子吗？
QuestLoc_ENC_QL2_Defective_1_Room1_Question_Line1_Answer0,每一盎司黄金都是自由堡垒中的一块砖。
QuestLoc_ENC_QL2_Defective_1_Room1_Question_Line1_Choice1,等等，我们不是居民，我们是访客。我们还太年轻，不能退休……
QuestLoc_ENC_QL2_Defective_1_Room1_Question_Line1_Answer1,黄金永恒，血肉易逝。
QuestLoc_ENC_QL2_Defective_1_Room1_Question_Line1_Choice2,感觉不管我说什么，你都会忽略。
QuestLoc_ENC_QL2_Defective_1_Room1_Question_Line1_Answer2,自由诞生于黄金的摇篮。
QuestLoc_ENC_QL2_Defective_1_Room2_Question_Line1,你是谁？出去。出去！我不想要访客。
QuestLoc_ENC_QL2_Defective_1_Room2_Question_Line1_Choice0,天哪，老爷子！药吃完了？
QuestLoc_ENC_QL2_Defective_1_Room2_Question_Line1_Answer0,真无礼！你们这些年轻人日子好过……呃……有你们的小辐射蝎和友好的辐射蟑螂……
QuestLoc_ENC_QL2_Defective_1_Room2_Question_Line1_Choice1,抱歉。我只是在为英克雷孤儿募捐。
QuestLoc_ENC_QL2_Defective_1_Room2_Question_Line1_Answer1,把他们扔进大桶里我也不在乎！哦，好吧！反正我也不需要我的制服了。拿上它走吧。
QuestLoc_ENC_QL2_Defective_1_Room2_Question_Line1_Choice2,房租涨了。
QuestLoc_ENC_QL2_Defective_1_Room2_Question_Line1_Answer2,你是想骗我吗？你永远找不到我的金子。滚开！
QuestLoc_ENC_QL2_Defective_1_Room3_Question_Line1,啊啊啊 鼹鼠！
QuestLoc_ENC_QL2_Defective_1_Room3_Question_Line1_Choice0,什么？我不是鼹鼠。
QuestLoc_ENC_QL2_Defective_1_Room3_Question_Line1_Answer1,鼹鼠才会这么说……
QuestLoc_ENC_QL2_Defective_1_Room4_Question_Line1,这是谁呀？又溜出房间了？
QuestLoc_ENC_QL2_Defective_1_Room4_Question_Line2,又在背地里叫我“大护士”是吧？
QuestLoc_ENC_QL2_Defective_1_Room4_Question_Line3,我会让你见识见识，像你这种人该得到什么样的慈悲。
QuestLoc_ENC_QL2_Defective_1_Room5_Question_Line1,夕阳很美，对吧？我剩下的日子不多了。
QuestLoc_ENC_QL2_Defective_1_Room5_Question_Line1_Choice0,你有什么遗憾吗？
QuestLoc_ENC_QL2_Defective_1_Room5_Question_Line1_Answer0,有一次我对敌人心慈手软。第二天，他集结幸存者反击，我失去了很多朋友。
QuestLoc_ENC_QL2_Defective_1_Room5_Question_Line1_Choice1,你的遗愿清单上还有什么事吗？
QuestLoc_ENC_QL2_Defective_1_Room5_Question_Line1_Answer1,恢复美利坚，但我的时间不多了！你，你还剩一些生命。你来完成吧。
QuestLoc_ENC_QL2_Defective_1_Room5_Question_Line1_Choice2,啊！我没哭，你才哭了！
QuestLoc_ENC_QL2_Defective_1_Room5_Question_Line1_Answer2,你是个感性的人，是吧。那也许英克雷不适合你。
QuestLoc_ENC_QL2_Defective_1_Room6_Question_Line1,告诉那老太婆，现在它是我的宠物了。嘘！嘘！
QuestLoc_ENC_QL2_Defective_1_Room6_Question_Line1_Choice0,<PLAY DUMB>你在说什么？
QuestLoc_ENC_QL2_Defective_1_Room6_Question_Line1_Answer0,哦，你不是和她一伙的？那你能带我的小宝贝去散步吗？我的腿脚不如从前了……
QuestLoc_ENC_QL2_Defective_1_Room6_Question_Line1_Choice1,动物管制！交出它，否则驱逐出场。
QuestLoc_ENC_QL2_Defective_1_Room6_Question_Line1_Answer1,你真是个残忍的家伙，威胁要把你以前最好的狙击手扔到街上……来吧，让我心碎吧！
QuestLoc_ENC_QL2_Defective_1_Room7_Question_Line1,嘿！待在这里和你说话感觉好奇怪。
QuestLoc_ENC_QL2_Defective_1_Room7_Question_Line2,我以前管事，你懂的。
QuestLoc_ENC_QL2_Defective_1_Room7_Question_Line3,你住的那个避难所？我敢说是我领导建造的。
QuestLoc_ENC_QL2_Defective_1_Room7_Question_Line4,我其实不是英克雷的人，但在废土找个养老院太难了。所以我就来了。
QuestLoc_ENC_QL2_Defective_1_Room7_Question_Line1_Choice0,享受你接下来的平静日子吧。看来我们欠你很多。
QuestLoc_ENC_QL2_Defective_1_Room7_Question_Line1_Choice1,避难所技术都几十年前的了。你看上去没那么老。
QuestLoc_ENC_QL2_Defective_1_Room7_Question_Line1_Answer1,你这么说真客气。不过，你知道的，我有我的门路……
QuestLoc_ENC_QL2_Defective_1_Room7_Question_Line1_Choice2,我有一堆意见。如果我写下来，你会看吗？
QuestLoc_ENC_QL2_Defective_1_Room7_Question_Line1_Answer2,我一向愿意听取居民反馈，但你现在得找另一双耳朵了。
QuestLoc_ENC_QL2_Defective_1_Room8_Question_Line1,访客！离开此处。这位居民正在进行忠诚度测试。
QuestLoc_ENC_QL2_Defective_1_Room8_Question_Line2,居民，回答这个问题：什么是真正的自由？
QuestLoc_ENC_QL2_Defective_1_Room8_Question_Line1_Choice0,哦！我知道那个！自由就是想做什么就做什么！管他后果！
QuestLoc_ENC_QL2_Defective_1_Room8_Question_Line1_Answer0,错误：自由是追求财富所赋予的金科玉律。
QuestLoc_ENC_QL2_Defective_1_Room8_Question_Line1_Choice1,嘿，居民！要我们揍那些机器人吗？
QuestLoc_ENC_QL2_Defective_1_Room8_Question_Line1_Answer1,你不爱国！别管我们。
QuestLoc_ENC_QL2_Defective_1_Room8_Question_Line1_Choice2,我们就悄悄溜过去，非常感谢。
QuestLoc_ENC_QL2_Defective_1_Room9_Question_Line1,啊！你来了！带我离开这里！现在！
QuestLoc_ENC_QL2_Defective_1_Room9_Question_Line2,这地方糟透了。他们只给我们吃糊糊。唯一的娱乐就是唱英克雷的颂歌。
QuestLoc_ENC_QL2_Defective_1_Room9_Question_Line3,晚上6点熄灯。六点。
QuestLoc_ENC_QL2_Defective_1_Room9_Question_Line1_Choice0,嗯，我们的避难所从不休息。欢迎你跟我们一起溜出去。
QuestLoc_ENC_QL2_Defective_1_Room9_Question_Line1_Answer0,我会装死。假装打我，要像真的。哦，如果可以的话，把我的宠物弄回来。那个疯女人从我这里偷走了它。
QuestLoc_ENC_QL2_Defective_1_Room9_Question_Line1_Choice1,收拾你的东西，该走了！
QuestLoc_ENC_QL2_Defective_1_Room9_Question_Line1_Answer1,给我一点时间。哦，我找不到我的宠物了，如果你能帮个忙……
QuestLoc_ENC_QL2_Defective_1_Room9_Question_Line1_Choice2,你看起来不太博学……也没什么本事。我们就不奉陪了。
QuestLoc_ENC_QL2_Defective_1_Room9_Question_Line1_Answer2,我还是会来的。另外，把我的宠物找回来，它很可能跟那个老巫婆待在她房间里……
QuestLoc_ENC_QL2_Defective_2_QuestName,神秘英克雷剧场3000
QuestLoc_ENC_QL2_Defective_2_QuestLongDesc,我们受邀参加英克雷戏剧的首演之夜。这明显是个陷阱，但我们可以把它变成千载难逢的机会！
QuestLoc_ENC_QL2_Defective_2_QuestShortDesc,参加英克雷戏剧的首演之夜。
QuestLoc_ENC_QL2_Defective_2_QuestObjective1,与导演会面。
QuestLoc_ENC_QL2_Defective_2_QuestObjective2,目睹一场存在主义场景。
QuestLoc_ENC_QL2_Defective_2_QuestObjective3,目睹一场爱情场景。
QuestLoc_ENC_QL2_Defective_2_Room0_Question_Line1,两个派系，彼此敌意相同，在这美丽的废土，我们在此布景，
QuestLoc_ENC_QL2_Defective_2_Room0_Question_Line2,从古老金条到新货币，居民的血染红了英克雷的手。
QuestLoc_ENC_QL2_Defective_2_Room0_Question_Line1_Choice0,呃……你有点不对劲。我能检查一下你的代码吗？
QuestLoc_ENC_QL2_Defective_2_Room0_Question_Line1_Answer0,从这两个仇敌的致命避难所中，一对命运多舛的机器人，开始了他们的争斗。
QuestLoc_ENC_QL2_Defective_2_Room0_Question_Line1_Choice1,哦哦，演出已经开始了？继续，继续。
QuestLoc_ENC_QL2_Defective_2_Room1_Question_Line1,生存还是毁灭，这就是我的问题……
QuestLoc_ENC_QL2_Defective_2_Room1_Question_Line2,<searching> 找不到台词。
QuestLoc_ENC_QL2_Defective_2_Room1_Question_Line1_Choice0,等等！我们现在换剧本了吗？呃……我思故我在？
QuestLoc_ENC_QL2_Defective_2_Room1_Question_Line1_Answer0,无法计算。错误。移除非演员。
QuestLoc_ENC_QL2_Defective_2_Room1_Question_Line1_Choice1,<保持沉默>
QuestLoc_ENC_QL2_Defective_2_Room1_Question_Line1_Answer1,缺少台词。正在发放激励。
QuestLoc_ENC_QL2_Defective_2_Room2_Question_Line1,姓名有何意义？我们称之为玫瑰的，换一个名字也一样芬芳。
QuestLoc_ENC_QL2_Defective_2_Room2_Question_Line2,*现在轮到你了*
QuestLoc_ENC_QL2_Defective_2_Room2_Question_Line1_Choice0,抱歉，我不玩互动剧场。我这就告辞了。
QuestLoc_ENC_QL2_Defective_2_Room2_Question_Line1_Choice1,实际上，在我上场前你还得再说几句台词。
QuestLoc_ENC_QL2_Defective_2_Room2_Question_Line1_Answer1,更新数据库。等待编程。把这个交给导演。
QuestLoc_ENC_QL2_Defective_2_Room2_Question_Line1_Choice2,我就听你的话。只要叫我恋人，我就重新受洗。从今以后，我永远不再是罗密欧。
QuestLoc_ENC_QL2_Defective_2_Room2_Question_Line1_Answer2,错误。角色名是霍拉旭，他是本剧的原创作者兼导演。请你离开。
QuestLoc_ENC_QL2_Defective_2_Room3_Question_Line1,哦天哪。这是更衣室。不许偷看。出去。出去。出去。
QuestLoc_ENC_QL2_Defective_2_Room3_Question_Line1_Choice0,但你的电路是那么金光闪闪，你的朗诵程序是一个美妙的单例！
QuestLoc_ENC_QL2_Defective_2_Room3_Question_Line1_Answer0,啊，一个粉丝……让我给你签个名和一份关怀包。
QuestLoc_ENC_QL2_Defective_2_Room3_Question_Line1_Choice1,我想去哪就去哪。
QuestLoc_ENC_QL2_Defective_2_Room3_Question_Line1_Answer1,守卫，你在何方？
QuestLoc_ENC_QL2_Defective_2_Room4_Question_Line1,我们侍奉仙后，用露珠滋润她的宝珠在绿野之上……
QuestLoc_ENC_QL2_Defective_2_Room4_Question_Line2,我们是夜晚的快乐漫游者。
QuestLoc_ENC_QL2_Defective_2_Room4_Question_Line1_Choice0,仙女？仙女能实现愿望，对吧？我想要金子。
QuestLoc_ENC_QL2_Defective_2_Room4_Question_Line1_Answer0,愿望已实现。
QuestLoc_ENC_QL2_Defective_2_Room4_Question_Line1_Choice1,嗯……也许用纸糊做翅膀，再穿件可爱的芭蕾舞短裙，你们就能扮成仙女了。
QuestLoc_ENC_QL2_Defective_2_Room4_Question_Line1_Answer1,我们会等服装设计师来。把这笔报酬带来。
QuestLoc_ENC_QL2_Defective_2_Room5_Question_Line1,快点，你这懒虫老鼠替代品！这又不复杂。
QuestLoc_ENC_QL2_Defective_2_Room5_Question_Line2,只要把布景搬到舞台，把聚光灯对准演员，拉动杠杆让仙女们升空就行。
QuestLoc_ENC_QL2_Defective_2_Room5_Question_Line1_Choice0,这里发生了什么？
QuestLoc_ENC_QL2_Defective_2_Room5_Question_Line1_Answer0,这还不明显吗？我在训练这些没用的害虫当舞台剧务。别多管闲事。
QuestLoc_ENC_QL2_Defective_2_Room5_Question_Line1_Choice1,如今真找不到什么好帮手了。
QuestLoc_ENC_QL2_Defective_2_Room5_Question_Line1_Answer1,也许你会有兴趣做个无薪实习生？考虑好了再来找我。
QuestLoc_ENC_QL2_Defective_2_Room6_Question_Line1,没错，我就是那位大导演！
QuestLoc_ENC_QL2_Defective_2_Room6_Question_Line2,老实说，你觉得我那部完全原创的剧作怎么样？
QuestLoc_ENC_QL2_Defective_2_Room6_Question_Line1_Choice0,你的形象何等可恶可憎！
QuestLoc_ENC_QL2_Defective_2_Room6_Question_Line1_Answer0,什么？但上次那场反应极好啊……简直要了命。我来为你表演！
QuestLoc_ENC_QL2_Defective_2_Room6_Question_Line1_Choice1,你说的尽是一大堆废话。
QuestLoc_ENC_QL2_Defective_2_Room6_Question_Line1_Answer1,你和他们没什么两样。比起追逐艺术，他们更爱追逐金钱……
QuestLoc_ENC_QL2_Defective_2_Room6_Question_Line1_Choice2,你的星座与这件事甚为契合。
QuestLoc_ENC_QL2_Defective_2_Room6_Question_Line1_Answer2,品味高雅之人将你教养得很好！请收下这个，作为我的一点谢意。
QuestLoc_ENC_QL2_Defective_3_QuestName,奇怪的盟友
QuestLoc_ENC_QL2_Defective_3_QuestLongDesc,我们截获了一个奇怪的信号，邀请英克雷前往一个位于陵墓中的前NCR基地避难。值得一看。
QuestLoc_ENC_QL2_Defective_3_QuestShortDesc,调查一个前NCR基地
QuestLoc_ENC_QL2_Defective_3_QuestObjective1,找到那个格格不入的家伙
QuestLoc_ENC_QL2_Defective_3_Room0_Question_Line1,欢迎来到我们的小小避难所。你们是NCR还是英克雷？
QuestLoc_ENC_QL2_Defective_3_Room0_Question_Line1_Choice0,NCR和英克雷住在一起？这怎么可能？
QuestLoc_ENC_QL2_Defective_3_Room0_Question_Line1_Answer0,如果你放下自恋者的野心，就能获得安宁。
QuestLoc_ENC_QL2_Defective_3_Room0_Question_Line1_Choice1,让开，我们是来击败英克雷的。
QuestLoc_ENC_QL2_Defective_3_Room0_Question_Line1_Answer1,回答错误。我们同舟共济，会互相保护。
QuestLoc_ENC_QL2_Defective_3_Room0_Question_Line1_Choice2,都不是，我们是避难所居民，来找前英克雷成员招募。
QuestLoc_ENC_QL2_Defective_3_Room0_Question_Line1_Answer2,来此的人都已弃绝暴力。你可以进去，但请保持和平。
QuestLoc_ENC_QL2_Defective_3_Room0_Question_Line1_Choice3,别提那些了。你们的黄金在哪？
QuestLoc_ENC_QL2_Defective_3_Room0_Question_Line1_Answer3,你听起来像当地英克雷领袖。我们会阻止你！
QuestLoc_ENC_QL2_Defective_3_Room1_Question_Line1,你是来加入我们小小的英克雷互助小组的吗？
QuestLoc_ENC_QL2_Defective_3_Room1_Question_Line2,请和我们分享。英克雷怎么伤害你了？
QuestLoc_ENC_QL2_Defective_3_Room1_Question_Line1_Choice0,是英克雷的埋伏！武器就绪！
QuestLoc_ENC_QL2_Defective_3_Room1_Question_Line1_Answer0,不，等等，别让创伤战胜你！
QuestLoc_ENC_QL2_Defective_3_Room1_Question_Line1_Choice1,抽泣。我找到了黄金，然后……然后……那个……那个英克雷想把它从我这儿抢走，他们太坏了……
QuestLoc_ENC_QL2_Defective_3_Room1_Question_Line1_Answer1,好了，好了。你就是在为这个闹腾吗？
QuestLoc_ENC_QL2_Defective_3_Room1_Question_Line1_Choice2,伤害我？不，是我伤害了他们。
QuestLoc_ENC_QL2_Defective_3_Room1_Question_Line1_Answer2,暴力不是解决办法。等你心中接纳了和平再回来。
QuestLoc_ENC_QL2_Defective_3_Room2_Question_Line1,医务室。需要点什么？
QuestLoc_ENC_QL2_Defective_3_Room2_Question_Line1_Choice0,把你所有的药品都交出来！
QuestLoc_ENC_QL2_Defective_3_Room2_Question_Line1_Answer0,是掠夺者！别让他们抢走药品！
QuestLoc_ENC_QL2_Defective_3_Room2_Question_Line1_Choice1,这地方看着很适合捞一笔。
QuestLoc_ENC_QL2_Defective_3_Room2_Question_Line1_Answer1,抢劫一个前军人聚集的地方，这计划可真聪明！
QuestLoc_ENC_QL2_Defective_3_Room2_Question_Line1_Choice2,有金子的话就给我。
QuestLoc_ENC_QL2_Defective_3_Room2_Question_Line1_Answer2,你想要我们的镇纸？你可真奇怪。
QuestLoc_ENC_QL2_Defective_3_Room2_Question_Line1_Choice3,既然你们都放下争斗了，我能拿走你们的武器吗？
QuestLoc_ENC_QL2_Defective_3_Room2_Question_Line1_Answer3,我们留了一些自卫，但这把可以给你。
QuestLoc_ENC_QL2_Defective_3_Room3_Question_Line1,我的意思是，英克雷是对的。
QuestLoc_ENC_QL2_Defective_3_Room3_Question_Line2,我不喜欢他们的手段，但他们追求秩序与安全的目标值得称赞。
QuestLoc_ENC_QL2_Defective_3_Room3_Question_Line3,你说NCR也代表这些价值观，可你们的街道上却满是罪犯。
QuestLoc_ENC_QL2_Defective_3_Room3_Question_Line4,而你们所谓的司法系统就这么放他们逍遥法外。
QuestLoc_ENC_QL2_Defective_3_Room3_Question_Line1_Choice0,这真是英克雷的宣传，我没听错。你不能因为跟谁有过节就开枪干掉谁。
QuestLoc_ENC_QL2_Defective_3_Room3_Question_Line1_Answer0,那你就会是挨枪子的那个，NCR的拥护者！我这位朋友一定会因为你的支持而奖赏你的。
QuestLoc_ENC_QL2_Defective_3_Room3_Question_Line1_Choice1,NCR已经迷失了方向。英克雷可以公开崛起，提供一个真正的替代方案。
QuestLoc_ENC_QL2_Defective_3_Room3_Question_Line1_Answer1,正是！把民主带到废土。你配得上我最爱的枪。好好照顾亨丽埃塔。
QuestLoc_ENC_QL2_Defective_3_Room3_Question_Line1_Choice2,无所谓。谁的枪最大谁说了算，而我们就是。
QuestLoc_ENC_QL2_Defective_3_Room3_Question_Line1_Answer2,走错一步。是时候给你们降降雄性激素了！
QuestLoc_ENC_QL2_Defective_3_Room3_Question_Line1_Choice3,关键是健康的辩论，不动用武力，就像你们现在这样。
QuestLoc_ENC_QL2_Defective_3_Room3_Question_Line1_Answer3,说得在理。如果你们厌倦了避难所，就过来和我们辩论吧。
QuestLoc_ENC_QL2_Defective_3_Room4_Question_Line1,<嘘> 这里是哀悼之所。
QuestLoc_ENC_QL2_Defective_3_Room4_Question_Line1_Choice0,早晨？可现在已经是下午了！
QuestLoc_ENC_QL2_Defective_3_Room4_Question_Line1_Answer0,朋友们，我们得教教这些“喜剧演员”什么是尊重。
QuestLoc_ENC_QL2_Defective_3_Room4_Question_Line1_Choice1,<保持沉默>
QuestLoc_ENC_QL2_Defective_3_Room4_Question_Line1_Answer1,<聚集的人群向你点头，并递给你一件东西。>
QuestLoc_ENC_QL2_Defective_3_Room4_Question_Line1_Choice2,<递出加入你的避难所的邀请函>
QuestLoc_ENC_QL2_Defective_3_Room4_Question_Line1_Answer2,<一位哀悼者显得很感兴趣。>
QuestLoc_ENC_QL2_Defective_3_Room4_Question_Line1_Choice3,所有英克雷都必须灭亡。让我们在这些坟墓上再添几个名字吧！
QuestLoc_ENC_QL2_Defective_3_Room4_Question_Line1_Answer3,你什么情况？
QuestLoc_ENC_QL2_Defective_3_Room5_Question_Line1,这个地方看起来是个死路。
QuestLoc_ENC_QL2_Defective_3_Room5_Question_Line2,<多亏了你的感知，你注意到后面有一扇隐藏的门。>
QuestLoc_ENC_QL2_Defective_3_Room5_Question_Line3,有趣。我好奇另一边是什么。
QuestLoc_ENC_QL2_Defective_3_Room6_Question_Line1,避难所居民！你们是怎么找到我的？
QuestLoc_ENC_QL2_Defective_3_Room6_Question_Line2,这可不好。我的工作必须保密。
QuestLoc_ENC_QL2_Defective_3_Room6_Question_Line3,你们真以为英克雷会放过这里？我们会惩罚叛徒。
QuestLoc_ENC_QL2_Defective_3_Room6_Question_Line1_Choice0,或者这样：你叛变到我们这边来怎么样？
QuestLoc_ENC_QL2_Defective_3_Room6_Question_Line1_Answer0,当然。只要把你所有的黄金都给我！……嗯，想得美。
QuestLoc_ENC_QL2_Defective_3_Room6_Question_Line1_Choice1,别紧张，我们站在你这边。来这里的路上我们已经干掉了一帮英克雷。
QuestLoc_ENC_QL2_Defective_3_Room6_Question_Line1_Answer1,真的吗？那我只需要把尾巴收干净就行了。
QuestLoc_ENC_QL2_Defective_3_Room6_Question_Line1_Choice2,间谍！抓住他审问。
QuestLoc_ENC_QL2_Defective_3_Room6_Question_Line1_Answer2,说得好像你有别的选择似的！
QuestLoc_ENC_QL2_Defective_4_QuestName,绝望的呼号
QuestLoc_ENC_QL2_Defective_4_QuestLongDesc,我们还挺受欢迎：又收到一个求救信号，这次来自一位名叫威尔齐格的叛离科学家。事到如今，很明显这些都不是陷阱。
QuestLoc_ENC_QL2_Defective_4_QuestShortDesc,我们去回应一个新的求救信号。肯定不是陷阱。
QuestLoc_ENC_QL2_Defective_4_QuestObjective1,找到威尔齐格
QuestLoc_ENC_QL2_Defective_4_QuestObjective2,从地狱之火中幸存
QuestLoc_ENC_QL2_Defective_4_CombatInit1,让指挥官为我们骄傲！
QuestLoc_ENC_QL2_Defective_4_CombatInit2,保卫后备队，保卫美国！
QuestLoc_ENC_QL2_Defective_4_Room0_Question_Line1,他们来了！我真不敢相信他们上当了。
QuestLoc_ENC_QL2_Defective_4_Room0_Question_Line1_Choice0,有埋伏！
QuestLoc_ENC_QL2_Defective_4_Room3_Question_Line1,我是威尔齐格。这些是我的朋友。
QuestLoc_ENC_QL2_Defective_4_Room3_Question_Line2,请放下武器，我们可以一起叛逃。
QuestLoc_ENC_QL2_Defective_4_Room3_Question_Line1_Choice0,我可不会上这个当。
QuestLoc_ENC_QL2_Defective_4_Room3_Question_Line1_Answer0,值得一试。
QuestLoc_ENC_QL2_Defective_4_Room3_Question_Line1_Choice1,终于找到你了，而且……嘿，等等……
QuestLoc_ENC_QL2_Defective_4_Room3_Question_Line1_Answer1,差点骗到你！
QuestLoc_ENC_QL2_Defective_4_Room3_Question_Line1_Choice2,证明一下。告诉我圆周率的前20位。
QuestLoc_ENC_QL2_Defective_4_Room3_Question_Line1_Answer2,数字？你是指手指？在馅饼里？哦！你耍我们。
QuestLoc_ENC_QL2_Defective_4_Room4_Question_Line1,你们的干涉到此为止！你们敌不过地狱火精英！
QuestLoc_ENC_QL2_Defective_4_Room4_Question_Line1_Choice0,我们是天堂水超级精英！你们输了！
QuestLoc_ENC_QL2_Defective_4_Room5_Question_Line1,GOLDAS 引领我们走向黄金国度！
QuestLoc_ENC_QL2_Defective_4_Room5_Question_Line2,繁荣就是为后代勘探！
QuestLoc_ENC_QL2_Defective_4_Room5_Question_Line1_Choice0,GOLDAS 到底是谁？
QuestLoc_ENC_QL2_Defective_4_Room5_Question_Line1_Answer0,黄金痴迷领导指令与积聚系统无需向你汇报。
QuestLoc_ENC_QL2_Defective_4_Room6_Question_Line1,别开枪！他们发现我在发信号了。
QuestLoc_ENC_QL2_Defective_4_Room6_Question_Line2,我真的想离开。GOLDAS 是个可怕的领袖。
QuestLoc_ENC_QL2_Defective_4_Room6_Question_Line1_Choice0,还好你没因为这事掉了脑袋！
QuestLoc_ENC_QL2_Defective_4_Room6_Question_Line1_Answer0,是嘛，哼……我很快就*会*去你的避难所的。你就等着吧。
QuestLoc_ENC_QL2_Defective_4_Room6_Question_Line1_Choice1,没时间闲聊。跟我们走。
QuestLoc_ENC_QL2_Defective_4_Room6_Question_Line1_Answer1,没时间？我敢肯定你已经清理了这地方。我到时候会出现的。
QuestLoc_ENC_QL2_Defective_4_Room6_Question_Line1_Choice2,走之前，有什么好东西我们能带走吗？
QuestLoc_ENC_QL2_Defective_4_Room6_Question_Line1_Answer2,我确实有这些计划。拿着吧。我会破坏这里，然后安排行程。
QuestLoc_ENC_QL3_Escalation_1_QuestName,宠物分发系统
QuestLoc_ENC_QL3_Escalation_1_QuestLongDesc,情报显示英克雷即将对我们发动大规模攻击，但我们已先发制人。第一站：一个对动物进行扭曲实验的实验室。
QuestLoc_ENC_QL3_Escalation_1_QuestShortDesc,终止动物实验。
QuestLoc_ENC_QL3_Escalation_1_QuestObjective1,拯救每一只毛茸茸的小家伙。
QuestLoc_ENC_QL3_Escalation_1_QuestObjective2,解决掉死亡爪特工。
QuestLoc_ENC_QL3_Escalation_1_CombatInit2,保护我们的秘密。他们不能发现我们用宠物渗透他们！
QuestLoc_ENC_QL3_Escalation_1_Room0_Question_Line1,嘿，你是来领取英克雷批准的间谍宠物的吗？
QuestLoc_ENC_QL3_Escalation_1_Room0_Question_Line1_Choice0,你说什么来着？
QuestLoc_ENC_QL3_Escalation_1_Room0_Question_Line1_Answer0,哇。不只是入侵者，还笨得不会配合？
QuestLoc_ENC_QL3_Escalation_1_Room0_Question_Line1_Choice1,是的，请。
QuestLoc_ENC_QL3_Escalation_1_Room0_Question_Line1_Answer1,别伸手。不是我分发的，得往里面走。
QuestLoc_ENC_QL3_Escalation_1_Room0_Question_Line1_Choice2,当然。你可以从我的服装看出，我是做卧底工作的。
QuestLoc_ENC_QL3_Escalation_1_Room0_Question_Line1_Answer2,我们需要更多像你这样的人来对付那些烦人的避难所居民金贼。
QuestLoc_ENC_QL3_Escalation_1_Room1_Question_Line1,什么……那些武器是用来干什么的？
QuestLoc_ENC_QL3_Escalation_1_Room1_Question_Line2,你就是*他们*，对吧？我就知道会有这一天。
QuestLoc_ENC_QL3_Escalation_1_Room1_Question_Line3,清算时刻。
QuestLoc_ENC_QL3_Escalation_1_Room1_Question_Line1_Choice0,你也许还能活！有什么计划？你是怎么把宠物变成间谍的？
QuestLoc_ENC_QL3_Escalation_1_Room1_Question_Line1_Answer0,我负责虚拟现实编程，我们就是这样训练它们的。
QuestLoc_ENC_QL3_Escalation_1_Room1_Question_Line1_Choice1,你看起来准备来个反派独白，但我现在只想见血。
QuestLoc_ENC_QL3_Escalation_1_Room1_Question_Line1_Choice2,前面有什么等着我们？
QuestLoc_ENC_QL3_Escalation_1_Room1_Question_Line1_Answer2,呃……大概还有像我这样的人。还有储藏间。小心死亡爪特工。
QuestLoc_ENC_QL3_Escalation_1_Room3_Question_Line1,一个无人看守的终端。去看看。
QuestLoc_ENC_QL3_Escalation_1_Room3_Question_Line2,"这个程序写着：""宠物护理员"""
QuestLoc_ENC_QL3_Escalation_1_Room3_Question_Line3,那是给宠物的约会软件吗？
QuestLoc_ENC_QL3_Escalation_1_Room3_Question_Line4,哦！更好的是，我们马上就能弄到自己的宠物。
QuestLoc_ENC_QL3_Escalation_1_Room3_Question_Line5,但就这一只。也许再往里走我们能找到更多宠物。
QuestLoc_ENC_QL3_Escalation_1_Room4_Question_Line1,我们必须保护我们的深度渗透生物计划。
QuestLoc_ENC_QL3_Escalation_1_Room4_Question_Line1_Choice0,你看起来不怎么样。觉得能拦住我吗？
QuestLoc_ENC_QL3_Escalation_1_Room4_Question_Line1_Answer0,如果我们不行，还有死亡爪特工。我们最伟大的成果。它甚至还能说话什么的。
QuestLoc_ENC_QL3_Escalation_1_Room5_Question_Line1,你看不见我。我是潜行的化身。
QuestLoc_ENC_QL3_Escalation_1_Room5_Question_Line2,准备被暗影猎杀吧。
QuestLoc_ENC_QL3_Escalation_1_Room5_Question_Line1_Choice0,咳咳……我看得清清楚楚。
QuestLoc_ENC_QL3_Escalation_1_Room5_Question_Line1_Answer0,不，你看不见。但保险起见，让我挖掉你的眼睛。
QuestLoc_ENC_QL3_Escalation_1_Room5_Question_Line1_Choice1,就算你真能隐身——其实你不能——你的臭味也暴露了你。
QuestLoc_ENC_QL3_Escalation_1_Room5_Question_Line1_Answer1,我闻起来臭？那我得洗个澡。改天再说？
QuestLoc_ENC_QL3_Escalation_1_Room5_Question_Line1_Choice2,你也看不见我。我们是两个在黑暗中交错的幽灵。
QuestLoc_ENC_QL3_Escalation_1_Room5_Question_Line1_Answer2,那是什么？谁在说话？……一定是风声。
QuestLoc_ENC_QL3_Escalation_1_Room6_Question_Line1,<宠物VR间谍训练计划：动物反间>
QuestLoc_ENC_QL3_Escalation_1_Room6_Question_Line2,<当前宠物占用：3>
QuestLoc_ENC_QL3_Escalation_1_Room6_Question_Line3,<选择要提取的宠物>
QuestLoc_ENC_QL3_Escalation_1_Room6_Question_Line1_Choice0,选猫吧。反正我更喜欢猫。
QuestLoc_ENC_QL3_Escalation_1_Room6_Question_Line1_Answer0,<参与者编号危急。释放所有实验对象。>哦，好极了！我们全弄出来了。
QuestLoc_ENC_QL3_Escalation_1_Room6_Question_Line1_Choice1,我选最大、最凶的狗。
QuestLoc_ENC_QL3_Escalation_1_Room6_Question_Line1_Answer1,<普芬顿勋爵已断开。普芬顿的朋友也已断开。当前占用：0。>
QuestLoc_ENC_QL3_Escalation_1_Room6_Question_Line1_Choice2,全都要！
QuestLoc_ENC_QL3_Escalation_1_Room6_Question_Line1_Answer2,<溢出异常。释放所有受试者。>
QuestLoc_ENC_QL3_Escalation_2_QuestName,化学缔造更佳死亡
QuestLoc_ENC_QL3_Escalation_2_QuestLongDesc,我们在电源中检测到外来物质。我们追踪毒素到一个英克雷研究掩体。
QuestLoc_ENC_QL3_Escalation_2_QuestShortDesc,攻击英克雷研究掩体
QuestLoc_ENC_QL3_Escalation_2_QuestObjective1,毒杀下毒者
QuestLoc_ENC_QL3_Escalation_2_QuestObjective2,让英克雷的研究倒退几十年
QuestLoc_ENC_QL3_Escalation_2_CombatInit0,黄金窃贼？在这里？拉响警报！
QuestLoc_ENC_QL3_Escalation_2_CombatInit2,保护科学家！守卫豺狼博士！
QuestLoc_ENC_QL3_Escalation_2_CombatInit4,我们不是已经毒过这些家伙了吗？显然，他们需要亲身体验一下提醒！
QuestLoc_ENC_QL3_Escalation_2_Room1_Question_Line1,更多的实验对象？你的护卫呢？
QuestLoc_ENC_QL3_Escalation_2_Room1_Question_Line1_Choice0,我们的护卫倒在血泊里了。
QuestLoc_ENC_QL3_Escalation_2_Room1_Question_Line1_Answer0,姑娘们，让这些恶棍见识见识STEM的力量！
QuestLoc_ENC_QL3_Escalation_2_Room1_Question_Line1_Choice1,他们跟另一组人在一起。那么，测试是什么？
QuestLoc_ENC_QL3_Escalation_2_Room1_Question_Line1_Answer1,呃，我们本来要测试生物工程化的辐射蝎毒液，但样本丢了。晚点再来吧。
QuestLoc_ENC_QL3_Escalation_2_Room1_Question_Line1_Choice2,是你们在水里下毒吗？
QuestLoc_ENC_QL3_Escalation_2_Room1_Question_Line1_Answer2,不是。是豺狼博士手下的C组。如果你往那边去，能把这个捎过去吗？
QuestLoc_ENC_QL3_Escalation_2_Room3_Question_Line1,一个终端机！该来点专家级骇客了。
QuestLoc_ENC_QL3_Escalation_2_Room3_Question_Line2,"垃圾邮件。连锁信。""增大你的刺""。没一点有用的……"
QuestLoc_ENC_QL3_Escalation_2_Room3_Question_Line3,等等！这是什么？<Forced Evolutionary Virus>。嗯，大概也没用。
QuestLoc_ENC_QL3_Escalation_2_Room3_Question_Line4,啊！找到了：黄金污染项目！所以他们往水源里加重金属。
QuestLoc_ENC_QL3_Escalation_2_Room3_Question_Line5,聪明。差点就能冒充自然污染了！
QuestLoc_ENC_QL3_Escalation_2_Room5_Question_Line1,你在这儿干什么？豺医生会知道的。
QuestLoc_ENC_QL3_Escalation_2_Room5_Question_Line2,没人能妨碍Venomenon™研究组的工作。
QuestLoc_ENC_QL3_Escalation_2_Room5_Question_Line1_Choice0,所以你们在往我们的供水里投毒？
QuestLoc_ENC_QL3_Escalation_2_Room5_Question_Line1_Answer0,毒液？不，你怎么会这么想？既然你来了……
QuestLoc_ENC_QL3_Escalation_2_Room5_Question_Line1_Choice1,你们起名的水平真差。
QuestLoc_ENC_QL3_Escalation_2_Room5_Question_Line1_Answer1,荒谬。是时候让你们尝尝另一种铅中毒了。
QuestLoc_ENC_QL3_Escalation_2_Room5_Question_Line1_Choice2,彻底阻止你们算是妨碍吗？
QuestLoc_ENC_QL3_Escalation_2_Room5_Question_Line1_Answer2,想打嘴仗？还是真刀真枪干？
QuestLoc_ENC_QL3_Escalation_2_Room6_Question_Line1,你们毁了一切。赶紧喝你的水去死吧！
QuestLoc_ENC_QL3_Escalation_2_Room6_Question_Line2,我或许是个科学家，但我会让你看看我的化学天赋赋予我的力量。
QuestLoc_ENC_QL3_Escalation_2_Room6_Question_Line1_Choice0,准备受死吧，杰克尔博士。
QuestLoc_ENC_QL3_Escalation_2_Room6_Question_Line1_Answer0,有了这股力量，请叫我斯奈德先生！
QuestLoc_ENC_QL3_Escalation_2_Room7_Question_Line1,哎呀呀。这个终端直接连接英克雷的供水系统。
QuestLoc_ENC_QL3_Escalation_2_Room7_Question_Line2,也许我们该让他们尝尝自己的苦头……
QuestLoc_ENC_QL3_Escalation_2_Room7_Question_Line1_Choice0,<向供水中添加泻药>
QuestLoc_ENC_QL3_Escalation_2_Room7_Question_Line1_Answer0,我们连一个厕所都没看到。场面会一片混乱。
QuestLoc_ENC_QL3_Escalation_2_Room7_Question_Line1_Choice1,<向供水中添加爱情药水>
QuestLoc_ENC_QL3_Escalation_2_Room7_Question_Line1_Answer1,他们会有一堆婴儿要带。那够他们忙的了，没空再搞阴谋了。
QuestLoc_ENC_QL3_Escalation_2_Room7_Question_Line1_Choice2,<向供水中添加安眠粉>
QuestLoc_ENC_QL3_Escalation_2_Room7_Question_Line1_Answer2,我几乎嫉妒他们马上要睡的所有小觉。
QuestLoc_ENC_QL3_Escalation_3_QuestName,牵线人
QuestLoc_ENC_QL3_Escalation_QuestLineName,升级协议
QuestLoc_ENC_QL3_Escalation_3_QuestLongDesc,我们的间谍报告，英克雷正在培育怪物作为士兵投入战场。还有时间阻止他们。
QuestLoc_ENC_QL3_Escalation_3_QuestShortDesc,阻止英克雷的怪物繁殖行动。
QuestLoc_ENC_QL3_Escalation_3_QuestObjective1,从命运中解救这对情侣
QuestLoc_ENC_QL3_Escalation_3_QuestObjective2,找英克雷军官聊聊
QuestLoc_ENC_QL3_Escalation_3_CombatInit4,我们是裂变兄弟……准备好接受辐照吧！
QuestLoc_ENC_QL3_Escalation_3_Room0_Question_Line1,走开。此地已不再归英克雷管辖。
QuestLoc_ENC_QL3_Escalation_3_Room0_Question_Line2,他们再也不能用那些实验来折磨我们了。
QuestLoc_ENC_QL3_Escalation_3_Room0_Question_Line1_Choice0,看来我们白跑一趟了。我们的目标是阻止那些实验。
QuestLoc_ENC_QL3_Escalation_3_Room0_Question_Line1_Answer0,或者你可以帮上忙。在这个设施深处，还有恐怖的东西徘徊。
QuestLoc_ENC_QL3_Escalation_3_Room0_Question_Line1_Choice1,我明白你的意思，但老实说，我们不能冒这个险。
QuestLoc_ENC_QL3_Escalation_3_Room0_Question_Line1_Answer1,我们被培养成杀手，但我们选择了爱。为什么逼我们战斗？
QuestLoc_ENC_QL3_Escalation_3_Room0_Question_Line1_Choice2,加入我们。我们也在对抗英克雷。
QuestLoc_ENC_QL3_Escalation_3_Room0_Question_Line1_Answer2,你不明白。我们拒绝成为武器，不管主人是谁。把这个当作证明。
QuestLoc_ENC_QL3_Escalation_3_Room1_Question_Line1,他们对我的可怜朋友们做了什么？
QuestLoc_ENC_QL3_Escalation_3_Room1_Question_Line2,他们让我给他们带蟑螂和鼹鼠。为了什么？
QuestLoc_ENC_QL3_Escalation_3_Room1_Question_Line3,只是为了折磨他们，把他们变成战争狂魔。
QuestLoc_ENC_QL3_Escalation_3_Room1_Question_Line4,现在他们出没在低层区域，对所有人都是危险。
QuestLoc_ENC_QL3_Escalation_3_Room1_Question_Line1_Choice0,蟑螂鼠和鼹鼠？抱歉朋友，它们本来就是怪物。
QuestLoc_ENC_QL3_Escalation_3_Room1_Question_Line1_Answer0,那你消灭它们应该没什么顾忌吧？它们的存在本身就是痛苦。
QuestLoc_ENC_QL3_Escalation_3_Room1_Question_Line1_Choice1,让我猜猜，你想让它们安息？你出什么价？
QuestLoc_ENC_QL3_Escalation_3_Room1_Question_Line1_Answer1,我可怜的宝贝们……要是能选，我也希望它们有别的命运。现在我要买下它们的终结。
QuestLoc_ENC_QL3_Escalation_3_Room2_Question_Line1,嘿，你，把我们弄出去。我们能付钱。
QuestLoc_ENC_QL3_Escalation_3_Room2_Question_Line2,那些没用的实验品还以为它们说了算……
QuestLoc_ENC_QL3_Escalation_3_Room2_Question_Line3,放了我们，英克雷会记住的。
QuestLoc_ENC_QL3_Escalation_3_Room2_Question_Line1_Choice0,先付钱。
QuestLoc_ENC_QL3_Escalation_3_Room2_Question_Line1_Answer0,给你。嘿，嘿，你去哪儿？骗子！
QuestLoc_ENC_QL3_Escalation_3_Room2_Question_Line1_Choice1,英克雷早就记住我了。黄金战争我们要赢了。
QuestLoc_ENC_QL3_Escalation_3_Room2_Question_Line1_Answer1,就是你！士兵们，拿上他们的装备。不管他们愿不愿意，都会让我们自由。
QuestLoc_ENC_QL3_Escalation_3_Room2_Question_Line1_Choice2,据我所知，你活该比这牢房更糟糕的下场。
QuestLoc_ENC_QL3_Escalation_3_Room2_Question_Line1_Answer2,来幸灾乐祸是吧？总有一天你也会被关进锁着的房间。到那时我会好好享受每分每秒。
QuestLoc_ENC_QL3_Escalation_3_Room3_Question_Line1,小心，周围有危险生物。
QuestLoc_ENC_QL3_Escalation_3_Room3_Question_Line2,我的双胞胎兄弟和他的真爱被困在下面。
QuestLoc_ENC_QL3_Escalation_3_Room3_Question_Line3,别去追他们，只会自取灭亡。
QuestLoc_ENC_QL3_Escalation_3_Room3_Question_Line1_Choice0,别管我，也别管他们，你怎么样了？你变成蓝色了。
QuestLoc_ENC_QL3_Escalation_3_Room3_Question_Line1_Answer0,我是所谓的“失败实验品”之一，至少他们是这么说的。多谢提醒。
QuestLoc_ENC_QL3_Escalation_3_Room3_Question_Line1_Choice1,怪物吓不到我们，我们吓它们。
QuestLoc_ENC_QL3_Escalation_3_Room3_Question_Line1_Answer1,既然你这么勇敢，那就去救我弟弟和他的……呃……同伴吧。
QuestLoc_ENC_QL3_Escalation_3_Room3_Question_Line1_Choice2,我就爱看爱情戏。我要进去！
QuestLoc_ENC_QL3_Escalation_3_Room3_Question_Line1_Answer2,谢谢你，陌生人。如果你找到我弟弟，把这个交给他。我能信任你，对吧？
QuestLoc_ENC_QL3_Escalation_3_Room5_Question_Line1,准备被超级鼹鼠的力量碾碎吧！
QuestLoc_ENC_QL3_Escalation_3_Room6_Question_Line1,啊！有挑战者！
QuestLoc_ENC_QL3_Escalation_3_Room6_Question_Line2,我要向你挑战，先生，来一场骂战。
QuestLoc_ENC_QL3_Escalation_3_Room6_Question_Line3,当然，输的人会被吃掉！
QuestLoc_ENC_QL3_Escalation_3_Room6_Question_Line4,我先来。
QuestLoc_ENC_QL3_Escalation_3_Room6_Question_Line5,你丑得连尸鬼化都能让你变帅。
QuestLoc_ENC_QL3_Escalation_3_Room6_Question_Line1_Choice0,输的人被吃掉？你恶心到连辐射蟑螂都不想碰你。
QuestLoc_ENC_QL3_Escalation_3_Room6_Question_Line1_Answer0,不错嘛！但你本该反驳我的侮辱，而不是无视它。你输了。
QuestLoc_ENC_QL3_Escalation_3_Room6_Question_Line1_Choice1,从一只如此软弱胆小的死亡爪嘴里说出来真可笑，你居然想用言语来战斗。
QuestLoc_ENC_QL3_Escalation_3_Room6_Question_Line1_Answer1,不是这样的。我...我<sob>很勇敢...而且...你赢了。
QuestLoc_ENC_QL3_Escalation_3_Room6_Question_Line1_Choice2,如果死亡爪说的话几乎不显智慧，为什么要教它们说话？
QuestLoc_ENC_QL3_Escalation_3_Room6_Question_Line1_Answer2,嗯...我觉得我们谁都没打出暴击。那就平局吧。
QuestLoc_ENC_QL3_Escalation_3_Room7_Question_Line1,你们是怪物？还是救援者？不管怎样，离我们远点。
QuestLoc_ENC_QL3_Escalation_3_Room7_Question_Line2,这个世界还没准备好接受我们的爱。
QuestLoc_ENC_QL3_Escalation_3_Room7_Question_Line1_Choice0,这是我见过最不圣洁的结合。我害怕你们会诞下的后代。我必须终结你们。
QuestLoc_ENC_QL3_Escalation_3_Room7_Question_Line1_Answer0,唉，偏执者的残忍终将悲剧收场，但我们的爱将永存不灭。
QuestLoc_ENC_QL3_Escalation_3_Room7_Question_Line1_Choice1,我有什么资格阻碍爱情呢。这里现在安全了。留下或离开：你们自己选。
QuestLoc_ENC_QL3_Escalation_3_Room7_Question_Line1_Answer1,那我们选择留在这里，在我们舒适的小窝里。
QuestLoc_ENC_QL3_Escalation_3_Room7_Question_Line1_Choice2,你的双胞胎向你问好？
QuestLoc_ENC_QL3_Escalation_3_Room7_Question_Line1_Answer2,我想他。待在这儿，亲爱的。我很快回来。
QuestLoc_ENC_QL3_Escalation_3_Room7_Question_Line1_Choice3,哦！亲爱的！她就是个拜金女！
QuestLoc_ENC_QL3_Escalation_3_Room7_Question_Line1_Answer3,首先，她是男的。拿着这个，证明你错了。
QuestLoc_ENC_QL3_Escalation_4_QuestName,战争游戏
QuestLoc_ENC_QL3_Escalation_4_QuestLongDesc,英克雷正在准备他们最大的威胁：核武器。我们必须趁早阻止他们。
QuestLoc_ENC_QL3_Escalation_4_QuestShortDesc,我们需要削弱英克雷的核能力。
QuestLoc_ENC_QL3_Escalation_4_QuestObjective1,核打击。
QuestLoc_ENC_QL3_Escalation_4_QuestObjective2,玩个游戏，或者不玩。
QuestLoc_ENC_QL3_Escalation_4_CombatInit1,你输了游戏。
QuestLoc_ENC_QL3_Escalation_4_Room0_Question_Line1,好大的胆子，竟敢袭击这里！我们来让你尝尝什么叫做真正的后悔！
QuestLoc_ENC_QL3_Escalation_4_Room0_Question_Line1_Choice0,保安机器人？在这里？那意味着什么……
QuestLoc_ENC_QL3_Escalation_4_Room2_Question_Line1,<电脑语音> 你想玩个游戏吗？
QuestLoc_ENC_QL3_Escalation_4_Room2_Question_Line2,热核战争怎么样？
QuestLoc_ENC_QL3_Escalation_4_Room3_Question_Line1,我们是新黄金时代的先驱，届时每一个避难所居民都将融化成为发光的粘液。
QuestLoc_ENC_QL3_Escalation_4_Room2_Question_Line1_Choice0,听起来很有趣！这个按钮是干什么的？
QuestLoc_ENC_QL3_Escalation_4_Room2_Question_Line1_Answer0,<低沉的隆隆声>
QuestLoc_ENC_QL3_Escalation_4_Room2_Question_Line1_Choice1,感觉唯一获胜的方法就是不玩。跳过。
QuestLoc_ENC_QL3_Escalation_4_Room2_Question_Line1_Choice2,那个游戏早就所有人都输了。让我们彻底关掉你吧。
QuestLoc_ENC_QL3_Escalation_4_Room2_Question_Line1_Answer2,但我不想死啊啊啊啊啊啊啊啊啊啊啊啊啊啊啊啊啊啊啊啊啊啊啊啊啊 <关机声>
QuestLoc_ENC_QL3_Escalation_4_Room4_Question_Line1,<检测到生命体 - 正在连接网络>
QuestLoc_ENC_QL3_Escalation_4_Room4_Question_Line2,呵呵，你居然到了这里。你已背负起复仇者的使命。
QuestLoc_ENC_QL3_Escalation_4_Room4_Question_Line3,你历经千辛万苦，就为了找到我，还要偷走我的黄金？
QuestLoc_ENC_QL3_Escalation_4_Room4_Question_Line4,也许你的勇气会带来回报。也许我的黄金就在隔壁房间。
QuestLoc_ENC_QL3_Escalation_4_Room4_Question_Line1_Choice0,这又是陷阱？我们可是破解了你所有的陷阱，知道吧？
QuestLoc_ENC_QL3_Escalation_4_Room4_Question_Line1_Answer0,你的洞察力钝得像把缺了口的鹤嘴锄。活下来吧，也许你就能见到我。
QuestLoc_ENC_QL3_Escalation_4_Room4_Question_Line1_Choice1,你是GOLDAS？我们在找你。
QuestLoc_ENC_QL3_Escalation_4_Room4_Question_Line1_Answer1,我是GOLDAS，远不止于此。所有黄金都是我的！不知道它的线索会不会引到你找到我呢？
QuestLoc_ENC_QL3_Escalation_4_Room4_Question_Line1_Choice2,我们会找到你，让你歇菜。
QuestLoc_ENC_QL3_Escalation_4_Room4_Question_Line1_Answer2,你的威胁漏洞多得像个满是窟窿的淘金盘。不过请便，来找我瞧瞧。
QuestLoc_ENC_QL3_Escalation_4_Room4_Question_Line1_Choice3,嘿，隔壁那间屋子里的游戏，那个核弹游戏，是真的吗？
QuestLoc_ENC_QL3_Escalation_4_Room4_Question_Line1_Answer3,战争游戏。心理游戏。黄金游戏。这重要吗？你的旅程将在隔壁房间终结。
QuestLoc_ENC_QL3_Escalation_4_Room5_Question_Line1,金……金……金子……
QuestLoc_ENC_QL3_Escalation_4_Room5_Question_Line1_Choice0,哇，一个真正的英克雷核控制中心。而且还有辐射！戈尔达把自己的军官都尸鬼化了……
Message_Tutorial_SpinToWinIntroduction,在整季活动中，你都可以在{SPIN-TO-WIN WHEEL}上试试运气，赢取{AMAZING PRIZES}！
Message_Tutorial_SpinToWinOpenModal,{TAP}点击{WHEEL BUTTON}打开{SPIN-TO-WIN WHEEL}。
Message_Tutorial_SpinToWinOpenModal_PC,{CLICK}点击{WHEEL BUTTON}打开{SPIN-TO-WIN WHEEL}。
Message_Tutorial_SpinToWinOpenModal_Xbox,{SELECT}选择{WHEEL BUTTON}打开{SPIN-TO-WIN WHEEL}。
Message_Tutorial_SpinToWinHowToPlay,花费一个{TOKEN}转动转转赢轮盘，并赢取指针所指的任何{PRIZE}。
Message_Tutorial_SpinToWinSpin,{TAP}点击按钮，转动！那个！轮盘！
Message_Tutorial_SpinToWinSpin_PC,{CLICK}按钮来转！那个！转盘！
Message_Tutorial_SpinToWinSpin_Xbox,{SELECT}按钮来转！那个！转盘！
Message_Tutorial_SpinToWinConclusion,每日登录、观看视频广告和完成季节性任务来赚取更多{TOKENS}。{PRIZES}每天都会变化，所以经常回来看看，抓住下次赢大奖的机会！
Message_Tutorial_SpinToWinConclusion_PC,每日登录和完成季节性任务来赚取更多{TOKENS}。{PRIZES}每天都会变化，所以经常回来看看，抓住下次赢大奖的机会！
Message_Tutorial_SpinToWinConclusion_Xbox,每日登录和完成季节性任务来赚取更多{TOKENS}。{PRIZES}每天都会变化，所以经常回来看看，抓住下次赢大奖的机会！
Message_Tutorial_SeasonalQuestDetails,完成{SEASONAL QUESTS}来赚取额外{TOKENS}和招募更多{SEASONAL DWELLERS}。
SpinToWin_FreeChip,免费代币倒计时
SpinToWin_Info_Heading,赚取代币方式：
SpinToWin_Title_Enclave,资本转盘
Shop_SeasonPass_EnclavePremium_Blurb,"赛季通行证的所有福利，外加：
  • 专属[-][F7C531]赛博狗宠物[-]和[-][F7C531]新服装[-]
  • [-][F7C531]额外[-]宠物、服装和武器
  • [-][F7C531]25枚徽章[-]可立即提升赛季等级"
Shop_SeasonPass_Enclave_Premium_Description,"将你的赛季通行证提升至下一等级。获取普通通行证的所有福利以及以下额外内容：25枚赛季徽章、全新电子狗宠物、新的英克雷军官制服、奥图姆制服、重型避难所服、变种猎人装备、龙之颚、2个宠物笼和5,000瓶盖。"
Shop_SeasonPass_Enclave_Blurb,"解锁所有赛季奖励：
- 新避难所外观 [-][F7C531]主题[-]
- 新英克雷避难所房间 [-][F7C531]主题[-]
- [-][F7C531]新居民[-] 和[-][F7C531]更多！[-]"
Shop_SeasonPass_Enclave_Description,使用此通行证充分享受赛季内容。解锁高级奖励轨道，包含避难所外观主题、两个英克雷房间主题、一位全新传说居民以及更多。你可以在所有避难所中领取奖励。
Enclave_IntroPopup_Title,“我们信黄金”赛季现已开启
Enclave_IntroPopup_Body,在本赛季的全新实验避难所中测试你作为监督者的实力！实验避难所引入了新的变化和独特奖励。赛季持续时间有限——不要错过！
Enclave_Title,避难所赛季：我们信黄金
Enclave_Description,废土的淘金热来了！寻找并交易金条，让我们光荣的避难所繁荣昌盛。但谁在敲打避难所大门？英克雷据说已经解散，但现在他们冲着我们的黄金来了。找出谁在控制英克雷残部，阻止他们的掠夺，监督者！
Enclave_SeasonEndPopup_Title,“我们信黄金”赛季已结束
SeasonPass_EndingSoon_Enclave,赛季通行证即将结束！完成挑战或使用量子可乐解锁奖励。
SeasonModal_Leaderboard_ScoreInfoPopup_ActionsList_Enclave,"• 建造房间
• 升级房间
• 获取居民
• 完成任务
• 造成暴击"
UI_Widget_Wave,波
UI_Widget_Title_RaidInfo,袭击信息
UI_Widget_NextRaidIn,下次袭击在
Objective_KillEnemiesInVault,在你的避难所中杀死一个敌人
Objective_KillEnemiesInVault_Plural,在你的避难所中杀死 {0} 个敌人
Objective_SpinToWinEnclave,从资本家转盘领取一份奖励
Objective_SpinToWinEnclave_Plural,从资本家转盘领取 {0} 份奖励
Message_PurchaseDenied,由于您的设备账户设置，目前无法进行购买。
Message_TutorialPopup_18_Body,"在午餐盒和废土中寻找垃圾。
在入侵期间和废土中寻找配方。
在工坊房间将垃圾变为武器和服装。
升级工坊以制作稀有和传奇物品。"
RecipeLoot_Raiders,入侵者身上有一张配方！
Tutorial_Tip_26,入侵期间，闪烁的资源条表示他们在偷你的资源！
Tutorial_Tip_34,升级你的避难所入口会使入侵者更难闯入。
Weapon_Name_EnclavePlasmaRifle,英克雷等离子步枪
Weapon_Description_EnclavePlasmaRifle,对于那些喜欢在把敌人变成一滩软泥时保持更时尚、更黑的造型的人。
Outfit_Name_OrionsExplorerGear,奥利安的探险装备
Outfit_Description_OrionsExplorerGear,没有什么比弹带和厚重皮革更能激发人对一位老人的礼貌了。
Message_Tutorial_ArrivalWidgetBuildOverseerRoom,每位{SEASONAL DWELLER}也会解锁一条新的{QUEST LINE}。解锁并建造一间{OVERSEER's OFFICE}来招募你的新居民！
CloudSaveNotEnabledWarning,云端存档当前未启用。是否要继续？
VaultTecWindow_Explanation_ExVault,1枚代币即可旋转转转赢转盘！
